run_id,sample_index,town,scenario,simlingo_idx,dreamer_idx,meta_best_idx,dreamer_same_as_simlingo,dreamer_same_as_meta_best,dreamer_score_delta_vs_simlingo,meta_score_delta_vs_simlingo,meta_risk_delta_vs_simlingo,meta_progress_delta_vs_simlingo,dreamer_best_risk,dreamer_best_progress
batch_town12_13_20260616_133533_r55_133533,0,Town12,CrossingBicycleFlow,0,6,0,0,0,0.02512668861511158,-0.40376004480361943,0.0,-0.26760003318786624,2.063686042674817e-05,0.02649555490419253
batch_town12_13_20260616_133533_r55_133533,1,Town12,CrossingBicycleFlow,0,6,0,0,0,0.025659707937530696,-0.5742543383121491,0.0,-0.4027278410196305,2.1063633539597504e-05,0.026743831828321518
batch_town12_13_20260616_133533_r55_133533,2,Town12,CrossingBicycleFlow,0,6,0,0,0,0.024998993908925682,-0.6046400000000001,0.0,-0.4164,2.201369898102712e-05,0.02690609090150531
batch_town12_13_20260616_133533_r55_133533,4,Town12,CrossingBicycleFlow,0,6,0,0,0,0.023309742888993012,-0.09377653931667634,0.0,-0.03798262171605654,1.2632905963982921e-05,0.024050317428798706
batch_town12_13_20260616_133533_r55_133533,5,Town12,CrossingBicycleFlow,0,6,0,0,0,0.023309742888993012,-0.09377653931667634,0.0,-0.03798262171605654,1.2632905963982921e-05,0.024050317428798706
batch_town12_13_20260616_133533_r55_133533,6,Town12,CrossingBicycleFlow,0,6,0,0,0,0.02370904848508082,-0.12587714748734535,0.0,-0.061760849990626164,2.5955376258934848e-05,0.024824233858879552
batch_town12_13_20260616_133533_r55_133533,7,Town12,CrossingBicycleFlow,0,6,0,0,0,0.02370904848508082,-0.12587714748734535,0.0,-0.061760849990626164,2.5955376258934848e-05,0.024824233858879552
batch_town12_13_20260616_133533_r55_133533,8,Town12,CrossingBicycleFlow,0,6,0,0,0,0.024642781213086273,-0.13688036463815445,0.0,-0.08065784037965665,2.5717317839735188e-05,0.024555115110182157
batch_town12_13_20260616_133533_r55_133533,10,Town12,CrossingBicycleFlow,0,6,0,0,0,0.023554627530368633,-0.11947013281795622,0.0,-0.057014913198486075,2.5772556909942068e-05,0.024634102778462008
batch_town12_13_20260616_133533_r55_133533,11,Town12,CrossingBicycleFlow,0,0,0,1,1,0.0,0.0,0.0,0.0,0.05278946831822395,0.0004249774765383574
batch_town12_13_20260616_133533_r55_133533,23,Town12,CrossingBicycleFlow,0,0,0,1,1,0.0,0.0,0.0,0.0,0.03462563827633858,0.002506878579545402
batch_town12_13_20260616_133533_r55_133533,24,Town12,CrossingBicycleFlow,0,1,0,0,0,0.0014014879843791128,-0.0008399999886751219,0.0,0.0,0.032551076263189316,0.0023619269017254307
batch_town12_13_20260616_133533_r55_133533,25,Town12,CrossingBicycleFlow,0,4,0,0,0,0.013891090221461566,-0.05439131617718995,-0.0026505642009043706,-0.03960505771636963,0.03141433373093605,0.007155222350461177
batch_town12_13_20260616_133533_r55_133533,27,Town12,CrossingBicycleFlow,0,2,0,0,0,0.019241890080884616,-0.011560965934768297,0.0,0.0,0.02915937453508377,0.005089392049119956
batch_town12_13_20260616_133533_r55_133533,28,Town12,CrossingBicycleFlow,0,1,0,0,0,0.0003894681126901389,-0.00019999999552966496,0.0,0.0,0.04190319776535034,0.0027066741009186823
batch_town12_13_20260616_133533_r55_133533,29,Town12,CrossingBicycleFlow,0,4,0,0,0,0.009323824536540348,-0.07543031908815867,-0.004398154784978459,-0.060008955001831066,0.0405203141272068,0.007117393914452652
batch_town12_13_20260616_133533_r55_133533,30,Town12,CrossingBicycleFlow,0,2,0,0,0,0.014359311891294857,-0.019297280557690588,-0.0008720083917783533,-0.011618382453918441,0.04254956543445587,0.005312514381837108
batch_town12_13_20260616_133533_r55_133533,32,Town12,CrossingBicycleFlow,0,0,0,1,1,0.0,0.0,0.0,0.0,0.057399675250053406,0.003992835821508667
batch_town12_13_20260616_133533_r55_133533,33,Town12,CrossingBicycleFlow,0,2,0,0,0,0.0007812974517591442,-0.0017521267384290606,0.0,0.0,0.07117215543985367,0.00195357285315656
batch_town12_13_20260616_133533_r55_133533,34,Town12,CrossingBicycleFlow,0,1,0,0,0,0.00010603856692115166,-0.00016000000759963662,0.0,0.0,0.07563614845275879,0.0024031511710526643
batch_town12_13_20260616_133533_r55_133533,35,Town12,CrossingBicycleFlow,0,1,0,0,0,0.0004461293758939999,-0.0005999999865889949,0.0,0.0,0.08009739220142365,0.0023494690045022804
batch_town12_13_20260616_133533_r55_133533,36,Town12,CrossingBicycleFlow,0,3,0,0,0,0.012529564817315209,-0.013569706641137658,0.0,0.0,0.07913298904895782,0.0007084315348373504
batch_town12_13_20260616_133533_r55_133533,38,Town12,CrossingBicycleFlow,0,2,0,0,0,0.00993075038271446,-0.008216076332419386,-0.00012449296708938462,-0.0012929577827452965,0.094676673412323,0.0018062667777252184
batch_town12_13_20260616_133533_r55_133533,39,Town12,CrossingBicycleFlow,0,2,0,0,0,0.0036812982884497636,-0.0012685620412230536,0.0,0.0,0.09731193631887436,0.0028634305428495987
batch_town12_13_20260616_133533_r55_133533,40,Town12,CrossingBicycleFlow,0,0,0,1,1,0.0,0.0,0.0,0.0,0.0953022763133049,0.003791874830474773
batch_town12_13_20260616_133533_r55_133533,41,Town12,CrossingBicycleFlow,0,0,0,1,1,0.0,0.0,0.0,0.0,0.09432245045900345,0.003338803755785713
batch_town12_13_20260616_133533_r55_133533,42,Town12,CrossingBicycleFlow,0,0,0,1,1,0.0,0.0,0.0,0.0,0.09882582724094391,0.003592985988403574
batch_town12_13_20260616_133533_r55_133533,44,Town12,CrossingBicycleFlow,0,2,0,0,0,0.009863670661787227,-0.007986688651144491,0.0,0.0,0.1258399933576584,0.0023482926250979475
batch_town12_13_20260616_133533_r55_133533,45,Town12,CrossingBicycleFlow,0,0,0,1,1,0.0,0.0,0.0,0.0,0.13982783257961273,0.0032834672881393856
batch_town12_13_20260616_133533_r55_133533,46,Town12,CrossingBicycleFlow,0,1,0,0,0,0.00021353349551378464,-8.000000379992933e-05,0.0,0.0,0.15360911190509796,0.0029538546192153237
batch_town12_13_20260616_133533_r55_133533,47,Town12,CrossingBicycleFlow,0,0,0,1,1,0.0,0.0,0.0,0.0,0.17015232145786285,0.0052100000619292874
batch_town12_13_20260616_133533_r55_133533,48,Town12,CrossingBicycleFlow,0,2,0,0,0,0.013113390999023034,-0.013478212207555629,0.0,0.0,0.12567351758480072,0.0035767388047437954
batch_town12_13_20260616_133533_r55_133533,50,Town12,CrossingBicycleFlow,0,0,0,1,1,0.0,0.0,0.0,0.0,0.16972871124744415,0.006080108404729279
batch_town12_13_20260616_133533_r55_133533,51,Town12,CrossingBicycleFlow,0,0,0,1,1,0.0,0.0,0.0,0.0,0.14562292397022247,0.006318756098749212
batch_town12_13_20260616_133533_r55_133533,52,Town12,CrossingBicycleFlow,0,0,0,1,1,0.0,0.0,0.0,0.0,0.15651637315750122,0.00696071201463333
batch_town12_13_20260616_133533_r55_133533,53,Town12,CrossingBicycleFlow,0,1,0,0,0,0.006664482053436949,-0.024231403861191714,-0.003345089365443976,-0.023980550193786643,0.15777310729026794,0.004354936677124943
batch_town12_13_20260616_133533_r55_133533,54,Town12,CrossingBicycleFlow,0,0,0,1,1,0.0,0.0,0.0,0.0,0.07797960937023163,0.005040722230876149
batch_town12_13_20260616_133533_r55_133533,56,Town12,CrossingBicycleFlow,0,0,0,1,1,0.0,0.0,0.0,0.0,0.09061279892921448,0.007212374798795995
batch_town12_13_20260616_133533_r55_133533,57,Town12,CrossingBicycleFlow,0,3,0,0,0,0.006647607061067262,-0.046014311737521796,-0.006562528111226318,-0.05400000000000005,0.11024921387434006,0.007725102037769105
batch_town12_13_20260616_133533_r55_133533,58,Town12,CrossingBicycleFlow,0,3,0,0,0,0.007913747758103717,-0.06942958863406234,-0.012209071720578779,-0.08640000000000003,0.1326076239347458,0.008441389174751013
batch_town12_13_20260616_133533_r55_133533,59,Town12,CrossingBicycleFlow,0,2,0,0,0,0.014968749238729373,-0.016257547345145618,-0.0011399820542407624,-0.007064526557922557,0.16181686520576477,0.007909859343649295
batch_town12_13_20260616_133533_r55_133533,61,Town12,CrossingBicycleFlow,0,1,0,0,0,0.006751752614195583,-0.03663999999105938,0.0,-0.032399999999999984,0.2869635820388794,0.0030308163527687504
batch_town12_13_20260616_133533_r55_133533,62,Town12,CrossingBicycleFlow,0,4,0,0,0,0.01536355496171149,-0.09683999999552961,0.0,-0.08640000000000003,0.3466193974018097,0.003281946291937732
batch_town12_13_20260616_133533_r55_133533,63,Town12,CrossingBicycleFlow,0,0,0,1,1,0.0,0.0,0.0,0.0,0.3602506220340729,0.0024640340025726126
batch_town12_13_20260616_133533_r55_133533,64,Town12,CrossingBicycleFlow,0,3,0,0,0,0.07620326558229684,-0.07803728389978393,0.0,-0.06485522689819323,0.445134699344635,0.003604427266074628
batch_town12_13_20260616_133533_r55_133533,65,Town12,CrossingBicycleFlow,0,4,0,0,0,0.16340238947207153,-0.20678687067218565,0.0,-0.16261195505576329,0.4841808080673218,0.002003441525813221
batch_town12_13_20260616_133533_r55_133533,67,Town12,CrossingBicycleFlow,0,0,0,1,1,0.0,0.0,0.0,0.0,0.5810352563858032,0.0007753843979294572
batch_town12_13_20260616_133533_r55_133533,68,Town12,CrossingBicycleFlow,0,4,0,0,0,0.04468705254687522,-0.1533451656583742,0.0,-0.12874756125361067,0.6849677562713623,0.002086861078481661
batch_town12_13_20260616_133533_r55_133533,69,Town12,CrossingBicycleFlow,0,3,0,0,0,0.04037007074413834,-0.13393506881060724,0.0,-0.06970835965697064,0.7013957500457764,0.0024181425636113363
batch_town12_13_20260616_133533_r55_133533,70,Town12,CrossingBicycleFlow,0,5,0,0,0,0.053576340649030385,-0.1589905522838459,0.0,-0.1262685786988062,0.591953456401825,0.0008597479009557762
batch_town12_13_20260616_133533_r55_133533,71,Town12,CrossingBicycleFlow,0,0,0,1,1,0.0,0.0,0.0,0.0,0.5619966983795166,0.0012308232147661968
batch_town12_13_20260616_133533_r55_133533,73,Town12,CrossingBicycleFlow,0,0,0,1,1,0.0,0.0,0.0,0.0,0.4862338900566101,0.00028801402544487154
batch_town12_13_20260616_133533_r55_133533,74,Town12,CrossingBicycleFlow,0,0,0,1,1,0.0,0.0,0.0,0.0,0.4340995252132416,0.00014673574729884287
batch_town12_13_20260616_133533_r55_133533,75,Town12,CrossingBicycleFlow,0,0,0,1,1,0.0,0.0,0.0,0.0,0.32550740242004395,0.0005262734636926059
batch_town12_13_20260616_133533_r55_133533,76,Town12,CrossingBicycleFlow,0,4,0,0,0,0.05899661086490493,-0.1424512854884058,0.0,-0.11308167703136915,0.3922765552997589,-0.0007615548256021398
batch_town12_13_20260616_133533_r55_133533,77,Town12,CrossingBicycleFlow,0,2,0,0,0,0.03932821043309598,-0.19755661820829612,0.0,-0.15723463411287542,0.20518532395362854,0.003640302436550946
batch_town12_13_20260616_133533_r55_133533,79,Town12,CrossingBicycleFlow,0,0,0,1,1,0.0,0.0,0.0,0.0,0.20656029880046844,0.00273824474538803
batch_town12_13_20260616_133533_r55_133533,80,Town12,CrossingBicycleFlow,0,4,0,0,0,0.12134481759409055,-0.15692573621496833,0.0,-0.11372388225738853,0.18385080993175507,0.0035879860481746184
batch_town12_13_20260616_133533_r55_133533,81,Town12,CrossingBicycleFlow,0,0,0,1,1,0.0,0.0,0.0,0.0,0.19668453931808472,0.0028197771465076626
batch_town12_13_20260616_133533_r55_133533,82,Town12,CrossingBicycleFlow,0,4,0,0,0,0.029023941876578307,-0.13734491898563916,0.0,-0.11618012702352776,0.1984877735376358,0.0024893016245481348
batch_town12_13_20260616_133533_r55_133533,83,Town12,CrossingBicycleFlow,0,2,0,0,0,0.07633128869315797,-0.07224485889547277,0.0,-0.05258882531761541,0.20095302164554596,0.0027241139583639717
batch_town12_13_20260616_133533_r55_133533,85,Town12,CrossingBicycleFlow,0,0,0,1,1,0.0,0.0,0.0,0.0,0.19739176332950592,0.00389280934457531
batch_town12_13_20260616_133533_r55_133533,86,Town12,CrossingBicycleFlow,0,0,0,1,1,0.0,0.0,0.0,0.0,0.2107274979352951,0.0027478861494600326
batch_town12_13_20260616_133533_r55_133533,87,Town12,CrossingBicycleFlow,0,4,0,0,0,0.0010737526823244026,-0.11748526803816586,0.0,-0.08465352804602097,0.22150130569934845,0.002141471977936238
batch_town12_13_20260616_133533_r55_133533,88,Town12,CrossingBicycleFlow,0,1,0,0,0,0.06483252507826165,-0.03991903418615653,0.0,-0.019103225251150657,0.20329196751117706,0.00252938177547285
batch_town12_13_20260616_133533_r55_133533,89,Town12,CrossingBicycleFlow,0,1,0,0,0,0.10806999179759069,-0.01439518491326236,0.0,-0.01633054875222595,0.17357125878334045,0.0036022013037723677
batch_town12_13_20260616_133533_r55_133533,91,Town12,CrossingBicycleFlow,0,0,0,1,1,0.0,0.0,0.0,0.0,0.19577059149742126,0.0015300620334246506
batch_town12_13_20260616_133533_r55_133533,92,Town12,CrossingBicycleFlow,0,3,0,0,0,0.024523313769269528,-0.05658895680637388,0.0,-0.05091190422266523,0.18841390311717987,0.0015636496226170138
batch_town12_13_20260616_133533_r55_133533,93,Town12,CrossingBicycleFlow,0,1,0,0,0,0.1403920486302201,-0.02324324964694069,0.0,-0.014408773233212685,0.14177261292934418,0.003891074273917494
batch_town12_13_20260616_133533_r55_133533,94,Town12,CrossingBicycleFlow,0,0,0,1,1,0.0,0.0,0.0,0.0,0.13813519477844238,0.004650479106048655
batch_town12_13_20260616_133533_r55_133533,96,Town12,CrossingBicycleFlow,0,0,0,1,1,0.0,0.0,0.0,0.0,0.13495992124080658,0.00413421523719304
batch_town12_13_20260616_133533_r55_133533,97,Town12,CrossingBicycleFlow,0,1,0,0,0,0.009772145308631075,-0.03661246128406234,0.0,-0.033343966636584926,0.14771007001399994,0.0018641449815435251
batch_town12_13_20260616_133533_r55_133533,98,Town12,CrossingBicycleFlow,0,0,0,1,1,0.0,0.0,0.0,0.0,0.12681257724761963,0.004094554900698322
batch_town12_13_20260616_133533_r55_133533,99,Town12,CrossingBicycleFlow,0,0,0,1,1,0.0,0.0,0.0,0.0,0.09579747915267944,0.004751066943142757
batch_town12_13_20260616_133533_r55_133533,100,Town12,CrossingBicycleFlow,0,1,0,0,0,0.09875978709588379,-0.034877459912223185,0.0,-0.02463714015610613,0.1060250923037529,0.0033596352793085482
batch_town12_13_20260616_133533_r55_133533,102,Town12,CrossingBicycleFlow,0,5,0,0,0,0.010943701095731173,-2.3348694329159683,1.0,0.122496716360087,0.990592896938324,0.0023973262107192528
batch_town12_13_20260616_133533_r55_133533,103,Town12,CrossingBicycleFlow,0,2,0,0,0,0.011690054448701526,-2.262024827770275,1.0,0.18014156761590194,0.9898890852928162,0.0031323563810571886
batch_town12_13_20260616_133533_r55_133533,104,Town12,CrossingBicycleFlow,0,1,0,0,0,0.00935425309042448,-2.1869493073490736,1.0,0.2340930894372289,0.9888443350791931,0.002719957205538026
batch_town12_13_20260616_133533_r55_133533,105,Town12,CrossingBicycleFlow,0,6,0,0,0,0.004893251116079078,-2.3901328732502276,1.0,0.0437698806007841,0.9901049733161926,0.002205288453589249
batch_town12_13_20260616_133533_r55_133533,106,Town12,CrossingBicycleFlow,0,1,0,0,0,0.014290687728820695,-2.126911003201206,1.0,0.2859364653744816,0.9881119728088379,0.0046438223831082315
batch_town12_13_20260616_133533_r55_133533,108,Town12,CrossingBicycleFlow,0,6,0,0,0,0.01343686220365381,-2.3304233881116136,1.0,0.12593823102666804,0.9867361187934875,0.003404985726085552
batch_town12_13_20260616_133533_r55_133533,109,Town12,CrossingBicycleFlow,0,6,0,0,0,0.007456261923303842,-2.4337751584091545,1.0,0.008515751392108528,0.9881322979927063,0.0033275780509047226
batch_town12_13_20260616_133533_r55_133533,110,Town12,CrossingBicycleFlow,0,6,0,0,0,0.005832869680016062,-2.4098686916177128,1.0,0.034523723813880025,0.9908080697059631,0.0015483177336792497
batch_town12_13_20260616_133533_r55_133533,111,Town12,CrossingBicycleFlow,0,6,0,0,0,0.011291961754795077,-2.432467507361316,1.0,0.009186194716453988,0.9901551008224487,0.0015433927101453637
batch_town12_13_20260616_133533_r55_133533,112,Town12,CrossingBicycleFlow,0,6,0,0,0,0.011718897667800876,-2.4372671572255395,1.0,0.004529653258728311,0.9894976615905762,0.0014227019143879804
batch_town12_13_20260616_133533_r55_133533,114,Town12,CrossingBicycleFlow,0,3,0,0,0,0.024166418588789762,-2.172771558734563,1.0,0.2495956730159805,0.9792962074279785,0.0020554812842930037
batch_town12_13_20260616_133533_r55_133533,115,Town12,CrossingBicycleFlow,0,6,0,0,0,0.021286789451036237,-2.2893008944735804,1.0,0.1582067447425496,0.9797667264938354,0.0011384799599645223
batch_town12_13_20260616_133533_r55_133533,116,Town12,CrossingBicycleFlow,0,2,0,0,0,0.03027184898881452,-2.09448066297448,1.0,0.31106486715449,0.9751928448677063,0.002427928931488299
batch_town12_13_20260616_133533_r55_133533,117,Town12,CrossingBicycleFlow,0,4,0,0,0,0.027135845203149822,-2.2627220086456687,1.0,0.17902073431888102,0.9755381941795349,0.0018177953333460284
batch_town12_13_20260616_133533_r55_133533,118,Town12,CrossingBicycleFlow,0,1,0,0,0,0.03171493053614882,-2.1823468299133215,1.0,0.24191561220438132,0.9726380109786987,0.0022923094390814303
batch_town12_13_20260616_133533_r55_133533,120,Town12,CrossingBicycleFlow,0,1,0,0,0,0.026921153238746998,-2.0236558164206944,1.0,0.36412555951227377,0.9760956764221191,0.003405600042985124
batch_town12_13_20260616_133533_r55_133533,121,Town12,CrossingBicycleFlow,0,1,0,0,0,0.03894883153247242,-1.8070573352650516,1.0,0.5272456501092648,0.9650142192840576,0.006585868578352638
batch_town12_13_20260616_133533_r55_133533,122,Town12,CrossingBicycleFlow,0,1,0,0,0,0.035519517973396475,-2.037427006314263,1.0,0.35491332879032245,0.9647313356399536,0.00526459035929272
batch_town12_13_20260616_133533_r55_133533,123,Town12,CrossingBicycleFlow,0,2,0,0,0,0.05142370774027416,-1.7662271383391834,1.0,0.5656391565456055,0.9522435665130615,0.0051825603240260865
batch_town12_13_20260616_133533_r55_133533,125,Town12,CrossingBicycleFlow,0,0,0,1,1,0.0,0.0,0.0,0.0,0.01320979930460453,0.0005782504794402676
batch_town12_13_20260616_133533_r55_133533,126,Town12,CrossingBicycleFlow,0,0,0,1,1,0.0,0.0,0.0,0.0,0.009977808222174644,0.0010248489389670379
batch_town12_13_20260616_133533_r55_133533,127,Town12,CrossingBicycleFlow,0,0,0,1,1,0.0,0.0,0.0,0.0,0.007676415611058474,0.0017482763861560446
batch_town12_13_20260616_133533_r55_133533,128,Town12,CrossingBicycleFlow,0,0,0,1,1,0.0,0.0,0.0,0.0,0.008296030573546886,0.002241568923385895
batch_town12_13_20260616_133533_r55_133533,129,Town12,CrossingBicycleFlow,0,0,0,1,1,0.0,0.0,0.0,0.0,0.00851049367338419,0.0014794782809135487
batch_town12_13_20260616_133533_r55_133533,131,Town12,CrossingBicycleFlow,0,0,0,1,1,0.0,0.0,0.0,0.0,0.010592849925160408,-0.00010316967848922332
batch_town12_13_20260616_133533_r55_133533,132,Town12,CrossingBicycleFlow,0,0,0,1,1,0.0,0.0,0.0,0.0,0.016138186678290367,0.00028654865488930703
batch_town12_13_20260616_133533_r55_133533,133,Town12,CrossingBicycleFlow,0,1,0,0,0,0.00023361381259134895,-0.2658284642840576,0.0,-0.19789975569168372,0.019877249374985695,0.0002976529947242845
batch_town12_13_20260616_133533_r55_133533,134,Town12,CrossingBicycleFlow,0,0,0,1,1,0.0,0.0,0.0,0.0,0.016486944630742073,0.0008043679816263083
batch_town12_13_20260616_133533_r55_133533,135,Town12,CrossingBicycleFlow,0,0,0,1,1,0.0,0.0,0.0,0.0,0.026213012635707855,0.0003693411548200132
batch_town12_13_20260616_133533_r55_133533,137,Town12,CrossingBicycleFlow,0,2,0,0,0,0.001272204375619257,-0.058814834334089516,0.0,-0.04663782432685237,0.03723907843232155,0.0008286348102015673
batch_town12_13_20260616_133533_r55_133533,138,Town12,CrossingBicycleFlow,0,1,0,0,0,0.14204153569336664,-0.13246305679318326,0.0,-0.14725118327315218,0.04866419732570648,0.0008331835646344654
batch_town12_13_20260616_133533_r55_133533,139,Town12,CrossingBicycleFlow,0,2,0,0,0,0.17962393140499255,-0.03337818118402336,0.0,-0.07043064415064104,0.0502953939139843,0.002155641347058257
batch_town12_13_20260616_133533_r55_133533,140,Town12,CrossingBicycleFlow,0,0,0,1,1,0.0,0.0,0.0,0.0,0.01723961904644966,-0.0023599736857757847
batch_town12_13_20260616_133533_r55_133533,141,Town12,CrossingBicycleFlow,0,4,0,0,0,0.012164262786337865,-0.3269502378272482,0.0,-0.2604246751590621,0.020104875788092613,-0.0018963517183365752
batch_town12_13_20260616_133533_r55_133533,143,Town12,CrossingBicycleFlow,0,0,0,1,1,0.0,0.0,0.0,0.0,0.03178589791059494,-0.005665800963277512
batch_town12_13_20260616_133533_r55_133533,144,Town12,CrossingBicycleFlow,0,1,0,0,0,0.006393071859989163,-0.09655432733814029,0.0,-0.08375876106538965,0.04631124064326286,-0.0012553030436297519
batch_town12_13_20260616_133533_r55_133533,145,Town12,CrossingBicycleFlow,0,0,0,1,1,0.0,0.0,0.0,0.0,0.05188627541065216,-0.004536256480034417
batch_town12_13_20260616_133533_r55_133533,146,Town12,CrossingBicycleFlow,0,2,0,0,0,0.008453934173152877,-0.11757117848741072,0.0,-0.10003790996065143,0.07093830406665802,-0.0002845838268519252
batch_town12_13_20260616_133533_r55_133533,147,Town12,CrossingBicycleFlow,0,3,0,0,0,0.0005340701963620909,-0.30249567219706053,0.0,-0.24366309207966058,0.08407176285982132,-0.0004038088774702686
batch_town12_13_20260616_133533_r55_133533,149,Town12,CrossingBicycleFlow,0,0,0,1,1,0.0,0.0,0.0,0.0,0.104256272315979,-0.0034837458376637542
batch_town12_13_20260616_133533_r55_133533,150,Town12,CrossingBicycleFlow,0,0,0,1,1,0.0,0.0,0.0,0.0,0.12054473906755447,-0.002762676018868593
batch_town12_13_20260616_133533_r55_133533,151,Town12,CrossingBicycleFlow,0,0,0,1,1,0.0,0.0,0.0,0.0,0.13012252748012543,0.0008027288043381819
batch_town12_13_20260616_133533_r55_133533,152,Town12,CrossingBicycleFlow,0,0,0,1,1,0.0,0.0,0.0,0.0,0.12301154434680939,0.0021561747539271536
batch_town12_13_20260616_133533_r55_133533,153,Town12,CrossingBicycleFlow,0,0,0,1,1,0.0,0.0,0.0,0.0,0.12498548626899719,0.0023436020908196298
batch_town12_13_20260616_133533_r55_133533,155,Town12,CrossingBicycleFlow,0,3,0,0,0,0.03311187367600171,-0.02998939162381009,0.0,-0.026329338669777158,0.1538255661725998,0.005183703178209376
batch_town12_13_20260616_133533_r55_133533,156,Town12,CrossingBicycleFlow,0,5,0,0,0,0.020466522154478417,-0.06234000005722096,0.0,-0.05400000000000027,0.15610532462596893,0.0030020219337269505
batch_town12_13_20260616_133533_r55_133533,157,Town12,CrossingBicycleFlow,0,3,0,0,0,0.019771381791492848,-0.06127999999523204,0.0,-0.05400000000000027,0.13144221901893616,0.004027343762299962
batch_town12_13_20260616_133533_r55_133533,158,Town12,CrossingBicycleFlow,0,2,0,0,0,0.04231767761281291,-0.010125481709837958,0.0,0.0,0.11134234815835953,0.006445766492319205
batch_town12_13_20260616_133533_r55_133533,160,Town12,CrossingBicycleFlow,0,4,0,0,0,0.015736818608544922,-0.06090000000745088,0.0,-0.05400000000000027,0.12214144319295883,0.004044702709714576
batch_town12_13_20260616_133533_r55_133533,161,Town12,CrossingBicycleFlow,0,2,0,0,0,0.019564045773092786,-0.003952117264270694,0.0,0.0,0.11378452926874161,0.00537242245350833
batch_town12_13_20260616_133533_r55_133533,162,Town12,CrossingBicycleFlow,0,5,0,0,0,0.020670160864784126,-0.061059999996423864,0.0,-0.05400000000000005,0.10314489901065826,0.004001892313483912
batch_town12_13_20260616_133533_r55_133533,163,Town12,CrossingBicycleFlow,0,5,0,0,0,0.01392814880135429,-0.06183999993801148,0.0,-0.05400000000000005,0.11134093999862671,0.003614956526629076
batch_town12_13_20260616_133533_r55_133533,164,Town12,CrossingBicycleFlow,0,2,0,0,0,0.0026597064011768534,-0.06042000000095027,0.0,-0.05400000000000027,0.11798708140850067,0.0026864861118064964
batch_town12_13_20260616_133533_r55_133533,166,Town12,CrossingBicycleFlow,0,0,0,1,1,0.0,0.0,0.0,0.0,0.07942593842744827,0.002472774346094664
batch_town12_13_20260616_133533_r55_133533,167,Town12,CrossingBicycleFlow,0,4,0,0,0,0.018540669856942138,-0.09693999999329472,0.0,-0.08640000000000025,0.06607192009687424,0.0032840527621113558
batch_town12_13_20260616_133533_r55_133533,168,Town12,CrossingBicycleFlow,0,2,0,0,0,0.014637487650352388,-0.09191112894282871,0.0,-0.08270453995367744,0.05587746948003769,0.0034354774765000262
batch_town12_13_20260616_133533_r55_133533,169,Town12,CrossingBicycleFlow,0,2,0,0,0,0.0008688695951944991,-0.017121906674153697,0.0,-0.015452002059711978,0.006152400281280279,0.003642517067703077
batch_town12_13_20260616_133533_r55_133533,170,Town12,CrossingBicycleFlow,0,0,0,1,1,0.0,0.0,0.0,0.0,0.005408161785453558,0.0024846609098720385
batch_town12_13_20260616_133533_r55_133533,172,Town12,CrossingBicycleFlow,0,0,0,1,1,0.0,0.0,0.0,0.0,0.00700049614533782,0.002299579167879262
batch_town12_13_20260616_133533_r55_133533,173,Town12,CrossingBicycleFlow,0,4,0,0,0,0.0016971238367513575,-0.06752000000189973,0.0,-0.06479999999999986,0.007952125743031502,0.002786411217086837
batch_town12_13_20260616_133533_r55_133533,174,Town12,CrossingBicycleFlow,0,0,0,1,1,0.0,0.0,0.0,0.0,0.008457710966467857,0.0022234098656679357
batch_town12_13_20260616_133533_r55_133533,175,Town12,CrossingBicycleFlow,0,3,0,0,0,0.001839072198878966,-0.06760000000104327,0.0,-0.06480000000000008,0.010190693661570549,0.0023114941063548944
batch_town12_13_20260616_133533_r55_133533,176,Town12,CrossingBicycleFlow,0,3,0,0,0,0.0011504815599993612,-0.06757999999776487,0.0,-0.06480000000000008,0.01347555685788393,0.0015034287737438756
batch_town12_13_20260616_133533_r55_133533,178,Town12,CrossingBicycleFlow,0,3,0,0,0,0.006463865428167959,-0.011806447468698078,0.0,0.0,0.013080236501991749,0.005383804172406803
batch_town12_13_20260616_133533_r55_133533,179,Town12,CrossingBicycleFlow,0,4,0,0,0,0.00807229926362496,-0.06197345485307282,0.0,-0.04881853870600472,0.010505341924726963,0.003041612972278729
batch_town12_13_20260616_133533_r55_133533,180,Town12,CrossingBicycleFlow,0,3,0,0,0,0.001584165127852366,-0.06760000000104305,0.0,-0.06479999999999986,0.015381048433482647,0.002774330057194019
batch_town12_13_20260616_133533_r55_133533,181,Town12,CrossingBicycleFlow,0,3,0,0,0,0.00449645511292035,-0.006902320757508296,0.0,0.0,0.016742082312703133,0.004828689254654961
batch_town12_13_20260616_133533_r55_133533,182,Town12,CrossingBicycleFlow,0,4,0,0,0,0.0018144913406117347,-0.025985000036954586,0.0,-0.024299999999999877,0.014587930403649807,0.0019132142930637919
batch_town12_13_20260616_133533_r55_133533,184,Town12,CrossingBicycleFlow,0,5,0,0,0,0.003912637659884144,-0.06762000000432128,0.0,-0.06480000000000008,0.020295176655054092,0.003218402138471299
batch_town12_13_20260616_133533_r55_133533,185,Town12,CrossingBicycleFlow,0,3,0,0,0,0.010576379057087304,-0.05183468400605018,0.0,-0.03773968328833588,0.01629657670855522,0.0033879113684663342
batch_town12_13_20260616_133533_r55_133533,186,Town12,CrossingBicycleFlow,0,4,0,0,0,0.0067111754606338225,-0.04569720600351712,0.0,-0.029411054420471316,0.016131175681948662,0.002959013008254352
batch_town12_13_20260616_133533_r55_133533,187,Town12,CrossingBicycleFlow,0,4,0,0,0,0.00784537827468934,-0.0377617543774843,0.0,-0.027053979027271247,0.01682015135884285,0.0027999746974374795
batch_town12_13_20260616_133533_r55_133533,189,Town12,CrossingBicycleFlow,0,4,0,0,0,0.012537162040025918,-0.05856436234146328,0.0,-0.047863584923744096,0.027240589261054993,0.00473880607682764
batch_town12_13_20260616_133533_r55_133533,190,Town12,CrossingBicycleFlow,0,3,0,0,0,0.00865312300033394,-0.05780946821153177,0.0,-0.054064999687671755,0.030217954888939857,0.003494637785908583
batch_town12_13_20260616_133533_r55_133533,191,Town12,CrossingBicycleFlow,0,4,0,0,0,0.008841455803321685,-0.03257228526597927,-6.273980683313418e-07,-0.02429999999999999,0.025477932766079903,0.0027375416522048
batch_town12_13_20260616_133533_r55_133533,192,Town12,CrossingBicycleFlow,0,3,0,0,0,0.009631623687272828,-0.06514050858230275,-0.0010842184068720062,-0.06479999999999997,0.03662705048918724,0.0031507583561589114
batch_town12_13_20260616_133533_r55_133533,193,Town12,CrossingBicycleFlow,0,4,0,0,0,0.011346903021234978,-0.039260980938619405,-0.0013662306973244998,-0.04050000000000009,0.04609483480453491,0.004038433493379401
batch_town12_13_20260616_133533_r55_133533,195,Town12,CrossingBicycleFlow,0,2,0,0,0,0.012689071128248686,-0.02063759103609425,-0.0011490458089187805,-0.016693623393774004,0.04062765836715698,0.003128784633973869
batch_town12_13_20260616_133533_r55_133533,196,Town12,CrossingBicycleFlow,0,4,0,0,0,0.019532512544625957,-0.034496619275255824,-0.0035281692133816156,-0.04050000000000009,0.06067223846912384,0.0040389421777389245
batch_town12_13_20260616_133533_r55_133533,197,Town12,CrossingBicycleFlow,0,3,0,0,0,0.025527267184667635,-0.040193453997376394,-0.005289995828518079,-0.049988518238067714,0.06941737979650497,0.0038753257545092734
batch_town12_13_20260616_133533_r55_133533,198,Town12,CrossingBicycleFlow,0,4,0,0,0,0.028443040034182354,-0.0329104831628681,-0.003145424082536319,-0.02515625703334823,0.06383286416530609,0.004752940047811238
batch_town12_13_20260616_133533_r55_133533,199,Town12,CrossingBicycleFlow,0,0,0,1,1,0.0,0.0,0.0,0.0,0.0727958157658577,0.003043219467158631
batch_town12_13_20260616_133533_r55_133533,201,Town12,CrossingBicycleFlow,0,4,0,0,0,0.02454423219731472,-0.04591235964831887,-0.010755665322554675,-0.058000584858656,0.08460211008787155,0.0033860267453559856
batch_town12_13_20260616_133533_r55_133533,202,Town12,CrossingBicycleFlow,0,3,0,0,0,0.02964067882632515,-0.03748768042064199,-0.013365475370292423,-0.06480000000000008,0.09721066057682037,0.0028587570521194094
batch_town12_13_20260616_133533_r55_133533,203,Town12,CrossingBicycleFlow,0,4,0,0,0,0.04030604235802682,-0.03446974056898483,-0.014715670857235574,-0.06480000000000008,0.11551833897829056,0.0030360474110019964
batch_town12_13_20260616_133533_r24_134043,0,Town12,HighwayCutIn,0,6,0,0,0,0.024602020390519952,-0.6046400000000002,0.0,-0.4164,1.887235885078553e-05,0.025422983069216087
batch_town12_13_20260616_133533_r24_134043,1,Town12,HighwayCutIn,0,6,0,0,0,0.019638001933187432,-0.3803524327356383,0.0,-0.2590967998518447,4.407497272040928e-06,0.018667103387866035
batch_town12_13_20260616_133533_r24_134043,2,Town12,HighwayCutIn,0,6,0,0,0,0.022647284781235122,-0.21157875882941035,0.0,-0.1252435250588225,9.893236892821733e-06,0.022248397105638418
batch_town12_13_20260616_133533_r24_134043,4,Town12,HighwayCutIn,0,6,0,0,0,0.024512218653717666,-0.11691383397857487,0.0,-0.05512135850264805,2.3580891138408333e-05,0.024756410276498997
batch_town12_13_20260616_133533_r24_134043,5,Town12,HighwayCutIn,0,6,0,0,0,0.023538650229986358,-0.12713337851939804,0.0,-0.06269139149585042,2.5517749236314557e-05,0.024036147685093212
batch_town12_13_20260616_133533_r24_134043,6,Town12,HighwayCutIn,0,6,0,0,0,0.023629637227669198,-0.12428288558444127,0.0,-0.06057991524773426,2.544865674281027e-05,0.024108166602397674
batch_town12_13_20260616_133533_r24_134043,7,Town12,HighwayCutIn,0,6,0,0,0,0.023629637227669198,-0.12428288558444127,0.0,-0.06057991524773426,2.544865674281027e-05,0.024108166602397674
batch_town12_13_20260616_133533_r24_134043,9,Town12,HighwayCutIn,0,6,0,0,0,0.023749741212881537,-0.11439026132720494,0.0,-0.05325204542755921,2.5249439204344526e-05,0.024196410977520344
batch_town12_13_20260616_133533_r24_134043,10,Town12,HighwayCutIn,0,0,0,1,1,0.0,0.0,0.0,0.0,0.05490550026297569,0.0007945909783362293
batch_town12_13_20260616_133533_r24_134043,22,Town12,HighwayCutIn,0,0,0,1,1,0.0,0.0,0.0,0.0,0.029367003589868546,0.0022802160115797943
batch_town12_13_20260616_133533_r24_134043,23,Town12,HighwayCutIn,0,0,0,1,1,0.0,0.0,0.0,0.0,0.030095290392637253,0.002081065710242802
batch_town12_13_20260616_133533_r24_134043,25,Town12,HighwayCutIn,0,4,0,0,0,0.0016241267840124696,-0.053214068696864486,-0.0027115628479948417,-0.039605057716369574,0.033668939024209976,0.006977466009735256
batch_town12_13_20260616_133533_r24_134043,26,Town12,HighwayCutIn,0,0,0,1,1,0.0,0.0,0.0,0.0,0.03405887633562088,0.002086583886709903
batch_town12_13_20260616_133533_r24_134043,27,Town12,HighwayCutIn,0,2,0,0,0,0.009151637715596017,-0.010760965831577762,0.0,0.0,0.03510236740112305,0.006020756402227212
batch_town12_13_20260616_133533_r24_134043,28,Town12,HighwayCutIn,0,0,0,1,1,0.0,0.0,0.0,0.0,0.038702547550201416,0.002516296544574359
batch_town12_13_20260616_133533_r24_134043,30,Town12,HighwayCutIn,0,2,0,0,0,0.003810892012166278,-0.02177821995034601,-0.0008893685845211968,-0.011618382453918441,0.04525734856724739,0.006284041762463
batch_town12_13_20260616_133533_r24_134043,31,Town12,HighwayCutIn,0,1,0,0,0,0.00011637546509302155,-0.00012000000104306352,0.0,0.0,0.05081954970955849,0.0033413018529828142
batch_town12_13_20260616_133533_r24_134043,32,Town12,HighwayCutIn,0,0,0,1,1,0.0,0.0,0.0,0.0,0.058444056659936905,0.002979958030570218
batch_town12_13_20260616_133533_r24_134043,33,Town12,HighwayCutIn,0,1,0,0,0,0.00019788362103567714,-0.00019999999552966496,0.0,0.0,0.062266215682029724,0.0032285097116783734
batch_town12_13_20260616_133533_r24_134043,35,Town12,HighwayCutIn,0,1,0,0,0,0.0002651985389690026,-0.00024000000208612704,0.0,0.0,0.07262831181287766,0.003457031103317465
batch_town12_13_20260616_133533_r24_134043,36,Town12,HighwayCutIn,0,1,0,0,0,7.141523810694217e-05,-8.000000379981831e-05,0.0,0.0,0.07915694266557693,0.003506177953617129
batch_town12_13_20260616_133533_r24_134043,37,Town12,HighwayCutIn,0,1,0,0,0,0.00014797100046703981,-0.00024000000208612704,0.0,0.0,0.08659293502569199,0.003778285316572594
batch_town12_13_20260616_133533_r24_134043,38,Town12,HighwayCutIn,0,0,0,1,1,0.0,0.0,0.0,0.0,0.08158127963542938,0.0037708296070792513
batch_town12_13_20260616_133533_r24_134043,39,Town12,HighwayCutIn,0,2,0,0,0,0.0075401356184262025,-0.0027314380183816045,0.0,0.0,0.07884063571691513,0.004644676433432027
batch_town12_13_20260616_133533_r24_134043,41,Town12,HighwayCutIn,0,1,0,0,0,0.0008055669099022444,-0.00024000000208612704,0.0,0.0,0.09832891076803207,0.003946608474815871
batch_town12_13_20260616_133533_r24_134043,42,Town12,HighwayCutIn,0,3,0,0,0,0.05305290708059851,-0.0128695441875607,0.0,0.0,0.1225651204586029,0.0019020530165405614
batch_town12_13_20260616_133533_r24_134043,43,Town12,HighwayCutIn,0,0,0,1,1,0.0,0.0,0.0,0.0,0.13633905351161957,0.004538499998177459
batch_town12_13_20260616_133533_r24_134043,44,Town12,HighwayCutIn,0,2,0,0,0,0.011038337626590067,-0.007146688262000711,0.0,0.0,0.14547742903232574,0.003142475940935474
batch_town12_13_20260616_133533_r24_134043,46,Town12,HighwayCutIn,0,0,0,1,1,0.0,0.0,0.0,0.0,0.1763613075017929,0.004973908150961659
batch_town12_13_20260616_133533_r24_134043,47,Town12,HighwayCutIn,0,3,0,0,0,0.0032731811596604654,-0.0016607883013783908,0.0,0.0,0.18203715980052948,0.004673328698044932
batch_town12_13_20260616_133533_r24_134043,48,Town12,HighwayCutIn,0,2,0,0,0,0.055318070675230036,-0.011438212040811857,0.0,0.0,0.16803932189941406,0.0039101926399158216
batch_town12_13_20260616_133533_r24_134043,49,Town12,HighwayCutIn,0,4,0,0,0,0.009058694377010346,-0.0404725960649176,-0.0041071697680486186,-0.032007863277196735,0.2584344446659088,0.005682957960616353
batch_town12_13_20260616_133533_r24_134043,51,Town12,HighwayCutIn,0,0,0,1,1,0.0,0.0,0.0,0.0,0.18654142320156097,0.00540951277277868
batch_town12_13_20260616_133533_r24_134043,52,Town12,HighwayCutIn,0,2,0,0,0,0.06553825862446083,-0.04439591404714795,-0.004700185213663555,-0.0333447298049927,0.231519415974617,0.004634004924802815
batch_town12_13_20260616_133533_r24_134043,53,Town12,HighwayCutIn,0,0,0,1,1,0.0,0.0,0.0,0.0,0.26424258947372437,0.0051992813557821815
batch_town12_13_20260616_133533_r24_134043,54,Town12,HighwayCutIn,0,2,0,0,0,0.058524423039528095,-0.018639383822131872,0.005057503921874762,0.0,0.2760755121707916,0.005520722673483247
batch_town12_13_20260616_133533_r24_134043,56,Town12,HighwayCutIn,0,0,0,1,1,0.0,0.0,0.0,0.0,0.33335477113723755,0.004397643501024673
batch_town12_13_20260616_133533_r24_134043,57,Town12,HighwayCutIn,0,0,0,1,1,0.0,0.0,0.0,0.0,0.3123032748699188,0.0041203357956809405
batch_town12_13_20260616_133533_r24_134043,58,Town12,HighwayCutIn,0,4,0,0,0,0.08917757781965441,-0.026080191543529585,0.008413650997073585,0.0,0.30289867520332336,0.004884638728158697
batch_town12_13_20260616_133533_r24_134043,59,Town12,HighwayCutIn,0,0,0,1,1,0.0,0.0,0.0,0.0,0.37218204140663147,0.0045390914654850345
batch_town12_13_20260616_133533_r24_134043,61,Town12,HighwayCutIn,0,0,0,1,1,0.0,0.0,0.0,0.0,0.46744245290756226,0.005273297177593728
batch_town12_13_20260616_133533_r24_134043,62,Town12,HighwayCutIn,0,0,0,1,1,0.0,0.0,0.0,0.0,0.48769956827163696,0.0052638014864936356
batch_town12_13_20260616_133533_r24_134043,63,Town12,HighwayCutIn,0,0,0,1,1,0.0,0.0,0.0,0.0,0.46931448578834534,0.005266154245302301
batch_town12_13_20260616_133533_r24_134043,64,Town12,HighwayCutIn,0,1,0,0,0,0.033083573115658016,-0.0166805515561001,-0.004184796044804706,-0.019436816239357224,0.5294804573059082,0.005070509296127623
batch_town12_13_20260616_133533_r24_134043,66,Town12,HighwayCutIn,0,0,0,1,1,0.0,0.0,0.0,0.0,0.5517921447753906,0.005526525720683351
batch_town12_13_20260616_133533_r24_134043,67,Town12,HighwayCutIn,0,4,0,0,0,0.02281828061263913,-0.040707747753951945,-0.010273191606377519,-0.045432321989536284,0.560095489025116,0.005846394911538377
batch_town12_13_20260616_133533_r24_134043,68,Town12,HighwayCutIn,0,0,0,1,1,0.0,0.0,0.0,0.0,0.5539223551750183,0.005480660596211218
batch_town12_13_20260616_133533_r24_134043,69,Town12,HighwayCutIn,0,1,0,0,0,0.009412667907854555,-0.005961596573514916,-0.0037390369524731293,-0.01622002515792831,0.5619274377822876,0.005614159524741202
batch_town12_13_20260616_133533_r24_134043,70,Town12,HighwayCutIn,0,3,0,0,0,0.04759904619802202,-0.039328869843390235,-0.011873861862660984,-0.05120213499069215,0.4739381670951843,0.006798876969943635
batch_town12_13_20260616_133533_r24_134043,72,Town12,HighwayCutIn,0,0,0,1,1,0.0,0.0,0.0,0.0,0.45458200573921204,0.005181719758707404
batch_town12_13_20260616_133533_r24_134043,73,Town12,HighwayCutIn,0,2,0,0,0,0.1437415499261927,-0.030088237919435046,-0.006586877380907519,-0.02814669799804692,0.40321412682533264,0.006880548154240884
batch_town12_13_20260616_133533_r24_134043,74,Town12,HighwayCutIn,0,0,0,1,1,0.0,0.0,0.0,0.0,0.5276265740394592,0.00594680950377513
batch_town12_13_20260616_133533_r24_134043,75,Town12,HighwayCutIn,0,3,0,0,0,0.08860694153244308,-0.0459108254658297,-0.011086229236231426,-0.0473038825035097,0.4848007261753082,0.006036102712628777
batch_town12_13_20260616_133533_r24_134043,77,Town12,HighwayCutIn,0,2,0,0,0,0.09160003226979319,-0.004508096873760303,0.0,0.0,0.4554806053638458,0.006096269808773203
batch_town12_13_20260616_133533_r24_134043,78,Town12,HighwayCutIn,0,5,0,0,0,0.07124967450237119,-0.05332365147527984,-0.016397864390227945,-0.07004383327960984,0.5057984590530396,0.005593732738663482
batch_town12_13_20260616_133533_r24_134043,79,Town12,HighwayCutIn,0,0,0,1,1,0.0,0.0,0.0,0.0,0.5176715850830078,0.005382328313513929
batch_town12_13_20260616_133533_r24_134043,80,Town12,HighwayCutIn,0,0,0,1,1,0.0,0.0,0.0,0.0,0.5243033766746521,0.005677478740830688
batch_town12_13_20260616_133533_r24_134043,82,Town12,HighwayCutIn,0,0,0,1,1,0.0,0.0,0.0,0.0,0.4572482705116272,0.0045605989248891365
batch_town12_13_20260616_133533_r24_134043,83,Town12,HighwayCutIn,0,2,0,0,0,0.018942572954995684,-0.002120527271181283,0.0,0.0,0.5380151271820068,0.0058580729259658515
batch_town12_13_20260616_133533_r24_134043,84,Town12,HighwayCutIn,0,5,0,0,0,0.01288496866793487,-0.057040607179210334,-0.016611225534366003,-0.0696878528594973,0.5407269597053528,0.0056154214964696525
batch_town12_13_20260616_133533_r24_134043,85,Town12,HighwayCutIn,0,2,0,0,0,0.02850546924362707,-0.010552657414745592,0.008402316839634771,0.01698068748757975,0.53624027967453,0.005632348174553714
batch_town12_13_20260616_133533_r24_134043,87,Town12,HighwayCutIn,0,3,0,0,0,0.09291384302236572,-0.013143743123082155,-0.0001660091201606262,0.0,0.5085180997848511,0.005226033358424642
batch_town12_13_20260616_133533_r24_134043,88,Town12,HighwayCutIn,0,3,0,0,0,0.07487423330123977,-0.04680835958928237,0.019005016868248514,0.0,0.519036591053009,0.005328253255720838
batch_town12_13_20260616_133533_r24_134043,89,Town12,HighwayCutIn,0,0,0,1,1,0.0,0.0,0.0,0.0,0.0536116398870945,0.001257377062750198
batch_town12_13_20260616_133533_r24_134043,90,Town12,HighwayCutIn,0,0,0,1,1,0.0,0.0,0.0,0.0,0.043037693947553635,0.0012714467926677742
batch_town12_13_20260616_133533_r24_134043,92,Town12,HighwayCutIn,0,0,0,1,1,0.0,0.0,0.0,0.0,0.05064444988965988,0.0013789782836444164
batch_town12_13_20260616_133533_r24_134043,93,Town12,HighwayCutIn,0,0,0,1,1,0.0,0.0,0.0,0.0,0.052923496812582016,0.0012336889656443528
batch_town12_13_20260616_133533_r24_134043,94,Town12,HighwayCutIn,0,4,0,0,0,0.012160748271985045,-0.020098250471055623,0.0,0.0,0.040498025715351105,0.006413835498546572
batch_town12_13_20260616_133533_r24_134043,95,Town12,HighwayCutIn,0,4,0,0,0,0.015098638089956207,-0.01610020026564607,0.0,0.0,0.03695076331496239,0.003667742923621098
batch_town12_13_20260616_133533_r24_134043,96,Town12,HighwayCutIn,0,5,0,0,0,0.01668495454184793,-0.020404275692999407,0.0,0.0,0.036046452820301056,0.006074911433592289
batch_town12_13_20260616_133533_r24_134043,98,Town12,HighwayCutIn,0,3,0,0,0,0.00951512901654289,-0.012359999995678717,0.0,0.0,0.04151628911495209,0.002505477824639335
batch_town12_13_20260616_133533_r24_134043,99,Town12,HighwayCutIn,0,5,0,0,0,0.031854343291712495,-0.025451421588659207,0.0,0.0,0.03471001982688904,0.00631791066384535
batch_town12_13_20260616_133533_r24_134043,100,Town12,HighwayCutIn,0,4,0,0,0,0.014083097129955757,-0.01664743149187431,0.0,0.0,0.04404899850487709,0.003956658736751217
batch_town12_13_20260616_133533_r24_134043,101,Town12,HighwayCutIn,0,3,0,0,0,0.009135727947143124,-0.012660000007599592,0.0,0.0,0.047571588307619095,0.0031669376465637833
batch_town12_13_20260616_133533_r24_134043,103,Town12,HighwayCutIn,0,0,0,1,1,0.0,0.0,0.0,0.0,0.049232177436351776,0.0013912453305868766
batch_town12_13_20260616_133533_r24_134043,104,Town12,HighwayCutIn,0,0,0,1,1,0.0,0.0,0.0,0.0,0.05675344169139862,0.0014217993555041275
batch_town12_13_20260616_133533_r24_134043,105,Town12,HighwayCutIn,0,0,0,1,1,0.0,0.0,0.0,0.0,0.06658898293972015,0.0014131867449471702
batch_town12_13_20260616_133533_r24_134043,106,Town12,HighwayCutIn,0,0,0,1,1,0.0,0.0,0.0,0.0,0.07499585300683975,0.001558835475791831
batch_town12_13_20260616_133533_r24_134043,108,Town12,HighwayCutIn,0,5,0,0,0,0.029644308398669716,-0.023233509846031675,0.0,0.0,0.04604129493236542,0.006441652067425974
batch_town12_13_20260616_133533_r24_134043,109,Town12,HighwayCutIn,0,1,0,0,0,0.010520533794188047,-0.006340154149734323,0.0,0.004385070998651486,0.06333015859127045,0.0029757412507423475
batch_town12_13_20260616_133533_r24_134043,110,Town12,HighwayCutIn,0,3,0,0,0,0.0013727140492182932,-0.006713255829736253,0.0,-0.00021934291251257676,0.06838913261890411,0.0003146386697057135
batch_town12_13_20260616_133533_r24_134043,111,Town12,HighwayCutIn,0,3,0,0,0,0.0171344600912256,-0.023503883622586708,0.0,-0.010651617050170925,0.054542358964681625,0.005792932859602695
batch_town12_13_20260616_133533_r24_134043,113,Town12,HighwayCutIn,0,1,0,0,0,0.0006284951650064041,-0.00024000000208612704,0.0,0.0,0.062185727059841156,0.0027756594539480317
batch_town12_13_20260616_133533_r24_134043,114,Town12,HighwayCutIn,0,2,0,0,0,0.020887326500174164,-0.010298053063452217,0.0,0.0,0.05919163301587105,0.006344071948347185
batch_town12_13_20260616_133533_r24_134043,115,Town12,HighwayCutIn,0,5,0,0,0,0.017620336691151206,-0.01920715900138026,0.0,0.0,0.07485353201627731,0.006535111768275925
batch_town12_13_20260616_133533_r24_134043,116,Town12,HighwayCutIn,0,5,0,0,0,0.019200113193915624,-0.023378232782706565,0.0,0.0,0.07681413739919662,0.0006258010422597327
batch_town12_13_20260616_133533_r24_134043,118,Town12,HighwayCutIn,0,4,0,0,0,0.02110974065165283,-0.01563623660709723,0.0,0.0,0.06339104473590851,0.003446352664893959
batch_town12_13_20260616_133533_r24_134043,119,Town12,HighwayCutIn,0,0,0,1,1,0.0,0.0,0.0,0.0,0.09515444934368134,0.0017075376238357975
batch_town12_13_20260616_133533_r24_134043,120,Town12,HighwayCutIn,0,5,0,0,0,0.056654299236789274,-0.022965321890078494,0.0,0.0,0.09493917226791382,0.0015861836280353092
batch_town12_13_20260616_133533_r24_134043,121,Town12,HighwayCutIn,0,0,0,1,1,0.0,0.0,0.0,0.0,0.11786769330501556,0.0020242056243104933
batch_town12_13_20260616_133533_r24_134043,123,Town12,HighwayCutIn,0,0,0,1,1,0.0,0.0,0.0,0.0,0.08639893680810928,0.0017367489542856607
batch_town12_13_20260616_133533_r24_134043,124,Town12,HighwayCutIn,0,0,0,1,1,0.0,0.0,0.0,0.0,0.11002706736326218,0.001927000463290529
batch_town12_13_20260616_133533_r24_134043,125,Town12,HighwayCutIn,0,0,0,1,1,0.0,0.0,0.0,0.0,0.12673985958099365,0.0020701466019363846
batch_town12_13_20260616_133533_r24_134043,126,Town12,HighwayCutIn,0,0,0,1,1,0.0,0.0,0.0,0.0,0.13905119895935059,0.0021504616067611337
batch_town12_13_20260616_133533_r24_134043,127,Town12,HighwayCutIn,0,5,0,0,0,0.021313523106932408,-0.025705597465857766,0.0,0.0,0.10191208869218826,0.0009332919348801205
batch_town12_13_20260616_133533_r24_134043,129,Town12,HighwayCutIn,0,4,0,0,0,0.004900871130468498,-0.043972077483087624,0.0,-0.032399999999999984,0.10151035338640213,0.00292517969230216
batch_town12_13_20260616_133533_r24_134043,130,Town12,HighwayCutIn,0,0,0,1,1,0.0,0.0,0.0,0.0,0.11990553140640259,0.004013685699621794
batch_town12_13_20260616_133533_r24_134043,131,Town12,HighwayCutIn,0,0,0,1,1,0.0,0.0,0.0,0.0,0.15528133511543274,0.0029065630808690623
batch_town12_13_20260616_133533_r24_134043,132,Town12,HighwayCutIn,0,4,0,0,0,0.002277038552159827,-0.043041549793960465,-0.002575265175619873,-0.030669696807861246,0.13338038325309753,0.004646470313695472
batch_town12_13_20260616_133533_r24_134043,134,Town12,HighwayCutIn,0,0,0,1,1,0.0,0.0,0.0,0.0,0.13284359872341156,0.00321781657085346
batch_town12_13_20260616_133533_r24_134043,135,Town12,HighwayCutIn,0,2,0,0,0,0.004864856277012886,-0.009188199393443952,-0.0007013207564782742,-0.00786005043983451,0.12425962090492249,0.002873404202464236
batch_town12_13_20260616_133533_r24_134043,136,Town12,HighwayCutIn,0,2,0,0,0,0.07255825407881011,-0.011743488986976525,0.0,0.0,0.09447591006755829,0.004866395014575309
batch_town12_13_20260616_133533_r24_134043,137,Town12,HighwayCutIn,0,2,0,0,0,0.04045234551216831,-0.006392877101898176,0.0,0.0,0.12357044219970703,0.004216914653130122
batch_town12_13_20260616_133533_r24_134043,139,Town12,HighwayCutIn,0,2,0,0,0,0.018095341728542325,-0.048713785080513716,-0.0052738732941058075,-0.05400000000000005,0.07785195857286453,0.0011277807321581346
batch_town12_13_20260616_133533_r24_134043,140,Town12,HighwayCutIn,0,3,0,0,0,0.017356548217760226,-0.04850127294186568,-0.005377212023850747,-0.05400000000000005,0.07937189936637878,0.0013183109312686625
batch_town12_13_20260616_133533_r24_134043,141,Town12,HighwayCutIn,0,1,0,0,0,9.19128601835073e-05,-0.0004800000041722541,0.0,0.0,0.10138779878616333,0.0010547590548901642
batch_town12_13_20260616_133533_r24_134043,142,Town12,HighwayCutIn,0,0,0,1,1,0.0,0.0,0.0,0.0,0.09052985161542892,0.0012849862996759942
batch_town12_13_20260616_133533_r24_134043,144,Town12,HighwayCutIn,0,1,0,0,0,0.030754639577139864,-0.014531565793461265,0.00557242953141826,0.0,0.08045461773872375,0.00144112186949652
batch_town12_13_20260616_133533_r24_134043,145,Town12,HighwayCutIn,0,0,0,1,1,0.0,0.0,0.0,0.0,0.0705895721912384,0.0014702064034399775
batch_town12_13_20260616_133533_r24_134043,146,Town12,HighwayCutIn,0,0,0,1,1,0.0,0.0,0.0,0.0,0.061003103852272034,0.0014751055807140645
batch_town12_13_20260616_133533_r24_134043,147,Town12,HighwayCutIn,0,0,0,1,1,0.0,0.0,0.0,0.0,0.06310056895017624,0.001475028791101618
batch_town12_13_20260616_133533_r24_134043,149,Town12,HighwayCutIn,0,0,0,1,1,0.0,0.0,0.0,0.0,0.08322089910507202,0.0013924078504026216
batch_town12_13_20260616_133533_r24_134043,150,Town12,HighwayCutIn,0,1,0,0,0,0.005264727909466416,-0.010042157007219998,-0.003607977811119323,-0.016166493146589467,0.08629243820905685,0.0016766919856829876
batch_town12_13_20260616_133533_r24_134043,151,Town12,HighwayCutIn,0,4,0,0,0,0.004546070463048002,-0.026074511349989615,-0.006646847234374809,-0.03972586490747987,0.08333495259284973,0.0015701589469598876
batch_town12_13_20260616_133533_r24_134043,152,Town12,HighwayCutIn,0,2,0,0,0,0.016108596113266982,-0.025318517384628425,-0.002385212108581336,-0.019080450439453278,0.07393348217010498,0.0016617835633641054
batch_town12_13_20260616_133533_r24_134043,153,Town12,HighwayCutIn,0,5,0,0,0,0.009658319082539668,-0.07206181509552456,-0.01096808217877332,-0.08639999999999981,0.07784528285264969,0.001237097675270027
batch_town12_13_20260616_133533_r24_134043,155,Town12,HighwayCutIn,0,0,0,1,1,0.0,0.0,0.0,0.0,0.09035748988389969,0.0013371241990263183
batch_town12_13_20260616_133533_r24_134043,156,Town12,HighwayCutIn,0,5,0,0,0,0.0039975969541230505,-0.07952452356277795,-0.012836197669378269,-0.0968926291465757,0.0955352708697319,0.0013313408174586705
batch_town12_13_20260616_133533_r24_134043,157,Town12,HighwayCutIn,0,2,0,0,0,0.002741002893511757,-0.026735420500653584,-0.004348702003550919,-0.032400000000000206,0.09235216677188873,0.0014315786062950586
batch_town12_13_20260616_133533_r24_134043,158,Town12,HighwayCutIn,0,1,0,0,0,0.01852999739039718,-0.022863400306949,-0.001864377343544693,-0.013708103799819904,0.08574312180280685,0.0018241284161637505
batch_town12_13_20260616_133533_r24_134043,160,Town12,HighwayCutIn,0,2,0,0,0,0.0043682521255536955,-0.05197463915513634,-0.005976145336107491,-0.04285915174484267,0.0951308086514473,0.000971780199680472
batch_town12_13_20260616_133533_r24_134043,161,Town12,HighwayCutIn,0,4,0,0,0,0.02672411479115344,-0.04338458506007914,-0.007624628864107724,-0.05400000000000005,0.10504931211471558,0.0012484222701885095
batch_town12_13_20260616_133533_r24_134043,162,Town12,HighwayCutIn,0,3,0,0,0,0.0031436503226409673,-0.02602784747267073,-0.004627623343492787,-0.032399999999999984,0.1310078203678131,0.0009876426861110676
batch_town12_13_20260616_133533_r24_134043,163,Town12,HighwayCutIn,0,4,0,0,0,0.006233263047556337,-0.04182203391768935,-0.007596950869547814,-0.052654625201225214,0.14879180490970612,0.0008363604070888986
batch_town12_13_20260616_133533_r24_134043,165,Town12,HighwayCutIn,0,4,0,0,0,0.008560378206918129,-0.04306584671840663,-0.007961845895512965,-0.05400000000000027,0.14703893661499023,0.0015114650876240088
batch_town12_13_20260616_133533_r24_134043,166,Town12,HighwayCutIn,0,3,0,0,0,0.027522686273118824,-0.04230107038910158,-0.008061746494577166,-0.05400000000000005,0.14271917939186096,0.001494147344391683
batch_town12_13_20260616_133533_r24_134043,167,Town12,HighwayCutIn,0,2,0,0,0,0.03990080109237776,-0.013939287895072816,-0.0009439132882006207,-0.006244800567626996,0.13934974372386932,0.0027106602309716066
batch_town12_13_20260616_133533_r24_134043,168,Town12,HighwayCutIn,0,3,0,0,0,0.03213276424858358,-0.04769826644784092,-0.008764563445025408,-0.057243288516998225,0.14513182640075684,0.0016477291913690184
batch_town12_13_20260616_133533_r24_134043,170,Town12,HighwayCutIn,0,5,0,0,0,0.02996041730191079,-0.041311748544967,-0.008492556202659207,-0.05400000000000005,0.1457659751176834,0.0016102191513145403
batch_town12_13_20260616_133533_r24_134043,171,Town12,HighwayCutIn,0,4,0,0,0,0.03497841961310133,-0.04127971319564616,-0.008604571913973236,-0.05400000000000005,0.14456045627593994,0.0014953192287943118
batch_town12_13_20260616_133533_r24_134043,172,Town12,HighwayCutIn,0,3,0,0,0,0.030992421413275073,-0.04107116664426447,-0.00872392593290211,-0.05400000000000005,0.1510595977306366,0.0015152539994771619
batch_town12_13_20260616_133533_r24_134043,173,Town12,HighwayCutIn,0,2,0,0,0,0.012443556454856397,-0.011446217224001742,0.0,0.0,0.196119487285614,0.0010271286539980107
batch_town12_13_20260616_133533_r24_134043,175,Town12,HighwayCutIn,0,5,0,0,0,0.4608826020904322,-0.02862589549275052,0.10250928688381261,0.15000000000000002,0.1734684854745865,0.001755519894110602
batch_town12_13_20260616_133533_r24_134043,176,Town12,HighwayCutIn,0,5,0,0,0,0.48204049185380926,-0.0336564318211261,0.10485174747512893,0.15000000000000002,0.16744308173656464,0.0017761635640205498
batch_town12_13_20260616_133533_r24_134043,177,Town12,HighwayCutIn,0,0,0,1,1,0.0,0.0,0.0,0.0,0.15996208786964417,0.001590593973874066
batch_town12_13_20260616_133533_r24_134043,178,Town12,HighwayCutIn,0,2,0,0,0,0.5263598244730243,-0.028805781693455934,0.10023145852915838,0.13649999999999998,0.15231844782829285,0.0017905960780340013
batch_town12_13_20260616_133533_r24_134043,180,Town12,HighwayCutIn,0,0,0,1,1,0.0,0.0,0.0,0.0,0.15790319442749023,0.0015838550298608034
batch_town12_13_20260616_133533_r24_134043,181,Town12,HighwayCutIn,0,3,0,0,0,0.5752524599075026,-0.0031948566298787284,0.08264438072054925,0.10410000000000003,0.14584101736545563,0.0016286426649660957
batch_town12_13_20260616_133533_r24_134043,182,Town12,HighwayCutIn,0,6,0,0,0,0.5877109338098307,-0.008300259461067494,0.08482455975862002,0.10410000000000003,0.1488480418920517,0.001532324143032282
batch_town12_13_20260616_133533_r24_134043,183,Town12,HighwayCutIn,0,5,0,0,0,0.5545185472790197,-0.013005120803150971,0.08693338702468234,0.10410000000000003,0.18157699704170227,0.0017592411936464547
batch_town12_13_20260616_133533_r24_134043,184,Town12,HighwayCutIn,0,6,0,0,0,0.5139608724934812,-0.017187823531849,0.08893458823591371,0.1041,0.21504482626914978,0.001795611563477184
batch_town12_13_20260616_133533_r24_134043,186,Town12,HighwayCutIn,0,6,0,0,0,0.49609801992536573,-0.02618221195574999,0.0924698719951681,0.10409999999999997,0.24495181441307068,0.0018601382493994567
batch_town12_13_20260616_133533_r24_134043,187,Town12,HighwayCutIn,0,6,0,0,0,0.48384127719373415,-0.02962238967327746,0.09406995095927839,0.10409999999999997,0.26082855463027954,0.0019200060533470786
batch_town12_13_20260616_133533_r24_134043,188,Town12,HighwayCutIn,0,6,0,0,0,0.2918129177936053,-0.018382681913598375,0.08423097262753343,0.0963981204986572,0.3680103123188019,0.0006871241030090847
batch_town12_13_20260616_133533_r24_134043,189,Town12,HighwayCutIn,0,0,0,1,1,0.0,0.0,0.0,0.0,0.38231825828552246,0.0010326018804480697
batch_town12_13_20260616_133533_r24_134043,191,Town12,HighwayCutIn,0,0,0,1,1,0.0,0.0,0.0,0.0,0.35259726643562317,0.0015207193596742385
batch_town12_13_20260616_133533_r24_134043,192,Town12,HighwayCutIn,0,0,0,1,1,0.0,0.0,0.0,0.0,0.36288315057754517,0.0014355402011303475
batch_town12_13_20260616_133533_r24_134043,193,Town12,HighwayCutIn,0,0,0,1,1,0.0,0.0,0.0,0.0,0.3778928220272064,0.001339844049640826
batch_town12_13_20260616_133533_r24_134043,194,Town12,HighwayCutIn,0,0,0,1,1,0.0,0.0,0.0,0.0,0.3684273958206177,0.0019769328151379995
batch_town12_13_20260616_133533_r24_134043,196,Town12,HighwayCutIn,0,0,0,1,1,0.0,0.0,0.0,0.0,0.35974761843681335,0.0010212240946760875
batch_town12_13_20260616_133533_r24_134043,197,Town12,HighwayCutIn,0,0,0,1,1,0.0,0.0,0.0,0.0,0.3674190938472748,0.0009725038949548459
batch_town12_13_20260616_133533_r24_134043,198,Town12,HighwayCutIn,0,0,0,1,1,0.0,0.0,0.0,0.0,0.5030648112297058,-0.0015219693943140378
batch_town12_13_20260616_133533_r24_134043,199,Town12,HighwayCutIn,0,5,0,0,0,0.009209702394195496,-0.030232851552963236,0.0,-0.018262899398803684,0.3884938359260559,-0.0007497487036260964
batch_town12_13_20260616_133533_r24_134043,201,Town12,HighwayCutIn,0,5,0,0,0,0.1412067881443948,-0.025609982717037183,0.0,-0.015003831267356882,0.32370525598526,0.003547962927584025
batch_town12_13_20260616_133533_r24_134043,202,Town12,HighwayCutIn,0,0,0,1,1,0.0,0.0,0.0,0.0,0.36964550614356995,-0.0005233242302820074
batch_town12_13_20260616_133533_r24_134043,203,Town12,HighwayCutIn,0,1,0,0,0,0.025388805505614842,-0.002639999985694863,0.0,0.0,0.3616410195827484,0.0023548362238288156
batch_town12_13_20260616_133533_r24_134043,204,Town12,HighwayCutIn,0,4,0,0,0,0.19341393124745565,-0.026584161457419375,0.0,-0.0075104863643646325,0.2543167769908905,0.005476569395493458
batch_town12_13_20260616_133533_r24_134043,206,Town12,HighwayCutIn,0,4,0,0,0,0.006245802245741672,-0.005985000005364505,0.0,-0.013500000000000012,0.36622801423072815,0.0012780439568356172
batch_town12_13_20260616_133533_r24_134043,207,Town12,HighwayCutIn,0,2,0,0,0,0.05112093267684292,-0.007461700159311302,0.0,-0.0015873001813888343,0.3194366991519928,0.003634214331326102
batch_town12_13_20260616_133533_r24_134043,208,Town12,HighwayCutIn,0,3,0,0,0,0.08846273839458241,-0.005268560647964493,0.0,0.0,0.3296905755996704,0.0032090971103601595
batch_town12_13_20260616_133533_r25_134553,0,Town12,VanillaSignalizedTurnEncounterRedLight,0,6,0,0,0,0.020492856811173965,-0.15150172876311907,0.0,-0.08475352041338102,1.097657786885975e-05,0.020274259782185666
batch_town12_13_20260616_133533_r25_134553,1,Town12,VanillaSignalizedTurnEncounterRedLight,0,6,0,0,0,0.01749154430483274,-0.19803527913365326,0.0,-0.12306879929461276,1.1544076187419705e-05,0.02058913914656557
batch_town12_13_20260616_133533_r25_134553,3,Town12,VanillaSignalizedTurnEncounterRedLight,0,6,0,0,0,0.018004919657506058,-0.11902914913887765,0.0,-0.05808425668871686,2.473247604939388e-06,0.01730072475649891
batch_town12_13_20260616_133533_r25_134553,4,Town12,VanillaSignalizedTurnEncounterRedLight,0,6,0,0,0,0.018995703715433576,-0.07630387784210599,0.0,-0.0250399095126711,5.669649453921011e-06,0.019504869818820936
batch_town12_13_20260616_133533_r25_134553,6,Town12,VanillaSignalizedTurnEncounterRedLight,0,6,0,0,0,0.018723444560356794,-0.05741034794697508,0.0,-0.0110447021829445,1.3181514987081755e-05,0.019394537005323897
batch_town12_13_20260616_133533_r25_134553,7,Town12,VanillaSignalizedTurnEncounterRedLight,0,6,0,0,0,0.018499625307830447,-0.059200266750578635,0.0,-0.012370567963391579,1.4069879398448393e-05,0.019176975926173512
batch_town12_13_20260616_133533_r25_134553,8,Town12,VanillaSignalizedTurnEncounterRedLight,0,6,0,0,0,0.01887178063025785,-0.06413281152792015,0.0,-0.026770764001705305,1.452684409741778e-05,0.01902353304966553
batch_town12_13_20260616_133533_r25_134553,10,Town12,VanillaSignalizedTurnEncounterRedLight,0,6,0,0,0,0.018411713422952003,-0.05791488710720095,0.0,-0.011418434894222923,1.4270362044044305e-05,0.019079470349206318
batch_town12_13_20260616_133533_r25_134553,11,Town12,VanillaSignalizedTurnEncounterRedLight,0,0,0,1,1,0.0,0.0,0.0,0.0,0.024359358474612236,-0.00010289810546959544
batch_town12_13_20260616_133533_r25_134553,13,Town12,VanillaSignalizedTurnEncounterRedLight,0,3,0,0,0,0.002994720993753086,-0.02399644914689799,0.0,-0.02371290593546952,0.017111362889409065,0.0011340102426449228
batch_town12_13_20260616_133533_r25_134553,14,Town12,VanillaSignalizedTurnEncounterRedLight,0,2,0,0,0,0.0025989178515291034,-0.019042091555679583,0.0,-0.018851350302891035,0.01699582114815712,0.0011079868048620156
batch_town12_13_20260616_133533_r25_134553,16,Town12,VanillaSignalizedTurnEncounterRedLight,0,2,0,0,0,0.0002256256646895327,-0.033077456846058576,0.0,-0.033386071776328415,0.016760844737291336,0.0010323829364067283
batch_town12_13_20260616_133533_r25_134553,17,Town12,VanillaSignalizedTurnEncounterRedLight,0,3,0,0,0,0.00015336169311463976,-0.032112854775169744,0.0,-0.03249585202870122,0.016723887994885445,0.0010962065291457712
batch_town12_13_20260616_133533_r25_134553,18,Town12,VanillaSignalizedTurnEncounterRedLight,0,2,0,0,0,0.0006002027873617255,-0.03573786947374944,0.0,-0.03623479711969255,0.01659983955323696,0.0010191886080710422
batch_town12_13_20260616_133533_r25_134553,20,Town12,VanillaSignalizedTurnEncounterRedLight,0,0,0,1,1,0.0,0.0,0.0,0.0,0.02309819869697094,-0.00030751320512845126
batch_town12_13_20260616_133533_r25_134553,23,Town12,VanillaSignalizedTurnEncounterRedLight,0,1,0,0,0,0.0022516633820772736,-0.0049778393440791865,0.0,0.00030165365939163746,0.01984119787812233,0.0018390433936934514
batch_town12_13_20260616_133533_r25_134553,25,Town12,VanillaSignalizedTurnEncounterRedLight,0,0,0,1,1,0.0,0.0,0.0,0.0,0.02095460146665573,0.0013410067567483086
batch_town12_13_20260616_133533_r25_134553,26,Town12,VanillaSignalizedTurnEncounterRedLight,0,2,0,0,0,0.008114750441430063,-0.017860208583056716,0.0,-0.008868192895827326,0.02187151089310646,0.0020965152183918256
batch_town12_13_20260616_133533_r25_134553,27,Town12,VanillaSignalizedTurnEncounterRedLight,0,1,0,0,0,0.0003663818551038478,-0.006987432020761394,0.0,-0.004840692162409094,0.022072570398449898,0.003353087560159451
batch_town12_13_20260616_133533_r25_134553,29,Town12,VanillaSignalizedTurnEncounterRedLight,0,0,0,1,1,0.0,0.0,0.0,0.0,0.021061593666672707,0.00164771214782089
batch_town12_13_20260616_133533_r25_134553,30,Town12,VanillaSignalizedTurnEncounterRedLight,0,0,0,1,1,0.0,0.0,0.0,0.0,0.026549698784947395,0.003623330808449843
batch_town12_13_20260616_133533_r25_134553,32,Town12,VanillaSignalizedTurnEncounterRedLight,0,0,0,1,1,0.0,0.0,0.0,0.0,0.03694988042116165,0.004381942272780215
batch_town12_13_20260616_133533_r25_134553,33,Town12,VanillaSignalizedTurnEncounterRedLight,0,2,0,0,0,0.014907224298625288,-0.07019703790033743,0.0,-0.05038659671563342,0.0451413057744503,0.004314677007069667
batch_town12_13_20260616_133533_r25_134553,34,Town12,VanillaSignalizedTurnEncounterRedLight,0,0,0,1,1,0.0,0.0,0.0,0.0,0.04936480522155762,0.0019004366888444313
batch_town12_13_20260616_133533_r25_134553,36,Town12,VanillaSignalizedTurnEncounterRedLight,0,0,0,1,1,0.0,0.0,0.0,0.0,0.04851976037025452,0.0041669268629283
batch_town12_13_20260616_133533_r25_134553,37,Town12,VanillaSignalizedTurnEncounterRedLight,0,0,0,1,1,0.0,0.0,0.0,0.0,0.05053126811981201,0.004041772155895185
batch_town12_13_20260616_133533_r25_134553,39,Town12,VanillaSignalizedTurnEncounterRedLight,0,2,0,0,0,0.03101836750288589,-0.06799240303504941,0.0,-0.058589167984683416,0.05492250248789787,0.00230544308489411
batch_town12_13_20260616_133533_r25_134553,40,Town12,VanillaSignalizedTurnEncounterRedLight,0,0,0,1,1,0.0,0.0,0.0,0.0,0.058595169335603714,0.004377360742293224
batch_town12_13_20260616_133533_r25_134553,41,Town12,VanillaSignalizedTurnEncounterRedLight,0,4,0,0,0,0.00010847613116515831,-0.08226646459826581,0.0,-0.06551234291091929,0.0637122094631195,0.004718529498723534
batch_town12_13_20260616_133533_r25_134553,43,Town12,VanillaSignalizedTurnEncounterRedLight,0,0,0,1,1,0.0,0.0,0.0,0.0,0.06115071475505829,0.0015771127145962627
batch_town12_13_20260616_133533_r25_134553,44,Town12,VanillaSignalizedTurnEncounterRedLight,0,0,0,1,1,0.0,0.0,0.0,0.0,0.060673657804727554,0.0015439191872199665
batch_town12_13_20260616_133533_r25_134553,46,Town12,VanillaSignalizedTurnEncounterRedLight,0,6,0,0,0,0.009281689881976307,-1.9022424495827244,0.8233244095260481,0.07878072413952,0.9849883317947388,0.0015437073602646567
batch_town12_13_20260616_133533_r25_134553,47,Town12,VanillaSignalizedTurnEncounterRedLight,0,6,0,0,0,0.006592681188868577,-1.4315049232750543,0.6350071168652403,0.08553545839761938,0.9849684834480286,0.0012851563605738026
batch_town12_13_20260616_133533_r25_134553,49,Town12,VanillaSignalizedTurnEncounterRedLight,0,6,0,0,0,0.006042597155573093,-0.4507787333564098,0.2129412370535788,0.03187730315265157,0.9844085574150085,0.0001948802122184734
batch_town12_13_20260616_133533_r25_134553,50,Town12,VanillaSignalizedTurnEncounterRedLight,0,6,0,0,0,0.011423435929710068,-0.8381139844261878,0.36552859653303893,0.06060251775451598,0.9834669232368469,0.000953404258130286
batch_town12_13_20260616_133533_r25_134553,51,Town12,VanillaSignalizedTurnEncounterRedLight,0,0,0,1,1,0.0,0.0,0.0,0.0,0.9860978126525879,0.00176348897025691
batch_town12_13_20260616_133533_r25_134553,53,Town12,VanillaSignalizedTurnEncounterRedLight,0,0,0,1,1,0.0,0.0,0.0,0.0,0.9874269962310791,0.0016195874840330138
batch_town12_13_20260616_133533_r25_134553,54,Town12,VanillaSignalizedTurnEncounterRedLight,0,0,0,1,1,0.0,0.0,0.0,0.0,0.9880595803260803,0.001501454344245312
batch_town12_13_20260616_133533_r25_134553,56,Town12,VanillaSignalizedTurnEncounterRedLight,0,0,0,1,1,0.0,0.0,0.0,0.0,0.9892534613609314,0.0017172593760632626
batch_town12_13_20260616_133533_r25_134553,57,Town12,VanillaSignalizedTurnEncounterRedLight,0,0,0,1,1,0.0,0.0,0.0,0.0,0.9898866415023804,0.0017075733965576934
batch_town12_13_20260616_133533_r32_135104,0,Town12,Accident,0,6,0,0,0,0.01739004004260547,-0.3243800239467621,0.0,-0.20880001773834228,1.3051600035396405e-05,0.01689269996680487
batch_town12_13_20260616_133533_r32_135104,1,Town12,Accident,0,6,0,0,0,0.013934251913449991,-0.574254338312149,0.0,-0.4027278410196304,0.0007396148284897208,0.014957611472323329
batch_town12_13_20260616_133533_r32_135104,3,Town12,Accident,0,6,0,0,0,0.011710327133191978,-0.36886076622094155,0.0,-0.24174871571921597,0.0002300671476405114,0.01009895588943266
batch_town12_13_20260616_133533_r32_135104,4,Town12,Accident,0,6,0,0,0,0.011710327133191978,-0.36886076622094155,0.0,-0.24174871571921597,0.0002300671476405114,0.01009895588943266
batch_town12_13_20260616_133533_r32_135104,6,Town12,Accident,0,6,0,0,0,0.01037075135167842,-0.11696796976413339,0.0,-0.05516145908454325,0.0007691459613852203,0.012467403003213029
batch_town12_13_20260616_133533_r32_135104,7,Town12,Accident,0,6,0,0,0,0.009271431440117217,-0.1271163584138187,0.0,-0.06267878401023608,0.0008130391943268478,0.011771847937841251
batch_town12_13_20260616_133533_r32_135104,9,Town12,Accident,0,6,0,0,0,0.009648180722881206,-0.12424324772410002,0.0,-0.060550553869703705,0.0008111908682622015,0.011935841332515906
batch_town12_13_20260616_133533_r32_135104,10,Town12,Accident,0,6,0,0,0,0.010327758757077588,-0.11956163797537235,0.0,-0.05708269479657211,0.0007991292513906956,0.012228192497521384
batch_town12_13_20260616_133533_r32_135104,12,Town12,Accident,0,6,0,0,0,0.010317052612480504,-0.10930889575142927,0.0,-0.049488070926984644,0.0007964084506966174,0.012202962802122741
batch_town12_13_20260616_133533_r32_135104,27,Town12,Accident,0,0,0,1,1,0.0,0.0,0.0,0.0,0.021756375208497047,0.0010016989310235314
batch_town12_13_20260616_133533_r32_135104,29,Town12,Accident,0,2,0,0,0,0.0017277709175529399,-0.014748400598764422,0.0,0.0,0.021511152386665344,-0.001710334313645312
batch_town12_13_20260616_133533_r32_135104,30,Town12,Accident,0,1,0,0,0,0.00011074706385039157,-0.0005999999865889949,0.0,0.0,0.024596981704235077,0.0010768143426269638
batch_town12_13_20260616_133533_r32_135104,32,Town12,Accident,0,1,0,0,0,5.0397889177711264e-05,-0.0002800000086426446,0.0,0.0,0.02735237590968609,0.0014367937447306023
batch_town12_13_20260616_133533_r32_135104,33,Town12,Accident,0,2,0,0,0,0.0008979411902603207,-0.0014321267977356889,0.0,0.0,0.028888311237096786,0.0018504595742716567
batch_town12_13_20260616_133533_r32_135104,35,Town12,Accident,0,1,0,0,0,0.0002541393517749846,-0.00019999999552966496,0.0,0.0,0.034407489001750946,0.0028617027765695524
batch_town12_13_20260616_133533_r32_135104,36,Town12,Accident,0,3,0,0,0,0.009458507054498855,-0.013769707456231184,0.0,0.0,0.031461622565984726,0.0006939939639469817
batch_town12_13_20260616_133533_r32_135104,38,Town12,Accident,0,2,0,0,0,0.01105856623303153,-0.008050647354058693,-9.135012430958045e-05,-0.0012929577827452965,0.04074960947036743,0.002273414137542673
batch_town12_13_20260616_133533_r32_135104,39,Town12,Accident,0,1,0,0,0,7.187251895590663e-05,-4.000000189985364e-05,0.0,0.0,0.050389524549245834,0.0036247610618045933
batch_town12_13_20260616_133533_r32_135104,41,Town12,Accident,0,2,0,0,0,0.010945182654381547,-0.005935198552906473,0.0,0.0,0.05148536339402199,0.0029403018144937287
batch_town12_13_20260616_133533_r32_135104,42,Town12,Accident,0,3,0,0,0,0.022165278305069425,-0.01298954435158517,0.0,0.0,0.050133928656578064,0.00231494214724548
batch_town12_13_20260616_133533_r32_135104,44,Town12,Accident,0,2,0,0,0,0.005583496628186746,-0.007386688590049761,0.0,0.0,0.0603582002222538,0.002435269924792316
batch_town12_13_20260616_133533_r32_135104,45,Town12,Accident,0,2,0,0,0,0.00034703093714250066,-0.0007047818228602676,0.0,0.0,0.0691746324300766,0.003765152232635127
batch_town12_13_20260616_133533_r32_135104,47,Town12,Accident,0,3,0,0,0,0.002440939729608127,-0.0010607882030307936,0.0,0.0,0.08788436651229858,0.0046822016441172565
batch_town12_13_20260616_133533_r32_135104,48,Town12,Accident,0,2,0,0,0,0.028385463493496577,-0.012118212617933777,0.0,0.0,0.07332628220319748,0.003977438380462717
batch_town12_13_20260616_133533_r32_135104,50,Town12,Accident,0,3,0,0,0,0.035406251424165314,-0.012694107610732308,0.0,0.0,0.08245143294334412,0.004817992274349425
batch_town12_13_20260616_133533_r32_135104,51,Town12,Accident,0,0,0,1,1,0.0,0.0,0.0,0.0,0.11402981728315353,0.004813297806944616
batch_town12_13_20260616_133533_r32_135104,53,Town12,Accident,0,2,0,0,0,0.021501362570069515,-0.004695165418088454,0.0,0.0,0.12584282457828522,0.005312555960602872
batch_town12_13_20260616_133533_r32_135104,54,Town12,Accident,0,0,0,1,1,0.0,0.0,0.0,0.0,0.14080587029457092,0.004876636875958296
batch_town12_13_20260616_133533_r32_135104,56,Town12,Accident,0,2,0,0,0,0.047207193596346064,-0.04006549138734905,-0.0034929832327249,-0.03212939643859869,0.14088810980319977,0.004081904280277104
batch_town12_13_20260616_133533_r32_135104,57,Town12,Accident,0,2,0,0,0,0.003013100195722096,-0.000566642028279496,0.0,0.0,0.1811051368713379,0.005808273925835605
batch_town12_13_20260616_133533_r32_135104,59,Town12,Accident,0,5,0,0,0,0.14120664418243623,-0.042415173928044725,0.009101189086625633,0.0006647884602344334,0.1623995304107666,0.007324065477391173
batch_town12_13_20260616_133533_r32_135104,60,Town12,Accident,0,0,0,1,1,0.0,0.0,0.0,0.0,0.22812606394290924,0.005303772727272893
batch_town12_13_20260616_133533_r32_135104,62,Town12,Accident,0,0,0,1,1,0.0,0.0,0.0,0.0,0.2353615015745163,0.003538851465483772
batch_town12_13_20260616_133533_r32_135104,63,Town12,Accident,0,5,0,0,0,0.13235452219654187,-0.03657917886375105,0.0060383600104543245,0.0,0.21186242997646332,0.0033061284178246275
batch_town12_13_20260616_133533_r32_135104,65,Town12,Accident,0,5,0,0,0,0.08202322420615121,-0.024116856415069554,0.0030949333874148444,0.0,0.24036955833435059,0.002508046062592195
batch_town12_13_20260616_133533_r32_135104,66,Town12,Accident,0,3,0,0,0,0.06023395893833383,-0.012320000007748577,0.0,0.0,0.277159720659256,0.003682733660658688
batch_town12_13_20260616_133533_r32_135104,68,Town12,Accident,0,5,0,0,0,0.07094669930712483,-0.03251028810532641,0.008573461393920345,0.0,0.33340907096862793,0.004001405354965959
batch_town12_13_20260616_133533_r32_135104,69,Town12,Accident,0,0,0,1,1,0.0,0.0,0.0,0.0,0.28709477186203003,0.007646302784977355
batch_town12_13_20260616_133533_r32_135104,71,Town12,Accident,0,0,0,1,1,0.0,0.0,0.0,0.0,0.349413126707077,0.006565688268201697
batch_town12_13_20260616_133533_r32_135104,72,Town12,Accident,0,5,0,0,0,0.2034563659291062,-0.07009754449062777,0.021673534578452447,0.0,0.15987245738506317,0.008850929529186313
batch_town12_13_20260616_133533_r32_135104,74,Town12,Accident,0,0,0,1,1,0.0,0.0,0.0,0.0,0.47944140434265137,0.00634572011563872
batch_town12_13_20260616_133533_r32_135104,75,Town12,Accident,0,0,0,1,1,0.0,0.0,0.0,0.0,0.48494091629981995,0.006429763537085353
batch_town12_13_20260616_133533_r32_135104,77,Town12,Accident,0,5,0,0,0,0.24365662809878907,-0.05335232086675479,0.013201877839905674,0.0,0.2311597466468811,0.010603477128211303
batch_town12_13_20260616_133533_r32_135104,78,Town12,Accident,0,6,0,0,0,0.14918393926053497,-0.39197482903327696,-0.10498413056759404,-0.4163999999999999,0.4432680308818817,0.002740484005403665
batch_town12_13_20260616_133533_r32_135104,79,Town12,Accident,0,1,0,0,0,0.1545685668210064,-0.012999999523162664,0.0,0.0,0.3893544673919678,0.010149324631028911
batch_town12_13_20260616_133533_r32_135104,81,Town12,Accident,0,2,0,0,0,0.3059820788947549,-0.018431459069252032,0.0,0.0,0.3744811415672302,0.0117009138142814
batch_town12_13_20260616_133533_r32_135104,82,Town12,Accident,0,6,0,0,0,0.1189979856000003,-0.43166402384634406,-0.16802092347709974,-0.6000000000000001,0.6325665712356567,0.0010116836408506913
batch_town12_13_20260616_133533_r32_135104,84,Town12,Accident,0,6,0,0,0,0.10331385017324357,-0.4164019739955771,-0.17439912268055346,-0.6000000000000001,0.670329213142395,0.0009089511260684802
batch_town12_13_20260616_133533_r32_135104,85,Town12,Accident,0,6,0,0,0,0.13529943340648098,-0.40967870944692275,-0.1772983513542743,-0.6000000000000001,0.6847394108772278,0.0015216269754350087
batch_town12_13_20260616_133533_r32_135104,87,Town12,Accident,0,6,0,0,0,0.13755832315938288,-0.3974608107618738,-0.18283519523177993,-0.6,0.70855712890625,0.0012523304868785612
batch_town12_13_20260616_133533_r32_135104,88,Town12,Accident,0,6,0,0,0,0.10432409119490216,-0.39321160100867614,-0.18523928844058846,-0.6000000000000001,0.7213206887245178,0.0006186062301569706
batch_town12_13_20260616_133533_r32_135104,90,Town12,Accident,0,6,0,0,0,0.1840837922665688,-0.3440617648971289,-0.17303325400215863,-0.5346122862428994,0.7178770303726196,0.0017868980026736203
batch_town12_13_20260616_133533_r32_135104,91,Town12,Accident,0,6,0,0,0,0.1810885632028807,-0.2668632025489679,-0.1756323784206586,-0.48180448442617274,0.7271892428398132,0.0013838791465441425
batch_town12_13_20260616_133533_r32_135104,93,Town12,Accident,0,6,0,0,0,0.15320734674928937,-0.28757417774669647,-0.13748314574888054,-0.4008344665457909,0.7480915784835815,0.009918372941801756
batch_town12_13_20260616_133533_r32_135104,94,Town12,Accident,0,6,0,0,0,0.09773718966062872,-0.2578143353045004,-0.13895571301306742,-0.3858623478157468,0.7513340711593628,-0.004319582414553658
batch_town12_13_20260616_133533_r32_135104,96,Town12,Accident,0,6,0,0,0,0.1327932746342304,-0.3240903053641129,-0.12900726134618967,-0.4163999999999999,0.7472220659255981,-0.005352015382645625
batch_town12_13_20260616_133533_r32_135104,97,Town12,Accident,0,6,0,0,0,0.1559541539664544,-0.353664618058237,-0.11567211385619514,-0.4163999999999999,0.7450577616691589,-0.005108921944648515
batch_town12_13_20260616_133533_r32_135104,99,Town12,Accident,0,6,0,0,0,0.08924214342636438,-0.3751214243022525,-0.12649258300323507,-0.46581334018707266,0.7693042755126953,-0.0011021680747385076
batch_town12_13_20260616_133533_r32_135104,100,Town12,Accident,0,1,0,0,0,0.10252585893651012,-0.3295934297459968,-0.11198233512535571,-0.40032743682861316,0.7692070007324219,-0.0022675392198978628
batch_town12_13_20260616_133533_r32_135104,102,Town12,Accident,0,1,0,0,0,0.15899895900544658,-0.3591410890725102,-0.10896840484990689,-0.4163999999999999,0.7678698301315308,-0.0011466783307803041
batch_town12_13_20260616_133533_r32_135104,103,Town12,Accident,0,6,0,0,0,0.20410629133370994,-0.38604614645524493,-0.10255137685286275,-0.4164,0.7505170106887817,-0.006404728300092977
batch_town12_13_20260616_133533_r32_135104,105,Town12,Accident,0,5,0,0,0,0.09871338389491924,-0.463001480199968,-0.06470332625787556,-0.4163999999999999,0.7778998017311096,0.012204706113617014
batch_town12_13_20260616_133533_r32_135104,106,Town12,Accident,0,2,0,0,0,0.11355828815229385,-0.49941451144722515,-0.040555762596406586,-0.39934178009033194,0.7686349749565125,0.008683842449588752
batch_town12_13_20260616_133533_r32_135104,108,Town12,Accident,0,6,0,0,0,0.14796736962381507,-0.6173536132866144,0.0,-0.4164,0.7507256269454956,0.007858623066724135
batch_town12_13_20260616_133533_r32_135104,109,Town12,Accident,0,5,0,0,0,0.1435949857845169,-0.6138950969123842,0.0,-0.4164000000000001,0.7518993616104126,0.009702382865746983
batch_town12_13_20260616_133533_r32_135104,111,Town12,Accident,0,6,0,0,0,0.16473363658488172,-0.6134711300426723,0.0,-0.4164000000000001,0.7391340136528015,0.009210867914399401
batch_town12_13_20260616_133533_r32_135104,112,Town12,Accident,0,5,0,0,0,0.14438800438780008,-0.6073606387042999,0.0,-0.41633415069580076,0.7599247694015503,0.01249510120371422
batch_town12_13_20260616_133533_r32_135104,114,Town12,Accident,0,6,0,0,0,0.1463050470288445,-0.5862344418176992,0.0,-0.3934133867208592,0.7206766605377197,0.012762187462474373
batch_town12_13_20260616_133533_r32_135104,115,Town12,Accident,0,5,0,0,0,0.15684227607295154,-0.36411242664747123,0.0,-0.23594502034667597,0.6919346451759338,0.009097416318886609
batch_town12_13_20260616_133533_r32_135104,117,Town12,Accident,0,2,0,0,0,0.09672485317065949,-0.013390485886484393,0.0,0.0,0.5321676135063171,0.006219459825478113
batch_town12_13_20260616_133533_r32_135104,118,Town12,Accident,0,2,0,0,0,0.12382581638701673,-0.08220206534727259,0.0,-0.033674361401257576,0.6009585857391357,0.010858795472509897
batch_town12_13_20260616_133533_r32_135104,120,Town12,Accident,0,0,0,1,1,0.0,0.0,0.0,0.0,0.5361913442611694,0.00129186833457684
batch_town12_13_20260616_133533_r32_135104,121,Town12,Accident,0,2,0,0,0,0.10097256270613242,-0.0550830606110394,0.0,-0.03958912968635564,0.45175355672836304,0.005274964448642505
batch_town12_13_20260616_133533_r32_135104,123,Town12,Accident,0,0,0,1,1,0.0,0.0,0.0,0.0,0.45382046699523926,0.0025249090614854475
batch_town12_13_20260616_133533_r32_135104,124,Town12,Accident,0,0,0,1,1,0.0,0.0,0.0,0.0,0.4558725953102112,0.00215726629017432
batch_town12_13_20260616_133533_r32_135104,126,Town12,Accident,0,2,0,0,0,0.055751510244383296,-0.041213566105067684,0.0,-0.03307065296173095,0.41010069847106934,0.004171811056863373
batch_town12_13_20260616_133533_r32_135104,127,Town12,Accident,0,4,0,0,0,0.10259448574527741,-0.06777772825956338,0.0,-0.05471403121948237,0.38258102536201477,0.004749869212480329
batch_town12_13_20260616_133533_r32_135104,129,Town12,Accident,0,3,0,0,0,0.031007267685164264,-0.006871020904183366,0.0,-0.008349386215209975,0.39431801438331604,0.003310400682829784
batch_town12_13_20260616_133533_r32_135104,130,Town12,Accident,0,3,0,0,0,0.06578507271691802,-0.08669066706299773,0.0,-0.0716641330718994,0.3711416721343994,0.004997688208310702
batch_town12_13_20260616_133533_r32_135104,132,Town12,Accident,0,4,0,0,0,0.09021323449420593,-0.0419558961868286,0.0,-0.030669696807861357,0.3568806052207947,0.00590981826183401
batch_town12_13_20260616_133533_r32_135104,133,Town12,Accident,0,1,0,0,0,0.006002733569324681,-0.0007599999755621423,0.0,0.0,0.38521304726600647,0.004571028452593273
batch_town12_13_20260616_133533_r32_135104,135,Town12,Accident,0,4,0,0,0,0.08919807388103917,-0.6052185470828415,0.0,-0.41640000000000005,0.471708208322525,0.01516333271698489
batch_town12_13_20260616_133533_r32_135104,136,Town12,Accident,0,1,0,0,0,0.027719744931550938,-0.5286783163332941,0.0,-0.36495780029296887,0.4532000720500946,0.013083269180039103
batch_town12_13_20260616_133533_r32_135104,138,Town12,Accident,0,5,0,0,0,0.05245651205016011,-0.09015391518920651,0.0,-0.06493257522583007,0.26564258337020874,0.006288817701773697
batch_town12_13_20260616_133533_r32_135104,139,Town12,Accident,0,0,0,1,1,0.0,0.0,0.0,0.0,0.3346526026725769,0.0029351992383925274
batch_town12_13_20260616_133533_r32_135104,141,Town12,Accident,0,0,0,1,1,0.0,0.0,0.0,0.0,0.3936888873577118,0.0028859397321126523
batch_town12_13_20260616_133533_r32_135104,142,Town12,Accident,0,0,0,1,1,0.0,0.0,0.0,0.0,0.3082347810268402,0.0029296246871123865
batch_town12_13_20260616_133533_r32_135104,143,Town12,Accident,0,0,0,1,1,0.0,0.0,0.0,0.0,0.3016006350517273,0.0032618143967009794
batch_town12_13_20260616_133533_r32_135104,145,Town12,Accident,0,2,0,0,0,0.003770417122411107,-0.006593455549966154,-0.0019469780644263412,-0.01172334337234493,0.2641334533691406,0.0026090567107840967
batch_town12_13_20260616_133533_r32_135104,146,Town12,Accident,0,2,0,0,0,0.03438224945255408,-0.011272491316036137,-0.0031677058281563975,-0.01849103879928582,0.26806315779685974,0.004235866329481919
batch_town12_13_20260616_133533_r32_135104,148,Town12,Accident,0,2,0,0,0,0.01013589272463622,-0.013911015391349757,0.0,0.0,0.2856175899505615,-0.001215577716902061
batch_town12_13_20260616_133533_r32_135104,149,Town12,Accident,0,0,0,1,1,0.0,0.0,0.0,0.0,0.26810428500175476,0.003236260405658553
batch_town12_13_20260616_133533_r32_135104,151,Town12,Accident,0,1,0,0,0,0.014626525469282337,-0.011720000505447414,0.0,0.0,0.26768314838409424,-0.0011941815087901375
batch_town12_13_20260616_133533_r32_135104,152,Town12,Accident,0,0,0,1,1,0.0,0.0,0.0,0.0,0.2869262397289276,0.00011474781683795676
batch_town12_13_20260616_133533_r32_135104,154,Town12,Accident,0,1,0,0,0,0.012944789781562216,-0.001233486174542886,-0.0015474440277729595,-0.0069028294086456166,0.1969480812549591,0.0018170798789081122
batch_town12_13_20260616_133533_r32_135104,155,Town12,Accident,0,0,0,1,1,0.0,0.0,0.0,0.0,0.28184160590171814,0.003286355139442587
batch_town12_13_20260616_133533_r32_135104,157,Town12,Accident,0,0,0,1,1,0.0,0.0,0.0,0.0,0.2760562598705292,0.003703668850158326
batch_town12_13_20260616_133533_r32_135104,158,Town12,Accident,0,0,0,1,1,0.0,0.0,0.0,0.0,0.24018587172031403,0.003113844933934795
batch_town12_13_20260616_133533_r32_135104,160,Town12,Accident,0,3,0,0,0,0.050206110194510156,-0.15678440505488006,0.0,-0.12353428951180484,0.13085655868053436,0.0008108317940769272
batch_town12_13_20260616_133533_r32_135104,161,Town12,Accident,0,0,0,1,1,0.0,0.0,0.0,0.0,0.09203335642814636,0.0017569410638160754
batch_town12_13_20260616_133533_r32_135104,163,Town12,Accident,0,1,0,0,0,0.05341104828898602,-0.023589110056987272,0.0,-0.020395968508890305,0.08261416852474213,0.0012452126516799833
batch_town12_13_20260616_133533_r32_135104,164,Town12,Accident,0,3,0,0,0,0.1065210697811747,-0.10095236093708423,0.0,-0.08159138803797411,0.10737752169370651,0.00022562976970985638
batch_town12_13_20260616_133533_r32_135104,169,Town12,Accident,0,5,0,0,0,0.06016528566460866,-0.21724013928165514,0.0,-0.17655170540449416,0.13578136265277863,0.0009185114328180699
batch_town12_13_20260616_133533_r32_135104,170,Town12,Accident,0,0,0,1,1,0.0,0.0,0.0,0.0,0.08166798949241638,0.0040132603600855354
batch_town12_13_20260616_133533_r32_135104,172,Town12,Accident,0,0,0,1,1,0.0,0.0,0.0,0.0,0.1080780103802681,0.003539406691840108
batch_town12_13_20260616_133533_r32_135104,173,Town12,Accident,0,3,0,0,0,0.026240959553113452,-0.06024837001293443,0.0,-0.048070064842918314,0.16227507591247559,0.002070311418665538
batch_town12_13_20260616_133533_r32_135104,175,Town12,Accident,0,3,0,0,0,0.020053168755509443,-0.11494802024492429,0.0,-0.0909723305129439,0.17890088260173798,0.001785584338425572
batch_town12_13_20260616_133533_r32_135104,176,Town12,Accident,0,0,0,1,1,0.0,0.0,0.0,0.0,0.09856303781270981,0.004009243326895895
batch_town12_13_20260616_133533_r32_135104,178,Town12,Accident,0,5,0,0,0,0.0680135120621177,-0.27529306661393693,0.0,-0.19047294725464048,0.05784594640135765,0.010596894947382474
batch_town12_13_20260616_133533_r32_135104,179,Town12,Accident,0,0,0,1,1,0.0,0.0,0.0,0.0,0.2463674247264862,0.004015978150490929
batch_town12_13_20260616_133533_r32_135104,181,Town12,Accident,0,0,0,1,1,0.0,0.0,0.0,0.0,0.1953040510416031,0.007701590931355362
batch_town12_13_20260616_133533_r32_135104,182,Town12,Accident,0,0,0,1,1,0.0,0.0,0.0,0.0,0.3306412398815155,0.0050068346003200315
batch_town12_13_20260616_133533_r32_135104,184,Town12,Accident,0,1,0,0,0,0.02329030995245507,-0.014281588311853888,-0.0008220281135343649,-0.01232756532666568,0.3120914101600647,0.007257086955331005
batch_town12_13_20260616_133533_r32_135104,185,Town12,Accident,0,5,0,0,0,0.14209549995814186,-0.296222077799251,-0.0004331188884699397,-0.21375591418408924,0.2819523215293884,0.009707289160107102
batch_town12_13_20260616_133533_r32_135104,187,Town12,Accident,0,3,0,0,0,0.027129096368669003,-0.05339635429115441,-0.0011346910806437974,-0.046740873813629236,0.5400089025497437,0.007390706874323527
batch_town12_13_20260616_133533_r32_135104,188,Town12,Accident,0,2,0,0,0,0.016617639034944842,-0.006639999747276137,0.0,0.0,0.561854898929596,0.00592574967162407
batch_town12_13_20260616_133533_r32_135104,190,Town12,Accident,0,4,0,0,0,0.0701699795853592,-0.09324164400015356,-0.001729838530602032,-0.06188182210922255,0.4845893383026123,0.009654014399909094
batch_town12_13_20260616_133533_r32_135104,191,Town12,Accident,0,4,0,0,0,0.041473184206515246,-0.02087421596050265,0.0,0.0,0.492590069770813,0.007049881985523587
batch_town12_13_20260616_133533_r32_135104,193,Town12,Accident,0,4,0,0,0,0.021094479435474822,-0.2334691406973468,0.00023297494487706238,-0.17901762053370474,0.43217477202415466,0.006502843649375478
batch_town12_13_20260616_133533_r32_135104,194,Town12,Accident,0,1,0,0,0,0.035185395516552864,-0.10709194476828565,0.000735896689695717,-0.07818045988678934,0.4123441278934479,0.006494951175549879
batch_town12_13_20260616_133533_r32_135104,196,Town12,Accident,0,0,0,1,1,0.0,0.0,0.0,0.0,0.37594074010849,0.006369881498965668
batch_town12_13_20260616_133533_r32_135104,197,Town12,Accident,0,1,0,0,0,0.029454020753631127,-0.1582216627594646,0.00547414248505429,-0.09894806742668161,0.36919161677360535,0.006587178871349408
batch_town12_13_20260616_133533_r32_135104,199,Town12,Accident,0,0,0,1,1,0.0,0.0,0.0,0.0,0.34960129857063293,0.006217624741032379
batch_town12_13_20260616_133533_r32_135104,200,Town12,Accident,0,1,0,0,0,0.03628174534781747,-0.0012363439711795543,0.0009943998814894717,0.0,0.3358760178089142,0.0062838548453088006
batch_town12_13_20260616_133533_r32_135104,202,Town12,Accident,0,1,0,0,0,0.04866243906231049,-0.018678227127735036,0.005150746014060403,0.0,0.31525710225105286,0.006293336676820305
batch_town12_13_20260616_133533_r32_135104,203,Town12,Accident,0,0,0,1,1,0.0,0.0,0.0,0.0,0.3108958601951599,0.006371544649596217
batch_town12_13_20260616_133533_r32_135104,205,Town12,Accident,0,0,0,1,1,0.0,0.0,0.0,0.0,0.2850115895271301,0.006573806241279456
batch_town12_13_20260616_133533_r32_135104,206,Town12,Accident,0,0,0,1,1,0.0,0.0,0.0,0.0,0.2925281822681427,0.006412498610123052
batch_town12_13_20260616_133533_r32_135104,208,Town12,Accident,0,1,0,0,0,0.62284283829779,-0.02774280380312233,0.060177293049045066,0.07057489300957709,0.24697841703891754,0.006264289226640907
batch_town12_13_20260616_133533_r32_135104,209,Town12,Accident,0,4,0,0,0,0.016599147866023234,-0.02997008619476768,0.0037153659910821313,0.0,0.20704463124275208,0.004852988671992575
batch_town12_13_20260616_133533_r113_135614,0,Town12,PedestrianCrossing,0,6,0,0,0,0.02078038706252605,-0.09350710837493735,0.0,-0.03778304324069433,1.2677173799602315e-05,0.021140653380660623
batch_town12_13_20260616_133533_r113_135614,1,Town12,PedestrianCrossing,0,6,0,0,0,0.021175107311512065,-0.13769830981842257,0.0,-0.07935300509835154,2.3763997887726873e-05,0.020928490798556965
batch_town12_13_20260616_133533_r113_135614,2,Town12,PedestrianCrossing,0,6,0,0,0,0.01997757288794655,-0.12430760155045749,0.0,-0.06059822337070925,2.3688922738074325e-05,0.02061068069306593
batch_town12_13_20260616_133533_r113_135614,3,Town12,PedestrianCrossing,0,6,0,0,0,0.01997757288794655,-0.12430760155045749,0.0,-0.06059822337070925,2.3688922738074325e-05,0.02061068069306593
batch_town12_13_20260616_133533_r113_135614,4,Town12,PedestrianCrossing,0,6,0,0,0,0.020126586112417355,-0.11454261477615767,0.0,-0.05336489983419085,2.3668217181693763e-05,0.02071915707085914
batch_town12_13_20260616_133533_r113_135614,5,Town12,PedestrianCrossing,0,6,0,0,0,0.020126586112417355,-0.11454261477615767,0.0,-0.05336489983419085,2.3668217181693763e-05,0.02071915707085914
batch_town12_13_20260616_133533_r113_135614,6,Town12,PedestrianCrossing,0,6,0,0,0,0.02009811180812604,-0.10494193648712118,0.0,-0.04625328628675642,2.3614129531779326e-05,0.020678609158819583
batch_town12_13_20260616_133533_r113_135614,7,Town12,PedestrianCrossing,0,6,0,0,0,0.02009811180812604,-0.10494193648712118,0.0,-0.04625328628675642,2.3614129531779326e-05,0.020678609158819583
batch_town12_13_20260616_133533_r113_135614,23,Town12,PedestrianCrossing,0,0,0,1,1,0.0,0.0,0.0,0.0,0.03161732852458954,0.0013566310080885824
batch_town12_13_20260616_133533_r113_135614,24,Town12,PedestrianCrossing,0,0,0,1,1,0.0,0.0,0.0,0.0,0.033118560910224915,0.0010363149391474646
batch_town12_13_20260616_133533_r113_135614,25,Town12,PedestrianCrossing,0,3,0,0,0,0.00515420245547471,-0.050618795162964275,-0.0025850178650006356,-0.03960505771636963,0.033726178109645844,0.004556026946280767
batch_town12_13_20260616_133533_r113_135614,26,Town12,PedestrianCrossing,0,0,0,1,1,0.0,0.0,0.0,0.0,0.03457490727305412,0.0009407796712606054
batch_town12_13_20260616_133533_r113_135614,27,Town12,PedestrianCrossing,0,2,0,0,0,0.012155860071598523,-0.008240965381264675,0.0,0.0,0.03247418627142906,0.0039556945588856696
batch_town12_13_20260616_133533_r113_135614,28,Town12,PedestrianCrossing,0,0,0,1,1,0.0,0.0,0.0,0.0,0.04015348479151726,0.0020425175120863948
batch_town12_13_20260616_133533_r113_135614,29,Town12,PedestrianCrossing,0,4,0,0,0,0.0059793057635708635,-0.07655483490559911,-0.003951703000583229,-0.060008955001831066,0.04072153568267822,0.006390782133139705
batch_town12_13_20260616_133533_r113_135614,30,Town12,PedestrianCrossing,0,2,0,0,0,0.00999335247631411,-0.02216876131976081,-0.0007691280487921448,-0.01161838245391833,0.041108425706624985,0.00517475138231549
batch_town12_13_20260616_133533_r113_135614,31,Town12,PedestrianCrossing,0,0,0,1,1,0.0,0.0,0.0,0.0,0.04919971525669098,0.002575704734597728
batch_town12_13_20260616_133533_r113_135614,32,Town12,PedestrianCrossing,0,0,0,1,1,0.0,0.0,0.0,0.0,0.05350346490740776,0.002885689791288726
batch_town12_13_20260616_133533_r113_135614,33,Town12,PedestrianCrossing,0,0,0,1,1,0.0,0.0,0.0,0.0,0.05656658485531807,0.003119218708472149
batch_town12_13_20260616_133533_r113_135614,34,Town12,PedestrianCrossing,0,3,0,0,0,0.009902130287008315,-0.04971968307838259,-0.002417363769277703,-0.035153829574584905,0.05621172487735748,0.0074463471291683625
batch_town12_13_20260616_133533_r113_135614,35,Town12,PedestrianCrossing,0,0,0,1,1,0.0,0.0,0.0,0.0,0.06966521590948105,0.0031416067199809272
batch_town12_13_20260616_133533_r113_135614,36,Town12,PedestrianCrossing,0,0,0,1,1,0.0,0.0,0.0,0.0,0.07281763851642609,0.0036835143862671837
batch_town12_13_20260616_133533_r113_135614,37,Town12,PedestrianCrossing,0,1,0,0,0,0.0014323772677478086,-0.0004800000041723651,0.0,0.0,0.07627388089895248,0.004212739920297359
batch_town12_13_20260616_133533_r113_135614,38,Town12,PedestrianCrossing,0,0,0,1,1,0.0,0.0,0.0,0.0,0.08175056427717209,0.004240482134356904
batch_town12_13_20260616_133533_r113_135614,39,Town12,PedestrianCrossing,0,3,0,0,0,0.02738211371114857,-0.045501962750003955,-0.002364102203825491,-0.03231116008758539,0.055140938609838486,0.006833393338863125
batch_town12_13_20260616_133533_r113_135614,40,Town12,PedestrianCrossing,0,0,0,1,1,0.0,0.0,0.0,0.0,0.07142424583435059,0.003117617832344377
batch_town12_13_20260616_133533_r113_135614,41,Town12,PedestrianCrossing,0,1,0,0,0,0.0018813237600914245,-0.0006800000369548975,0.0,0.0,0.06691842526197433,0.0034457990305173936
batch_town12_13_20260616_133533_r113_135614,42,Town12,PedestrianCrossing,0,2,0,0,0,0.020445328818463393,-0.007380810026079376,0.0,0.0,0.07745116204023361,0.0065826325517091
batch_town12_13_20260616_133533_r113_135614,43,Town12,PedestrianCrossing,0,0,0,1,1,0.0,0.0,0.0,0.0,0.11372249573469162,0.004483027931313055
batch_town12_13_20260616_133533_r113_135614,44,Town12,PedestrianCrossing,0,3,0,0,0,0.05325184529206273,-0.0380998965794348,-0.0025866426389856284,-0.032161429125443175,0.18223340809345245,0.003972877264775132
batch_town12_13_20260616_133533_r113_135614,45,Town12,PedestrianCrossing,0,0,0,1,1,0.0,0.0,0.0,0.0,0.15145285427570343,0.00424752205619261
batch_town12_13_20260616_133533_r113_135614,46,Town12,PedestrianCrossing,0,0,0,1,1,0.0,0.0,0.0,0.0,0.11080766469240189,0.003421389860221502
batch_town12_13_20260616_133533_r113_135614,47,Town12,PedestrianCrossing,0,0,0,1,1,0.0,0.0,0.0,0.0,0.12978079915046692,0.0037374458849433467
batch_town12_13_20260616_133533_r113_135614,48,Town12,PedestrianCrossing,0,0,0,1,1,0.0,0.0,0.0,0.0,0.1508590131998062,0.003626883732713526
batch_town12_13_20260616_133533_r113_135614,49,Town12,PedestrianCrossing,0,0,0,1,1,0.0,0.0,0.0,0.0,0.16416843235492706,0.003588188697834782
batch_town12_13_20260616_133533_r113_135614,50,Town12,PedestrianCrossing,0,0,0,1,1,0.0,0.0,0.0,0.0,0.1664906144142151,0.005052238050658797
batch_town12_13_20260616_133533_r113_135614,51,Town12,PedestrianCrossing,0,5,0,0,0,0.020367516733475532,-0.6079007680931686,0.0,-0.4163999999999999,0.12183544039726257,0.0060392241167288585
batch_town12_13_20260616_133533_r113_135614,52,Town12,PedestrianCrossing,0,2,0,0,0,0.014254857750657768,-0.05747889316678034,0.0,-0.03841175651550288,0.050192639231681824,0.003500564445655552
batch_town12_13_20260616_133533_r113_135614,53,Town12,PedestrianCrossing,0,2,0,0,0,0.008113620965376711,-0.0030151655524968124,0.0,0.0,0.049121756106615067,0.002519414952006638
batch_town12_13_20260616_133533_r113_135614,54,Town12,PedestrianCrossing,0,1,0,0,0,0.0007791756425159502,-0.0005200000107288272,0.0,0.0,0.038631122559309006,0.004444346568731161
batch_town12_13_20260616_133533_r113_135614,55,Town12,PedestrianCrossing,0,1,0,0,0,5.938896143087291e-06,-0.0006800000369548975,0.0,0.0,0.046108562499284744,0.004936102377253393
batch_town12_13_20260616_133533_r113_135614,56,Town12,PedestrianCrossing,0,0,0,1,1,0.0,0.0,0.0,0.0,0.05029639974236488,0.005022564296908616
batch_town12_13_20260616_133533_r113_135614,57,Town12,PedestrianCrossing,0,0,0,1,1,0.0,0.0,0.0,0.0,0.05452726408839226,0.0049417421060582445
batch_town12_13_20260616_133533_r113_135614,58,Town12,PedestrianCrossing,0,0,0,1,1,0.0,0.0,0.0,0.0,0.055085014551877975,0.0051586725739278805
batch_town12_13_20260616_133533_r113_135614,59,Town12,PedestrianCrossing,0,2,0,0,0,0.013128996715359553,-0.018582506629824636,0.0,-0.007064526557922335,0.047217320650815964,0.003781436874642441
batch_town12_13_20260616_133533_r113_135614,60,Town12,PedestrianCrossing,0,0,0,1,1,0.0,0.0,0.0,0.0,0.05310510843992233,0.00531193677411812
batch_town12_13_20260616_133533_r113_135614,61,Town12,PedestrianCrossing,0,0,0,1,1,0.0,0.0,0.0,0.0,0.05143643543124199,0.005599949700603846
batch_town12_13_20260616_133533_r113_135614,62,Town12,PedestrianCrossing,0,2,0,0,0,0.0029452424380667086,-0.009535872489214059,0.0,0.0,0.0442919060587883,0.00717205463350945
batch_town12_13_20260616_133533_r113_135614,63,Town12,PedestrianCrossing,0,1,0,0,0,0.0009672146410484306,-0.001360000073909573,0.0,0.0,0.03663245216012001,0.0058708031453755805
batch_town12_13_20260616_133533_r113_135614,64,Town12,PedestrianCrossing,0,2,0,0,0,0.0020105837907522517,-0.004355903752148116,0.0,0.0,0.028649143874645233,0.00495127057321243
batch_town12_13_20260616_133533_r113_135614,65,Town12,PedestrianCrossing,0,2,0,0,0,0.001908593702783179,-0.003173256218433451,0.0,0.0,0.028398821130394936,0.004677560554857685
batch_town12_13_20260616_133533_r113_135614,66,Town12,PedestrianCrossing,0,3,0,0,0,0.0008683646082525698,-0.025807706919312334,0.0,-0.018221466064453073,0.03477425500750542,0.004259506667194657
batch_town12_13_20260616_133533_r113_135614,67,Town12,PedestrianCrossing,0,0,0,1,1,0.0,0.0,0.0,0.0,0.05245470255613327,0.0042426886183184465
batch_town12_13_20260616_133533_r113_135614,68,Town12,PedestrianCrossing,0,0,0,1,1,0.0,0.0,0.0,0.0,0.03775756061077118,0.005012472830790982
batch_town12_13_20260616_133533_r113_135614,69,Town12,PedestrianCrossing,0,0,0,1,1,0.0,0.0,0.0,0.0,0.034533530473709106,0.004784378651605525
batch_town12_13_20260616_133533_r113_135614,70,Town12,PedestrianCrossing,0,0,0,1,1,0.0,0.0,0.0,0.0,0.035174496471881866,0.005291902551522565
batch_town12_13_20260616_133533_r113_135614,71,Town12,PedestrianCrossing,0,0,0,1,1,0.0,0.0,0.0,0.0,0.03389200568199158,0.004653621299531618
batch_town12_13_20260616_133533_r113_135614,72,Town12,PedestrianCrossing,0,0,0,1,1,0.0,0.0,0.0,0.0,0.033877622336149216,0.004282734588501036
batch_town12_13_20260616_133533_r113_135614,73,Town12,PedestrianCrossing,0,0,0,1,1,0.0,0.0,0.0,0.0,0.051522791385650635,0.000625818647683074
batch_town12_13_20260616_133533_r113_135614,74,Town12,PedestrianCrossing,0,0,0,1,1,0.0,0.0,0.0,0.0,0.05044170841574669,-0.00020174094544378463
batch_town12_13_20260616_133533_r113_135614,75,Town12,PedestrianCrossing,0,2,0,0,0,0.004768358711741527,-0.024798563481122415,0.0,-0.011376543760299784,0.021011171862483025,0.0004972217058032413
batch_town12_13_20260616_133533_r113_135614,76,Town12,PedestrianCrossing,0,2,0,0,0,0.0006713163659557431,-0.0019107022881507674,0.0,0.0,0.020665140822529793,0.00012593943462269053
batch_town12_13_20260616_133533_r113_135614,77,Town12,PedestrianCrossing,0,3,0,0,0,0.0034236141758896554,-0.014513524062931549,0.0,0.0,0.020044416189193726,0.0009448485842615817
batch_town12_13_20260616_133533_r113_135614,78,Town12,PedestrianCrossing,0,2,0,0,0,0.0020564503571531834,-0.009811845421791143,0.0,0.0,0.021268976852297783,0.0014692637641242623
batch_town12_13_20260616_133533_r113_135614,79,Town12,PedestrianCrossing,0,0,0,1,1,0.0,0.0,0.0,0.0,0.02272806130349636,0.0023461440142833467
batch_town12_13_20260616_133533_r113_135614,80,Town12,PedestrianCrossing,0,1,0,0,0,1.5610583152136925e-05,-0.0005200000107288272,0.0,0.0,0.022832157090306282,0.002527115826384596
batch_town12_13_20260616_133533_r113_135614,81,Town12,PedestrianCrossing,0,0,0,1,1,0.0,0.0,0.0,0.0,0.023747289553284645,0.002907059029390424
batch_town12_13_20260616_133533_r113_135614,82,Town12,PedestrianCrossing,0,3,0,0,0,0.0039612075046397965,-0.010431101480498972,0.0,0.0,0.022279463708400726,0.002993122954103089
batch_town12_13_20260616_133533_r113_135614,83,Town12,PedestrianCrossing,0,1,0,0,0,0.0001096526829580391,-0.00035999998450275683,0.0,0.0,0.024182790890336037,0.0034463019088330493
batch_town12_13_20260616_133533_r113_135614,84,Town12,PedestrianCrossing,0,0,0,1,1,0.0,0.0,0.0,0.0,0.025094302371144295,0.0035941677992682997
batch_town12_13_20260616_133533_r113_135614,85,Town12,PedestrianCrossing,0,1,0,0,0,0.0002932527689218922,-0.0007199999690056247,0.0,0.0,0.024385325610637665,0.0038385443729602176
batch_town12_13_20260616_133533_r113_135614,86,Town12,PedestrianCrossing,0,0,0,1,1,0.0,0.0,0.0,0.0,0.03482937067747116,0.0024407625359372243
batch_town12_13_20260616_133533_r113_135614,87,Town12,PedestrianCrossing,0,0,0,1,1,0.0,0.0,0.0,0.0,0.03127920255064964,0.002903941371125096
batch_town12_13_20260616_133533_r113_135614,88,Town12,PedestrianCrossing,0,0,0,1,1,0.0,0.0,0.0,0.0,0.030007964000105858,0.002816227780786995
batch_town12_13_20260616_133533_r113_135614,89,Town12,PedestrianCrossing,0,0,0,1,1,0.0,0.0,0.0,0.0,0.03130512684583664,0.0024021381100435835
batch_town12_13_20260616_133533_r113_135614,90,Town12,PedestrianCrossing,0,0,0,1,1,0.0,0.0,0.0,0.0,0.031227879226207733,0.002082957544085051
batch_town12_13_20260616_133533_r113_135614,91,Town12,PedestrianCrossing,0,0,0,1,1,0.0,0.0,0.0,0.0,0.03095441870391369,0.001881286108667224
batch_town12_13_20260616_133533_r113_135614,92,Town12,PedestrianCrossing,0,1,0,0,0,0.00154606890636666,-0.012171982794776492,0.0,-0.004333236122131323,0.022067219018936157,0.0025742876853104835
batch_town12_13_20260616_133533_r113_135614,93,Town12,PedestrianCrossing,0,0,0,1,1,0.0,0.0,0.0,0.0,0.021163469180464745,0.0028855506335276337
batch_town12_13_20260616_133533_r113_135614,94,Town12,PedestrianCrossing,0,0,0,1,1,0.0,0.0,0.0,0.0,0.02083413302898407,0.0025393257493470656
batch_town12_13_20260616_133533_r113_135614,95,Town12,PedestrianCrossing,0,4,0,0,0,0.0010355723780626214,-0.007372669056057934,0.0,0.0,0.017672181129455566,0.002675817225261612
batch_town12_13_20260616_133533_r113_135614,96,Town12,PedestrianCrossing,0,0,0,1,1,0.0,0.0,0.0,0.0,0.028516879305243492,0.0017151566517243921
batch_town12_13_20260616_133533_r113_135614,97,Town12,PedestrianCrossing,0,0,0,1,1,0.0,0.0,0.0,0.0,0.027738861739635468,0.001746186397655336
batch_town12_13_20260616_133533_r113_135614,98,Town12,PedestrianCrossing,0,0,0,1,1,0.0,0.0,0.0,0.0,0.022852564230561256,0.0023707917942530354
batch_town12_13_20260616_133533_r113_135614,99,Town12,PedestrianCrossing,0,0,0,1,1,0.0,0.0,0.0,0.0,0.02321908436715603,0.0027398239893201004
batch_town12_13_20260616_133533_r113_135614,100,Town12,PedestrianCrossing,0,0,0,1,1,0.0,0.0,0.0,0.0,0.027753638103604317,0.0015630330582165897
batch_town12_13_20260616_133533_r113_135614,101,Town12,PedestrianCrossing,0,0,0,1,1,0.0,0.0,0.0,0.0,0.02516443096101284,0.0018505672670208195
batch_town12_13_20260616_133533_r113_135614,102,Town12,PedestrianCrossing,0,0,0,1,1,0.0,0.0,0.0,0.0,0.025467058643698692,0.0016045663120880516
batch_town12_13_20260616_133533_r113_135614,103,Town12,PedestrianCrossing,0,0,0,1,1,0.0,0.0,0.0,0.0,0.026141436770558357,0.0014426117752697198
batch_town12_13_20260616_133533_r113_135614,104,Town12,PedestrianCrossing,0,0,0,1,1,0.0,0.0,0.0,0.0,0.026834959164261818,0.0012995263191468709
batch_town12_13_20260616_133533_r113_135614,105,Town12,PedestrianCrossing,0,0,0,1,1,0.0,0.0,0.0,0.0,0.027782874181866646,0.001170078698194521
batch_town12_13_20260616_133533_r113_135614,106,Town12,PedestrianCrossing,0,3,0,0,0,0.0029663855314572274,-0.0448529201561213,0.0,-0.027006873750686666,0.02559048682451248,0.0011742981937525876
batch_town12_13_20260616_133533_r113_135614,107,Town12,PedestrianCrossing,0,2,0,0,0,0.0006684400345589037,-0.028776727673560487,0.0,-0.018979375147819555,0.027422521263360977,0.0008618000565254746
batch_town12_13_20260616_133533_r113_135614,108,Town12,PedestrianCrossing,0,0,0,1,1,0.0,0.0,0.0,0.0,0.0221223384141922,0.0019114239713433623
batch_town12_13_20260616_133533_r113_135614,109,Town12,PedestrianCrossing,0,0,0,1,1,0.0,0.0,0.0,0.0,0.02830532006919384,0.000702398867966858
batch_town12_13_20260616_133533_r113_135614,110,Town12,PedestrianCrossing,0,0,0,1,1,0.0,0.0,0.0,0.0,0.02317993901669979,0.0015188123552012378
batch_town12_13_20260616_133533_r113_135614,111,Town12,PedestrianCrossing,0,1,0,0,0,0.0011392374300018826,-0.0080653000810742,0.0,-0.003449890279769885,0.027885276824235916,0.0005326183458898015
batch_town12_13_20260616_133533_r113_135614,112,Town12,PedestrianCrossing,0,0,0,1,1,0.0,0.0,0.0,0.0,0.02842986211180687,0.000562985640944591
batch_town12_13_20260616_133533_r113_135614,113,Town12,PedestrianCrossing,0,1,0,0,0,0.004059097219564656,-0.0127557559551299,0.0,-0.0007719357848167685,0.0256195031106472,0.00050132264569136
batch_town12_13_20260616_133533_r113_135614,114,Town12,PedestrianCrossing,0,2,0,0,0,0.0017139961297039097,-0.038521700640916756,0.0,-0.023348727428913085,0.02797773852944374,0.000318968667389008
batch_town12_13_20260616_133533_r113_135614,115,Town12,PedestrianCrossing,0,0,0,1,1,0.0,0.0,0.0,0.0,0.029584944248199463,0.00032785996805162476
batch_town12_13_20260616_133533_r113_135614,116,Town12,PedestrianCrossing,0,1,0,0,0,0.0001313852584479136,-0.011378233591094633,0.0,0.0,0.01966583915054798,0.0009444275524352896
batch_town12_13_20260616_133533_r113_135614,117,Town12,PedestrianCrossing,0,0,0,1,1,0.0,0.0,0.0,0.0,0.029181061312556267,0.00029116783101557075
batch_town12_13_20260616_133533_r113_135614,118,Town12,PedestrianCrossing,0,0,0,1,1,0.0,0.0,0.0,0.0,0.023938525468111038,0.0012308870812487438
batch_town12_13_20260616_133533_r113_135614,119,Town12,PedestrianCrossing,0,0,0,1,1,0.0,0.0,0.0,0.0,0.029574844986200333,0.0001888707695234526
batch_town12_13_20260616_133533_r113_135614,120,Town12,PedestrianCrossing,0,0,0,1,1,0.0,0.0,0.0,0.0,0.05000966414809227,-0.0014746153005273932
batch_town12_13_20260616_133533_r113_135614,121,Town12,PedestrianCrossing,0,0,0,1,1,0.0,0.0,0.0,0.0,0.02400132827460766,0.0005316049102972453
batch_town12_13_20260616_133533_r113_135614,122,Town12,PedestrianCrossing,0,1,0,0,0,0.00014840921683489938,-0.00031961582601070654,0.0,0.0,0.02190687134861946,0.0014282753419176952
batch_town12_13_20260616_133533_r113_135614,123,Town12,PedestrianCrossing,0,2,0,0,0,0.000897239499962843,-0.006774463094770908,0.0,0.0,0.022285878658294678,0.0023934811113447974
batch_town12_13_20260616_133533_r113_135614,124,Town12,PedestrianCrossing,0,1,0,0,0,1.5060192180005316e-06,-4.0000001899909154e-05,0.0,0.0,0.022323252633213997,0.001531888127866976
batch_town12_13_20260616_133533_r113_135614,125,Town12,PedestrianCrossing,0,0,0,1,1,0.0,0.0,0.0,0.0,0.04918177053332329,-0.0014773606228182246
batch_town12_13_20260616_133533_r113_135614,126,Town12,PedestrianCrossing,0,0,0,1,1,0.0,0.0,0.0,0.0,0.031502217054367065,-0.0007264923139755908
batch_town12_13_20260616_133533_r113_135614,127,Town12,PedestrianCrossing,0,0,0,1,1,0.0,0.0,0.0,0.0,0.03202705830335617,-0.0006575910549364572
batch_town12_13_20260616_133533_r113_135614,128,Town12,PedestrianCrossing,0,0,0,1,1,0.0,0.0,0.0,0.0,0.03269578516483307,-0.0006463026073233458
batch_town12_13_20260616_133533_r113_135614,129,Town12,PedestrianCrossing,0,0,0,1,1,0.0,0.0,0.0,0.0,0.03357533738017082,-0.0006848633540261773
batch_town12_13_20260616_133533_r113_135614,130,Town12,PedestrianCrossing,0,0,0,1,1,0.0,0.0,0.0,0.0,0.03420824557542801,-0.0006622385121151098
batch_town12_13_20260616_133533_r113_135614,131,Town12,PedestrianCrossing,0,0,0,1,1,0.0,0.0,0.0,0.0,0.03479333966970444,-0.0006701422234449694
batch_town12_13_20260616_133533_r113_135614,132,Town12,PedestrianCrossing,0,0,0,1,1,0.0,0.0,0.0,0.0,0.03547598794102669,-0.0006237830233688513
batch_town12_13_20260616_133533_r113_135614,168,Town12,PedestrianCrossing,0,0,0,1,1,0.0,0.0,0.0,0.0,0.03679237142205238,0.0020113871904923197
batch_town12_13_20260616_133533_r113_135614,169,Town12,PedestrianCrossing,0,2,0,0,0,0.0004935043887170365,-0.002705032564699658,0.0,0.0,0.03679640218615532,0.0024943257254112505
batch_town12_13_20260616_133533_r113_135614,170,Town12,PedestrianCrossing,0,4,0,0,0,0.0013214500138620244,-0.03674714377820501,0.0,-0.020863690853118955,0.03730420023202896,0.0033837582678292732
batch_town12_13_20260616_133533_r113_135614,171,Town12,PedestrianCrossing,0,1,0,0,0,0.0001572579162154586,-0.0008399999886751219,0.0,0.0,0.0395590215921402,0.002123045842200355
batch_town12_13_20260616_133533_r113_135614,172,Town12,PedestrianCrossing,0,2,0,0,0,0.0016578918676666277,-0.016380905546434232,0.0,-0.002056169092655158,0.03874270245432854,0.0005047978438839085
batch_town12_13_20260616_133533_r113_135614,173,Town12,PedestrianCrossing,0,0,0,1,1,0.0,0.0,0.0,0.0,0.03942764550447464,0.0021567034785026085
batch_town12_13_20260616_133533_r113_135614,174,Town12,PedestrianCrossing,0,1,0,0,0,0.00010994194708691118,-0.00043999999761581976,0.0,0.0,0.041710566729307175,0.002196858639768262
batch_town12_13_20260616_133533_r113_135614,175,Town12,PedestrianCrossing,0,2,0,0,0,0.0019413325278700988,-0.013057820026949107,0.0,-0.004646810173988325,0.04118825122714043,0.0018177586241654442
batch_town12_13_20260616_133533_r113_135614,176,Town12,PedestrianCrossing,0,2,0,0,0,0.0035432442767001082,-0.011411202792078246,0.0,0.0,0.039379753172397614,0.0018203739659903295
batch_town12_13_20260616_133533_r113_135614,177,Town12,PedestrianCrossing,0,1,0,0,0,0.0005109662572830853,-0.0006800000369548975,0.0,0.0,0.042188990861177444,0.002649249517689023
batch_town12_13_20260616_133533_r113_135614,178,Town12,PedestrianCrossing,0,0,0,1,1,0.0,0.0,0.0,0.0,0.06447619944810867,0.001492258319925499
batch_town12_13_20260616_133533_r113_135614,179,Town12,PedestrianCrossing,0,0,0,1,1,0.0,0.0,0.0,0.0,0.054456572979688644,0.001309998736658935
batch_town12_13_20260616_133533_r113_135614,180,Town12,PedestrianCrossing,0,0,0,1,1,0.0,0.0,0.0,0.0,0.05083749070763588,0.0012169737399321257
batch_town12_13_20260616_133533_r113_135614,181,Town12,PedestrianCrossing,0,0,0,1,1,0.0,0.0,0.0,0.0,0.056818000972270966,0.0013984672999916015
batch_town12_13_20260616_133533_r113_135614,182,Town12,PedestrianCrossing,0,0,0,1,1,0.0,0.0,0.0,0.0,0.05962049961090088,0.001404145610894414
batch_town12_13_20260616_133533_r113_135614,183,Town12,PedestrianCrossing,0,0,0,1,1,0.0,0.0,0.0,0.0,0.061190009117126465,0.0014229665576133144
batch_town12_13_20260616_133533_r113_135614,184,Town12,PedestrianCrossing,0,0,0,1,1,0.0,0.0,0.0,0.0,0.06112739443778992,0.0012681041970254991
batch_town12_13_20260616_133533_r113_135614,185,Town12,PedestrianCrossing,0,0,0,1,1,0.0,0.0,0.0,0.0,0.07959190011024475,-0.0010823129030441692
batch_town12_13_20260616_133533_r113_135614,186,Town12,PedestrianCrossing,0,1,0,0,0,0.0010388016423168445,-0.0010000000149011368,0.0,0.0,0.03395770490169525,0.0002546064236124135
batch_town12_13_20260616_133533_r113_135614,187,Town12,PedestrianCrossing,0,0,0,1,1,0.0,0.0,0.0,0.0,0.047312553972005844,-0.0002507229790142951
batch_town12_13_20260616_133533_r113_135614,188,Town12,PedestrianCrossing,0,0,0,1,1,0.0,0.0,0.0,0.0,0.047257475554943085,-0.00015913657012456284
batch_town12_13_20260616_133533_r113_135614,189,Town12,PedestrianCrossing,0,0,0,1,1,0.0,0.0,0.0,0.0,0.04775717481970787,-0.00020902247362108994
batch_town12_13_20260616_133533_r113_135614,190,Town12,PedestrianCrossing,0,0,0,1,1,0.0,0.0,0.0,0.0,0.04789278656244278,-0.00018482026069532864
batch_town12_13_20260616_133533_r113_135614,191,Town12,PedestrianCrossing,0,0,0,1,1,0.0,0.0,0.0,0.0,0.04807324334979057,-0.00037190785037566343
batch_town12_13_20260616_133533_r113_135614,192,Town12,PedestrianCrossing,0,0,0,1,1,0.0,0.0,0.0,0.0,0.04816161096096039,-0.0003171988100505452
batch_town12_13_20260616_133533_r113_135614,193,Town12,PedestrianCrossing,0,0,0,1,1,0.0,0.0,0.0,0.0,0.04837213456630707,-0.00036203682663327186
batch_town12_13_20260616_133533_r117_140124,0,Town12,SequentialLaneChange,0,6,0,0,0,0.025519964196676126,-0.4037600448036194,0.0,-0.2676000331878662,1.8128781448467635e-05,0.026036492366815267
batch_town12_13_20260616_133533_r117_140124,1,Town12,SequentialLaneChange,0,6,0,0,0,0.02625003916654478,-0.41549441246986385,0.0,-0.285127895951271,1.8128781448467635e-05,0.026036492366815267
batch_town12_13_20260616_133533_r117_140124,2,Town12,SequentialLaneChange,0,6,0,0,0,0.025250810688498104,-0.5625199706459046,0.0,-0.38519997825622554,1.8653987353900447e-05,0.026096040651058416
batch_town12_13_20260616_133533_r117_140124,4,Town12,SequentialLaneChange,0,6,0,0,0,0.02276771289301105,-0.21158954070711333,0.0,-0.12525151163489875,9.372551176056731e-06,0.022909895041431483
batch_town12_13_20260616_133533_r117_140124,5,Town12,SequentialLaneChange,0,6,0,0,0,0.023800804857116553,-0.0936185231877914,0.0,-0.03786557273169733,1.1001939128618687e-05,0.023720074148593895
batch_town12_13_20260616_133533_r117_140124,6,Town12,SequentialLaneChange,0,6,0,0,0,0.025016150665398085,-0.12592664488547495,0.0,-0.06179751472998143,2.451786167512182e-05,0.025516939093170876
batch_town12_13_20260616_133533_r117_140124,7,Town12,SequentialLaneChange,0,6,0,0,0,0.025016150665398085,-0.12592664488547495,0.0,-0.06179751472998143,2.451786167512182e-05,0.025516939093170876
batch_town12_13_20260616_133533_r117_140124,9,Town12,SequentialLaneChange,0,6,0,0,0,0.024835438773142426,-0.1195459858486989,0.0,-0.05707110062866585,2.4706288968445733e-05,0.025340715548026083
batch_town12_13_20260616_133533_r117_140124,10,Town12,SequentialLaneChange,0,0,0,1,1,0.0,0.0,0.0,0.0,0.050937775522470474,0.0013830674241530616
batch_town12_13_20260616_133533_r117_140124,11,Town12,SequentialLaneChange,0,0,0,1,1,0.0,0.0,0.0,0.0,0.026588473469018936,0.0005820678596375473
batch_town12_13_20260616_133533_r117_140124,12,Town12,SequentialLaneChange,0,2,0,0,0,0.0013798029951352375,-0.018837078491537165,-0.0007863851484597173,-0.01235065126419066,0.02685597538948059,0.0030271665986766894
batch_town12_13_20260616_133533_r117_140124,23,Town12,SequentialLaneChange,0,0,0,1,1,0.0,0.0,0.0,0.0,0.03059055656194687,0.0023588294709677715
batch_town12_13_20260616_133533_r117_140124,24,Town12,SequentialLaneChange,0,0,0,1,1,0.0,0.0,0.0,0.0,0.032030533999204636,0.002398708985618503
batch_town12_13_20260616_133533_r117_140124,25,Town12,SequentialLaneChange,0,0,0,1,1,0.0,0.0,0.0,0.0,0.033640142530202866,0.0023825571334532003
batch_town12_13_20260616_133533_r117_140124,26,Town12,SequentialLaneChange,0,0,0,1,1,0.0,0.0,0.0,0.0,0.03731566295027733,0.0025969029753429296
batch_town12_13_20260616_133533_r117_140124,27,Town12,SequentialLaneChange,0,2,0,0,0,0.007549344886282283,-0.010880966000258951,0.0,0.0,0.03552141413092613,0.005615733711796356
batch_town12_13_20260616_133533_r117_140124,29,Town12,SequentialLaneChange,0,0,0,1,1,0.0,0.0,0.0,0.0,0.04594380781054497,0.00297580146503601
batch_town12_13_20260616_133533_r117_140124,30,Town12,SequentialLaneChange,0,2,0,0,0,0.004196996691126664,-0.021424671284013597,-0.0008865013775323921,-0.011618382453918441,0.050369542092084885,0.0064285221674480475
batch_town12_13_20260616_133533_r117_140124,31,Town12,SequentialLaneChange,0,0,0,1,1,0.0,0.0,0.0,0.0,0.057099848985672,0.003784166839010783
batch_town12_13_20260616_133533_r117_140124,32,Town12,SequentialLaneChange,0,0,0,1,1,0.0,0.0,0.0,0.0,0.0614769384264946,0.003779723342534458
batch_town12_13_20260616_133533_r117_140124,34,Town12,SequentialLaneChange,0,3,0,0,0,0.000319668479286106,-0.047429277000685444,-0.0030086554053271874,-0.035153829574584905,0.07288139313459396,0.007884453594017238
batch_town12_13_20260616_133533_r117_140124,35,Town12,SequentialLaneChange,0,0,0,1,1,0.0,0.0,0.0,0.0,0.07702066004276276,0.0042108012635206915
batch_town12_13_20260616_133533_r117_140124,36,Town12,SequentialLaneChange,0,0,0,1,1,0.0,0.0,0.0,0.0,0.08391072601079941,0.0044241855496292
batch_town12_13_20260616_133533_r117_140124,37,Town12,SequentialLaneChange,0,0,0,1,1,0.0,0.0,0.0,0.0,0.09121917188167572,0.00450241787033101
batch_town12_13_20260616_133533_r117_140124,39,Town12,SequentialLaneChange,0,3,0,0,0,0.015217899382783784,-0.04145668598205665,-0.0033086695660449472,-0.03231116008758539,0.09081721305847168,0.006608998358788476
batch_town12_13_20260616_133533_r117_140124,40,Town12,SequentialLaneChange,0,0,0,1,1,0.0,0.0,0.0,0.0,0.10170010477304459,0.003304272871756553
batch_town12_13_20260616_133533_r117_140124,41,Town12,SequentialLaneChange,0,0,0,1,1,0.0,0.0,0.0,0.0,0.12228821963071823,0.004448931095885955
batch_town12_13_20260616_133533_r117_140124,42,Town12,SequentialLaneChange,0,3,0,0,0,0.011558728092704751,-0.013149544675834512,0.0,0.0,0.1378830224275589,0.001611480748459515
batch_town12_13_20260616_133533_r117_140124,44,Town12,SequentialLaneChange,0,1,0,0,0,0.00012202647347536733,-0.00048000000417233735,0.0,0.0,0.16979700326919556,0.0048088857754802206
batch_town12_13_20260616_133533_r117_140124,45,Town12,SequentialLaneChange,0,1,0,0,0,0.00021940991434288293,-0.0003599999845027846,0.0,0.0,0.1856384128332138,0.005024009627248249
batch_town12_13_20260616_133533_r117_140124,46,Town12,SequentialLaneChange,0,1,0,0,0,0.0001212173336320177,-8.000000379979749e-05,0.0,0.0,0.20988856256008148,0.005463780553769837
batch_town12_13_20260616_133533_r117_140124,47,Town12,SequentialLaneChange,0,3,0,0,0,0.0007267347052248851,-0.001051835912512615,0.0,0.0,0.22382141649723053,0.005382661318223514
batch_town12_13_20260616_133533_r117_140124,48,Town12,SequentialLaneChange,0,2,0,0,0,0.055093759128867104,-0.011998212151229384,0.0,0.0,0.21980637311935425,0.0037381166703018276
batch_town12_13_20260616_133533_r117_140124,50,Town12,SequentialLaneChange,0,4,0,0,0,0.0668061678826879,-0.04261786421207664,-0.0064418393096743465,-0.041791644573211606,0.30960267782211304,0.004424033281446471
batch_town12_13_20260616_133533_r117_140124,51,Town12,SequentialLaneChange,0,4,0,0,0,0.010025732800678977,-0.05337561369675617,-0.008373331989317334,-0.05234900861978553,0.25593942403793335,0.007398112389631173
batch_town12_13_20260616_133533_r117_140124,52,Town12,SequentialLaneChange,0,3,0,0,0,0.05990568873491853,-0.04091085814203199,-0.005537986285044538,-0.0333447265863418,0.4222787618637085,0.00559392134144332
batch_town12_13_20260616_133533_r117_140124,53,Town12,SequentialLaneChange,0,0,0,1,1,0.0,0.0,0.0,0.0,0.351723313331604,0.006307708882894225
batch_town12_13_20260616_133533_r117_140124,55,Town12,SequentialLaneChange,0,3,0,0,0,0.04775209369976263,-0.020623947007412546,0.006010643110431868,0.0,0.3819330632686615,0.006283040500833392
batch_town12_13_20260616_133533_r117_140124,56,Town12,SequentialLaneChange,0,0,0,1,1,0.0,0.0,0.0,0.0,0.43691980838775635,0.004831823207301467
batch_town12_13_20260616_133533_r117_140124,57,Town12,SequentialLaneChange,0,0,0,1,1,0.0,0.0,0.0,0.0,0.43120983242988586,0.004517958964139757
batch_town12_13_20260616_133533_r117_140124,58,Town12,SequentialLaneChange,0,0,0,1,1,0.0,0.0,0.0,0.0,0.485421746969223,0.00512418598439468
batch_town12_13_20260616_133533_r117_140124,60,Town12,SequentialLaneChange,0,0,0,1,1,0.0,0.0,0.0,0.0,0.5532359480857849,0.005801330271953065
batch_town12_13_20260616_133533_r117_140124,61,Town12,SequentialLaneChange,0,6,0,0,0,0.04554043960177867,-0.410826059834569,-0.09157708735509729,-0.4164,0.5622962117195129,0.011594544093953552
batch_town12_13_20260616_133533_r117_140124,62,Town12,SequentialLaneChange,0,0,0,1,1,0.0,0.0,0.0,0.0,0.6427066922187805,0.004580189266066403
batch_town12_13_20260616_133533_r117_140124,63,Town12,SequentialLaneChange,0,0,0,1,1,0.0,0.0,0.0,0.0,0.6512739658355713,0.004356731493847077
batch_town12_13_20260616_133533_r117_140124,64,Town12,SequentialLaneChange,0,0,0,1,1,0.0,0.0,0.0,0.0,0.66734778881073,0.005369900195677069
batch_town12_13_20260616_133533_r117_140124,66,Town12,SequentialLaneChange,0,4,0,0,0,0.022776869646875753,-0.019579035641195675,-0.004279409472835338,-0.018221466064453073,0.6105464696884155,0.005209287042283961
batch_town12_13_20260616_133533_r117_140124,67,Town12,SequentialLaneChange,0,2,0,0,0,0.015608851659195455,-0.007600179389119166,0.0,0.0,0.6191370487213135,0.007567431612158337
batch_town12_13_20260616_133533_r117_140124,68,Town12,SequentialLaneChange,0,3,0,0,0,0.009250723675790162,-0.0207322489090761,-0.007681516070542516,-0.032399999999999984,0.6576140522956848,0.006024265874807755
batch_town12_13_20260616_133533_r117_140124,69,Town12,SequentialLaneChange,0,2,0,0,0,0.01149765611222997,-0.003927968852221908,0.0,0.0,0.6221205592155457,0.006238354190558182
batch_town12_13_20260616_133533_r117_140124,71,Town12,SequentialLaneChange,0,1,0,0,0,0.00011552429085881499,-8.000000379981831e-05,0.0,0.0,0.6324958205223083,0.0069938461705287835
batch_town12_13_20260616_133533_r117_140124,72,Town12,SequentialLaneChange,0,3,0,0,0,0.05829238956341842,-0.01945140725515737,-0.003920867069678424,-0.016252783298492446,0.614995539188385,0.0053174040072325734
batch_town12_13_20260616_133533_r117_140124,73,Town12,SequentialLaneChange,0,3,0,0,0,0.018912082252801055,-0.04516495115013197,-0.011313851493326421,-0.046407190704345735,0.6934531331062317,0.006560134693596176
batch_town12_13_20260616_133533_r117_140124,74,Town12,SequentialLaneChange,0,1,0,0,0,0.009077680966174118,-0.0005213675949669039,0.0009231464648553622,0.0037282804012299664,0.6968684792518616,0.006385849617936312
batch_town12_13_20260616_133533_r117_140124,76,Town12,SequentialLaneChange,0,3,0,0,0,0.022687481521854513,-0.04982172825433184,-0.023824918881622192,-0.09253051400184642,0.6948510408401489,0.00608230046722702
batch_town12_13_20260616_133533_r117_140124,77,Town12,SequentialLaneChange,0,2,0,0,0,0.11882971240542939,-0.0021497568865722627,0.005477780249211861,0.020892611360550095,0.6620836853981018,0.005306443694743868
batch_town12_13_20260616_133533_r117_140124,78,Town12,SequentialLaneChange,0,3,0,0,0,0.04711949105715152,-0.017569310847592057,-0.005326303413942357,-0.019974321269989215,0.7074252963066101,0.00584827194933335
batch_town12_13_20260616_133533_r117_140124,79,Town12,SequentialLaneChange,0,4,0,0,0,0.04218710751727639,-0.04822516629453344,-0.023048721600723132,-0.08510203962922092,0.7251399755477905,0.006040274823377212
batch_town12_13_20260616_133533_r117_140124,80,Town12,SequentialLaneChange,0,3,0,0,0,0.017901729237595143,-0.04348755479882582,-0.023738864536239523,-0.08640000000000014,0.7434747219085693,0.00624547764450889
batch_town12_13_20260616_133533_r117_140124,82,Town12,SequentialLaneChange,0,2,0,0,0,0.06592393161867305,-0.010216743183170562,-0.0013267198138613434,-0.004711004018783438,0.7295804023742676,0.005763279333360183
batch_town12_13_20260616_133533_r117_140124,83,Town12,SequentialLaneChange,0,6,0,0,0,0.025889540939176392,-0.40528307037975797,-0.11996053952006769,-0.4797644263744355,0.7695698738098145,0.013741508988763584
batch_town12_13_20260616_133533_r117_140124,84,Town12,SequentialLaneChange,0,5,0,0,0,0.039457461357217394,-0.06455487455791198,-0.029324881069633824,-0.10208784642219537,0.756424069404602,0.005550648709204076
batch_town12_13_20260616_133533_r117_140124,85,Town12,SequentialLaneChange,0,0,0,1,1,0.0,0.0,0.0,0.0,0.7732283473014832,0.007469483277523281
batch_town12_13_20260616_133533_r117_140124,87,Town12,SequentialLaneChange,0,0,0,1,1,0.0,0.0,0.0,0.0,0.6791506409645081,0.005252692089781741
batch_town12_13_20260616_133533_r117_140124,88,Town12,SequentialLaneChange,0,2,0,0,0,0.012443188802453209,-0.001449566520750456,0.0,0.0,0.678421676158905,0.0058523983608977925
batch_town12_13_20260616_133533_r117_140124,89,Town12,SequentialLaneChange,0,6,0,0,0,0.10556235516823587,-0.4090077933931304,-0.0902873063341797,-0.4280235149860382,0.7009487152099609,0.015117790858051983
batch_town12_13_20260616_133533_r117_140124,90,Town12,SequentialLaneChange,0,6,0,0,0,0.09656434519727997,-0.4263190915312174,-0.09653172989214787,-0.45169265105724343,0.7028700709342957,0.014925305145908396
batch_town12_13_20260616_133533_r117_140124,92,Town12,SequentialLaneChange,0,6,0,0,0,0.06810585777652567,-0.48397342194460313,-0.1039163320367702,-0.5175920385360719,0.7077674269676208,0.01445068990263465
batch_town12_13_20260616_133533_r117_140124,93,Town12,SequentialLaneChange,0,6,0,0,0,0.08403270470720714,-0.4786840566473568,-0.06724933349387019,-0.43928299798965453,0.7128523588180542,0.014444475562778614
batch_town12_13_20260616_133533_r117_140124,94,Town12,SequentialLaneChange,0,6,0,0,0,0.08587380038856551,-0.48548095111552486,-0.05290624394819199,-0.4163999999999999,0.7160545587539673,0.014423353549770646
batch_town12_13_20260616_133533_r117_140124,95,Town12,SequentialLaneChange,0,6,0,0,0,0.08954461614241205,-0.5594311765563398,-0.07313482102738889,-0.5234563623905183,0.7236306071281433,0.01495996385654852
batch_town12_13_20260616_133533_r117_140124,97,Town12,SequentialLaneChange,0,6,0,0,0,0.11008214543696782,-0.5622337574227583,-0.01815388557558012,-0.4164,0.7286669015884399,0.015004380466721479
batch_town12_13_20260616_133533_r117_140124,98,Town12,SequentialLaneChange,0,6,0,0,0,0.06759534609043283,-0.6421740049704403,-0.05215802044513107,-0.5562005919456483,0.7239194512367249,0.014480025782090067
batch_town12_13_20260616_133533_r117_140124,99,Town12,SequentialLaneChange,0,4,0,0,0,0.1760570714273555,-0.013211420550942432,0.0,0.0,0.6399697065353394,0.007313598865922977
batch_town12_13_20260616_133533_r117_140124,100,Town12,SequentialLaneChange,0,2,0,0,0,0.01908873855069393,-0.0018635936270950948,-0.0005832842133312033,-0.0018878159523012528,0.7126065492630005,0.006047467200687384
batch_town12_13_20260616_133533_r117_140124,101,Town12,SequentialLaneChange,0,6,0,0,0,0.0068990153710764,-0.7045792647102809,-0.046729215680478386,-0.6,0.716190755367279,0.013472898175258763
batch_town12_13_20260616_133533_r117_140124,103,Town12,SequentialLaneChange,0,6,0,0,0,0.07759889518461538,-0.6043999999979139,0.0,-0.4164,0.7260401248931885,0.014388943562558154
batch_town12_13_20260616_133533_r117_140124,104,Town12,SequentialLaneChange,0,6,0,0,0,0.05932169526353026,-0.6043199999848008,0.0,-0.4164,0.7245890498161316,0.014097566314588583
batch_town12_13_20260616_133533_r117_140124,105,Town12,SequentialLaneChange,0,6,0,0,0,0.035480328780509884,-0.6658404769401626,0.0,-0.4711514197826385,0.7147837281227112,0.01315953587395402
batch_town12_13_20260616_133533_r117_140124,106,Town12,SequentialLaneChange,0,1,0,0,0,0.10701193580382462,-0.003971243841364158,0.00023345151941606135,0.0057832923889160615,0.6717113256454468,0.0057626249360287485
batch_town12_13_20260616_133533_r117_140124,108,Town12,SequentialLaneChange,0,3,0,0,0,0.08478086000099516,-0.0728834401119216,-0.0032394667429189172,-0.06513102021217343,0.6951881051063538,0.005521363398517831
batch_town12_13_20260616_133533_r117_140124,109,Town12,SequentialLaneChange,0,6,0,0,0,0.050936807938145146,-0.6569474302328946,-0.0050876831260733835,-0.4740429591178894,0.7079148888587952,0.01348923975395433
batch_town12_13_20260616_133533_r117_140124,110,Town12,SequentialLaneChange,0,6,0,0,0,0.07142610090710955,-0.656049475234896,-0.004775663141078412,-0.4740429591178894,0.7084653377532959,0.013891689243201277
batch_town12_13_20260616_133533_r117_140124,111,Town12,SequentialLaneChange,0,6,0,0,0,0.06804256892277993,-0.6546245652960401,-0.004740517882830142,-0.4724122425556183,0.7023993134498596,0.013787791773810731
batch_town12_13_20260616_133533_r117_140124,113,Town12,SequentialLaneChange,0,6,0,0,0,0.07605794539325372,-0.651001532560751,-0.0009246986266572832,-0.46253433194160465,0.692075788974762,0.013986823706769513
batch_town12_13_20260616_133533_r117_140124,114,Town12,SequentialLaneChange,0,6,0,0,0,0.0719553591497546,-0.6844602274294969,-0.019446683217319072,-0.5303143095016479,0.6821208596229553,0.01331733815294811
batch_town12_13_20260616_133533_r117_140124,115,Town12,SequentialLaneChange,0,4,0,0,0,0.049015042615224935,-0.03247811685688462,-0.015384524719153747,-0.052268662834167534,0.6432703137397766,0.004364754510013835
batch_town12_13_20260616_133533_r117_140124,116,Town12,SequentialLaneChange,0,4,0,0,0,0.07996260379464948,-0.05333192842245116,0.0,-0.032399999999999984,0.6449094414710999,0.006109503842957276
batch_town12_13_20260616_133533_r117_140124,117,Town12,SequentialLaneChange,0,2,0,0,0,0.14599085511273957,-0.0287685556146845,-0.007410082930576156,-0.027188424968719427,0.5938865542411804,0.005382379818741789
batch_town12_13_20260616_133533_r117_140124,119,Town12,SequentialLaneChange,0,4,0,0,0,0.03320207340633141,-0.07763740719199197,0.0,-0.06855264880657197,0.6337797045707703,0.004314525300762151
batch_town12_13_20260616_133533_r117_140124,120,Town12,SequentialLaneChange,0,2,0,0,0,0.19738278562100975,-0.05043999957084622,0.0,-0.03239999999999987,0.5169697403907776,0.004452284367157278
batch_town12_13_20260616_133533_r117_140124,121,Town12,SequentialLaneChange,0,4,0,0,0,0.3553869381530277,-0.06115902872913748,-0.01984178897443223,-0.07198912324905382,0.46237674355506897,0.005158614513489201
batch_town12_13_20260616_133533_r117_140124,122,Town12,SequentialLaneChange,0,3,0,0,0,0.25130398904151896,-0.06096030740261421,-0.015092030353544617,-0.06122444643974301,0.5570562481880188,0.004347611135389284
batch_town12_13_20260616_133533_r117_140124,124,Town12,SequentialLaneChange,0,4,0,0,0,0.057732636212938226,-0.02132992245968718,-0.009453367696088455,-0.03239999999999987,0.6653116941452026,0.005264347254617219
batch_town12_13_20260616_133533_r117_140124,125,Town12,SequentialLaneChange,0,2,0,0,0,0.29620093104651324,-0.017597208619117732,0.0,0.0,0.5163237452507019,0.007510734657329543
batch_town12_13_20260616_133533_r117_140124,126,Town12,SequentialLaneChange,0,3,0,0,0,0.1183828120002186,-0.027865998017282678,-0.009736696955455149,-0.03307065296173095,0.6159918904304504,0.006263350145868207
batch_town12_13_20260616_133533_r117_140124,127,Town12,SequentialLaneChange,0,4,0,0,0,0.09315779083827747,-0.04325733402108045,-0.016160175682284617,-0.05471403121948237,0.6426988840103149,0.005482657500718302
batch_town12_13_20260616_133533_r117_140124,129,Town12,SequentialLaneChange,0,5,0,0,0,0.12624595653698578,-0.06157476275234641,0.034671782913337,0.0291887193918228,0.6914159655570984,0.006495784998366005
batch_town12_13_20260616_133533_r117_140124,130,Town12,SequentialLaneChange,0,6,0,0,0,0.09929495113291065,-0.03780156416853586,-0.07062819370160633,-0.13649999999999995,0.7172099351882935,0.014672736244318862
batch_town12_13_20260616_133533_r117_140124,131,Town12,SequentialLaneChange,0,2,0,0,0,0.10259638564405593,-0.02995394465418144,-0.07414269126480827,-0.13649999999999998,0.720334529876709,0.014592527433909375
batch_town12_13_20260616_133533_r117_140124,132,Town12,SequentialLaneChange,0,3,0,0,0,0.08074885592620595,-0.025066115910681863,0.003185440213188173,-0.013837779611928447,0.6869961619377136,0.0053383143805769695
batch_town12_13_20260616_133533_r117_140124,134,Town12,SequentialLaneChange,0,1,0,0,0,0.0875584008172019,-0.008804977173259454,-0.05422548270519373,-0.08387131550341918,0.7193121314048767,0.013331387280774543
batch_town12_13_20260616_133533_r117_140124,135,Town12,SequentialLaneChange,0,0,0,1,1,0.0,0.0,0.0,0.0,0.7074187397956848,0.012645662034962868
batch_town12_13_20260616_133533_r117_140124,136,Town12,SequentialLaneChange,0,0,0,1,1,0.0,0.0,0.0,0.0,0.6980798840522766,0.006311305633424524
batch_town12_13_20260616_133533_r117_140124,137,Town12,SequentialLaneChange,0,0,0,1,1,0.0,0.0,0.0,0.0,0.7003019452095032,0.008253063961268126
batch_town12_13_20260616_133533_r117_140124,138,Town12,SequentialLaneChange,0,2,0,0,0,0.056758296338709435,-0.01755414474833672,0.0,-0.016229988386812527,0.6901508569717407,0.0070802108857721535
batch_town12_13_20260616_133533_r117_140124,140,Town12,SequentialLaneChange,0,5,0,0,0,0.034528401748475046,-0.18317526375324472,-0.0007809653471534395,-0.10409999999999997,0.7127516269683838,0.010550301258050787
batch_town12_13_20260616_133533_r117_140124,141,Town12,SequentialLaneChange,0,0,0,1,1,0.0,0.0,0.0,0.0,0.7020288705825806,0.0056471811183023135
batch_town12_13_20260616_133533_r117_140124,142,Town12,SequentialLaneChange,0,0,0,1,1,0.0,0.0,0.0,0.0,0.6871636509895325,0.005004966739820205
batch_town12_13_20260616_133533_r117_140124,143,Town12,SequentialLaneChange,0,5,0,0,0,0.08276734798834084,-0.015785448249981515,0.006802197878804761,0.010670648217201206,0.6222682595252991,0.004542173538320204
batch_town12_13_20260616_133533_r117_140124,145,Town12,SequentialLaneChange,0,4,0,0,0,0.05949890254697121,-0.018874307424426084,0.0,-0.01103083745241168,0.6723760366439819,0.005441781828137815
batch_town12_13_20260616_133533_r117_140124,146,Town12,SequentialLaneChange,0,5,0,0,0,0.07557055981406813,-0.020702599982023284,0.0,-0.01955698633790018,0.6562989950180054,0.0051664564185456285
batch_town12_13_20260616_133533_r117_140124,147,Town12,SequentialLaneChange,0,4,0,0,0,0.12015542601892926,-0.005931757414691485,0.0010317874012624184,0.011980558633804317,0.6147274971008301,0.004890552277484028
batch_town12_13_20260616_133533_r117_140124,148,Town12,SequentialLaneChange,0,4,0,0,0,0.1948857741820884,-0.013191016204655182,0.0,0.0,0.5640681982040405,0.005185854785691779
batch_town12_13_20260616_133533_r117_140124,150,Town12,SequentialLaneChange,0,2,0,0,0,0.02313000752792882,-0.005286364340782113,0.0,-0.007430387377738934,0.6226928234100342,0.003850408649020809
batch_town12_13_20260616_133533_r117_140124,151,Town12,SequentialLaneChange,0,4,0,0,0,0.007390423565540871,-0.018437769497931022,0.0,-0.01699453639984133,0.6442239284515381,0.0035933871673056728
batch_town12_13_20260616_133533_r117_140124,152,Town12,SequentialLaneChange,0,5,0,0,0,0.14047340819016063,-0.009703407962806554,0.0,0.0,0.5755513310432434,0.005039738761961621
batch_town12_13_20260616_133533_r117_140124,153,Town12,SequentialLaneChange,0,2,0,0,0,0.011511169903841045,-0.0039150000041723865,0.0,-0.008099999999999996,0.6314312815666199,0.0049842457184225974
batch_town12_13_20260616_133533_r117_140124,154,Town12,SequentialLaneChange,0,4,0,0,0,0.09205269914243419,-0.014323598846644137,0.0,-0.006130413374304727,0.5420026183128357,0.00417896597582601
batch_town12_13_20260616_133533_r117_140124,156,Town12,SequentialLaneChange,0,2,0,0,0,0.017518721496463385,-0.004297644028998904,0.0,-0.010723155677318602,0.5295014977455139,0.004284058553794656
batch_town12_13_20260616_133533_r117_140124,157,Town12,SequentialLaneChange,0,3,0,0,0,0.001520767095911646,-0.005805000003799854,0.0,-0.013500000000000012,0.549259603023529,0.0033548234736300864
batch_town12_13_20260616_133533_r117_140124,158,Town12,SequentialLaneChange,0,3,0,0,0,0.13177959913179116,-0.010485480986535567,0.0,0.0,0.48531726002693176,0.0044000498252703135
batch_town12_13_20260616_133533_r117_140124,159,Town12,SequentialLaneChange,0,5,0,0,0,0.06716191969685426,-0.024427153062820506,0.0,-0.018184124350547837,0.5000867247581482,0.00318577741610232
batch_town12_13_20260616_133533_r117_140124,161,Town12,SequentialLaneChange,0,4,0,0,0,0.06499728786962344,-0.005992117077112169,0.0,0.0,0.5029564499855042,0.004225675411451579
batch_town12_13_20260616_133533_r117_140124,162,Town12,SequentialLaneChange,0,5,0,0,0,0.026286002064043634,-0.01310802515745163,0.0,-0.01084478759765628,0.5157058238983154,0.0042479771751151585
batch_town12_13_20260616_133533_r117_140124,163,Town12,SequentialLaneChange,0,5,0,0,0,0.05731567779348867,-0.01219918554797772,0.0,-0.005308976411819488,0.4602876603603363,0.003395450235491204
batch_town12_13_20260616_133533_r117_140124,164,Town12,SequentialLaneChange,0,5,0,0,0,0.02597021972184721,-0.030055860188603456,0.0,-0.027868325829505936,0.4665572941303253,0.002416203719542931
batch_town12_13_20260616_133533_r117_140124,166,Town12,SequentialLaneChange,0,3,0,0,0,0.0214719672271364,-0.005951061490923171,0.0,0.0,0.4785563349723816,0.0045616400796588685
batch_town12_13_20260616_133533_r117_140124,167,Town12,SequentialLaneChange,0,5,0,0,0,0.030344309302009265,-0.014701735051161569,0.005389556911007787,0.011938799858093319,0.4433040916919708,0.004699226275780122
batch_town12_13_20260616_133533_r117_140124,168,Town12,SequentialLaneChange,0,2,0,0,0,0.0242974186832019,-0.007034910041317344,0.0,-0.016400224542617747,0.41393381357192993,0.004668997951194687
batch_town12_13_20260616_133533_r117_140124,169,Town12,SequentialLaneChange,0,4,0,0,0,0.01806909492648945,-0.028413630588456862,0.013454932469838199,0.013500000000000068,0.38414907455444336,0.004385591839580538
batch_town12_13_20260616_133533_r117_140124,170,Town12,SequentialLaneChange,0,5,0,0,0,0.03770970710560184,-0.030807293964407845,0.008217616958521912,0.00828407728672026,0.35577157139778137,0.0038720377544085305
batch_town12_13_20260616_133533_r117_140124,172,Town12,SequentialLaneChange,0,0,0,1,1,0.0,0.0,0.0,0.0,0.35433894395828247,0.004619740411478057
batch_town12_13_20260616_133533_r117_140124,173,Town12,SequentialLaneChange,0,0,0,1,1,0.0,0.0,0.0,0.0,0.3497276306152344,0.00480371952018821
batch_town12_13_20260616_133533_r117_140124,174,Town12,SequentialLaneChange,0,1,0,0,0,0.01233687202499767,-0.00746744231022492,0.002783172883919438,0.0028434269428253,0.3319846987724304,0.0047417898215005305
batch_town12_13_20260616_133533_r117_140124,175,Town12,SequentialLaneChange,0,0,0,1,1,0.0,0.0,0.0,0.0,0.3755004405975342,0.005368902679882215
batch_town12_13_20260616_133533_r117_140124,177,Town12,SequentialLaneChange,0,0,0,1,1,0.0,0.0,0.0,0.0,0.3552255928516388,0.0053075470303705075
batch_town12_13_20260616_133533_r117_140124,178,Town12,SequentialLaneChange,0,0,0,1,1,0.0,0.0,0.0,0.0,0.3760210871696472,0.005316550518783991
batch_town12_13_20260616_133533_r117_140124,179,Town12,SequentialLaneChange,0,0,0,1,1,0.0,0.0,0.0,0.0,0.37888941168785095,0.0052691441706025355
batch_town12_13_20260616_133533_r117_140124,180,Town12,SequentialLaneChange,0,2,0,0,0,0.042029053297836017,-0.006024999993294589,0.0,-0.013500000000000068,0.4200175702571869,0.0053744991442956636
batch_town12_13_20260616_133533_r117_140124,182,Town12,SequentialLaneChange,0,4,0,0,0,0.04209922617958006,-0.006045000015199198,0.0,-0.013500000000000012,0.37807512283325195,0.005174865068400258
batch_town12_13_20260616_133533_r117_140124,183,Town12,SequentialLaneChange,0,2,0,0,0,0.03735515474499129,-0.005824999997764868,0.0,-0.013500000000000012,0.3697069585323334,0.004988518217542426
batch_town12_13_20260616_133533_r117_140124,184,Town12,SequentialLaneChange,0,3,0,0,0,0.039161395199636795,-0.0058850000075996445,0.0,-0.013500000000000068,0.3621886670589447,0.005126272414352373
batch_town12_13_20260616_133533_r117_140124,185,Town12,SequentialLaneChange,0,4,0,0,0,0.05957499294673485,-0.013473969295620974,0.0,-0.004479895234108022,0.33358097076416016,0.004992091931188991
batch_town12_13_20260616_133533_r117_140124,187,Town12,SequentialLaneChange,0,0,0,1,1,0.0,0.0,0.0,0.0,0.26587000489234924,0.0047481436937011345
batch_town12_13_20260616_133533_r117_140124,188,Town12,SequentialLaneChange,0,0,0,1,1,0.0,0.0,0.0,0.0,0.2701098322868347,0.004872498103139167
batch_town12_13_20260616_133533_r117_140124,189,Town12,SequentialLaneChange,0,0,0,1,1,0.0,0.0,0.0,0.0,0.27495646476745605,0.004869618867255898
batch_town12_13_20260616_133533_r117_140124,190,Town12,SequentialLaneChange,0,3,0,0,0,0.048675700432330604,-0.006164999997615814,0.0,-0.013500000000000012,0.325926274061203,0.0047266120736628725
batch_town12_13_20260616_133533_r117_140124,191,Town12,SequentialLaneChange,0,3,0,0,0,0.036398305128490405,-0.0065249999821186955,0.0,-0.013500000000000068,0.3248482644557953,0.004595366639320586
batch_town12_13_20260616_133533_r117_140124,193,Town12,SequentialLaneChange,0,2,0,0,0,0.05626988361492313,-0.009400000002086184,0.0,-0.021600000000000008,0.2778686285018921,0.004516530490056514
batch_town12_13_20260616_133533_r117_140124,194,Town12,SequentialLaneChange,0,3,0,0,0,0.06367733992447921,-0.06469398779617155,0.0,-0.06361587498619531,0.19185754656791687,0.0024929540007245232
batch_town12_13_20260616_133533_r117_140124,195,Town12,SequentialLaneChange,0,3,0,0,0,0.14982711719032432,-0.038755560486861795,0.0,-0.03766528939711364,0.19169826805591583,0.002647855037056168
batch_town12_13_20260616_133533_r117_140124,196,Town12,SequentialLaneChange,0,3,0,0,0,0.10023730202198,-0.059960515938185466,0.0,-0.06056204909489685,0.19564326107501984,0.0029761262289091373
batch_town12_13_20260616_133533_r117_140124,198,Town12,SequentialLaneChange,0,3,0,0,0,0.05258082813766429,-0.0181808053464326,0.0,-0.027825603671694427,0.19514448940753937,0.005380118271009371
batch_town12_13_20260616_133533_r117_140124,199,Town12,SequentialLaneChange,0,0,0,1,1,0.0,0.0,0.0,0.0,0.20990297198295593,0.005388441890415097
batch_town12_13_20260616_133533_r117_140124,200,Town12,SequentialLaneChange,0,0,0,1,1,0.0,0.0,0.0,0.0,0.22854302823543549,0.006158797904562752
batch_town12_13_20260616_133533_r117_140124,201,Town12,SequentialLaneChange,0,0,0,1,1,0.0,0.0,0.0,0.0,0.23091362416744232,0.005584400365958642
batch_town12_13_20260616_133533_r117_140124,203,Town12,SequentialLaneChange,0,1,0,0,0,0.007470727503422037,-0.00465500001370904,0.0,-0.008099999999999996,0.15568587183952332,0.003328342201194434
batch_town12_13_20260616_133533_r117_140124,204,Town12,SequentialLaneChange,0,3,0,0,0,0.0036608326907431876,-0.00736500004529958,0.0,-0.013500000000000012,0.1764952540397644,0.0025877196868612784
batch_town12_13_20260616_133533_r117_140124,205,Town12,SequentialLaneChange,0,4,0,0,0,0.07730941786776202,-0.022714999732971218,0.0,-0.008099999999999996,0.10726815462112427,-0.0009846507501842794
batch_town12_13_20260616_133533_r122_140635,0,Town12,DynamicObjectCrossing,0,6,0,0,0,0.022334609522242976,-0.40376004480361943,0.0,-0.26760003318786624,1.699481981631834e-05,0.02261196333181026
batch_town12_13_20260616_133533_r122_140635,1,Town12,DynamicObjectCrossing,0,6,0,0,0,0.019681128021898253,-0.5742543383121492,0.0,-0.40272784101963055,2.1191513951634988e-05,0.01953580442054914
batch_town12_13_20260616_133533_r122_140635,3,Town12,DynamicObjectCrossing,0,6,0,0,0,0.019514215489212283,-0.2114466712723705,0.0,-0.12514568242397814,9.250768925994635e-06,0.019459829901744996
batch_town12_13_20260616_133533_r122_140635,4,Town12,DynamicObjectCrossing,0,6,0,0,0,0.02149204261862603,-0.11481465781875681,0.0,-0.053566413199079115,2.335006502107717e-05,0.021739744211126677
batch_town12_13_20260616_133533_r122_140635,5,Town12,DynamicObjectCrossing,0,6,0,0,0,0.02149204261862603,-0.11481465781875681,0.0,-0.053566413199079115,2.335006502107717e-05,0.021739744211126677
batch_town12_13_20260616_133533_r122_140635,7,Town12,DynamicObjectCrossing,0,6,0,0,0,0.02029606355692759,-0.12731724016232465,0.0,-0.06282758530542565,2.5080515115405433e-05,0.020934717874251163
batch_town12_13_20260616_133533_r122_140635,8,Town12,DynamicObjectCrossing,0,6,0,0,0,0.021651477503204397,-0.1375035945460087,0.0,-0.08111949216325237,2.5048435418284498e-05,0.020957651372945918
batch_town12_13_20260616_133533_r122_140635,10,Town12,DynamicObjectCrossing,0,6,0,0,0,0.020494994196093463,-0.11507090958763565,0.0,-0.05375622932417456,2.4920393116190098e-05,0.021057010388949138
batch_town12_13_20260616_133533_r122_140635,11,Town12,DynamicObjectCrossing,0,6,0,0,0,0.020491685512054714,-0.1099723356438396,0.0,-0.04997950788432561,2.4886621758923866e-05,0.02104469408427967
batch_town12_13_20260616_133533_r122_140635,25,Town12,DynamicObjectCrossing,0,0,0,1,1,0.0,0.0,0.0,0.0,0.025788171216845512,0.00135812915469824
batch_town12_13_20260616_133533_r122_140635,27,Town12,DynamicObjectCrossing,0,2,0,0,0,0.0008018170528696356,-0.011000966150313624,0.0,0.0,0.027680175378918648,0.00446307180937211
batch_town12_13_20260616_133533_r122_140635,28,Town12,DynamicObjectCrossing,0,0,0,1,1,0.0,0.0,0.0,0.0,0.029038965702056885,0.0015097418163456666
batch_town12_13_20260616_133533_r122_140635,29,Town12,DynamicObjectCrossing,0,0,0,1,1,0.0,0.0,0.0,0.0,0.029880711808800697,0.0011598868437054932
batch_town12_13_20260616_133533_r122_140635,31,Town12,DynamicObjectCrossing,0,0,0,1,1,0.0,0.0,0.0,0.0,0.03520336374640465,0.001977589459970286
batch_town12_13_20260616_133533_r122_140635,32,Town12,DynamicObjectCrossing,0,0,0,1,1,0.0,0.0,0.0,0.0,0.03785157948732376,0.0024104171540157426
batch_town12_13_20260616_133533_r122_140635,33,Town12,DynamicObjectCrossing,0,0,0,1,1,0.0,0.0,0.0,0.0,0.04115987941622734,0.002845367940376542
batch_town12_13_20260616_133533_r122_140635,35,Town12,DynamicObjectCrossing,0,1,0,0,0,1.2056444583019577e-05,-0.00016000000759963662,0.0,0.0,0.05258125439286232,0.003188714618778399
batch_town12_13_20260616_133533_r122_140635,36,Town12,DynamicObjectCrossing,0,1,0,0,0,1.1550130578852347e-05,-0.00016000000759963662,0.0,0.0,0.05617423355579376,0.003043107373053633
batch_town12_13_20260616_133533_r122_140635,38,Town12,DynamicObjectCrossing,0,1,0,0,0,1.3649419382977257e-05,-0.0006800000369548975,0.0,0.0,0.06468664109706879,0.0037262446216341227
batch_town12_13_20260616_133533_r122_140635,39,Town12,DynamicObjectCrossing,0,2,0,0,0,9.301895211255573e-06,-0.0022914379136637075,0.0,0.0,0.0696469247341156,0.004078909859975166
batch_town12_13_20260616_133533_r122_140635,40,Town12,DynamicObjectCrossing,0,2,0,0,0,0.00022880268686209515,-0.0046680715866387335,0.0,0.0,0.07452207803726196,0.002673673390386322
batch_town12_13_20260616_133533_r122_140635,42,Town12,DynamicObjectCrossing,0,2,0,0,0,0.01781984813485088,-0.007700810134410818,0.0,0.0,0.06576670706272125,0.005337737896608408
batch_town12_13_20260616_133533_r122_140635,43,Town12,DynamicObjectCrossing,0,1,0,0,0,0.0009006307389022306,-0.00039999999105932993,0.0,0.0,0.07912809401750565,0.0033205880423171075
batch_town12_13_20260616_133533_r122_140635,44,Town12,DynamicObjectCrossing,0,0,0,1,1,0.0,0.0,0.0,0.0,0.09084649384021759,0.003799478032211534
batch_town12_13_20260616_133533_r122_140635,46,Town12,DynamicObjectCrossing,0,0,0,1,1,0.0,0.0,0.0,0.0,0.12332217395305634,0.00429866243974808
batch_town12_13_20260616_133533_r122_140635,47,Town12,DynamicObjectCrossing,0,3,0,0,0,0.0010583121387532923,-0.0009097405802458436,0.0,0.0,0.12926238775253296,0.004299342308755838
batch_town12_13_20260616_133533_r122_140635,48,Town12,DynamicObjectCrossing,0,2,0,0,0,0.019013735055320835,-0.012198211774229861,0.0,0.0,0.1269041895866394,0.0036689931896159433
batch_town12_13_20260616_133533_r122_140635,50,Town12,DynamicObjectCrossing,0,1,0,0,0,0.0009987772632271685,-0.0005268328078091855,0.0,0.0,0.13765086233615875,0.00479343682920641
batch_town12_13_20260616_133533_r122_140635,51,Town12,DynamicObjectCrossing,0,0,0,1,1,0.0,0.0,0.0,0.0,0.15289106965065002,0.004579257302379736
batch_town12_13_20260616_133533_r122_140635,53,Town12,DynamicObjectCrossing,0,3,0,0,0,0.013546572181519556,-0.03844719141783115,-0.004400167310362246,-0.03594054164886451,0.16245730221271515,0.0048412413596221615
batch_town12_13_20260616_133533_r122_140635,54,Town12,DynamicObjectCrossing,0,0,0,1,1,0.0,0.0,0.0,0.0,0.20445218682289124,0.003721914249367353
batch_town12_13_20260616_133533_r122_140635,55,Town12,DynamicObjectCrossing,0,0,0,1,1,0.0,0.0,0.0,0.0,0.18014901876449585,0.0034871648455753745
batch_town12_13_20260616_133533_r122_140635,57,Town12,DynamicObjectCrossing,0,0,0,1,1,0.0,0.0,0.0,0.0,0.18581122159957886,0.004470261002722742
batch_town12_13_20260616_133533_r122_140635,58,Town12,DynamicObjectCrossing,0,0,0,1,1,0.0,0.0,0.0,0.0,0.26222482323646545,0.003990696949864425
batch_town12_13_20260616_133533_r122_140635,59,Town12,DynamicObjectCrossing,0,0,0,1,1,0.0,0.0,0.0,0.0,0.28902503848075867,0.004426995300277792
batch_town12_13_20260616_133533_r122_140635,61,Town12,DynamicObjectCrossing,0,0,0,1,1,0.0,0.0,0.0,0.0,0.12108267843723297,0.005627488141252801
batch_town12_13_20260616_133533_r122_140635,62,Town12,DynamicObjectCrossing,0,1,0,0,0,0.0024121026667316414,-0.0020000000298021625,0.0,0.0,0.08238529413938522,0.0056475124373862595
batch_town12_13_20260616_133533_r122_140635,63,Town12,DynamicObjectCrossing,0,2,0,0,0,0.016244015686048385,-0.009152869284153153,0.0,0.0,0.07493869960308075,0.00581153842082327
batch_town12_13_20260616_133533_r122_140635,65,Town12,DynamicObjectCrossing,0,2,0,0,0,0.002120156873073764,-0.0025732562690974348,0.0,0.0,0.08042912185192108,0.00510455406445165
batch_town12_13_20260616_133533_r122_140635,66,Town12,DynamicObjectCrossing,0,0,0,1,1,0.0,0.0,0.0,0.0,0.08078083395957947,0.0052114478270615106
batch_town12_13_20260616_133533_r122_140635,68,Town12,DynamicObjectCrossing,0,0,0,1,1,0.0,0.0,0.0,0.0,0.08009401708841324,0.005664741029751452
batch_town12_13_20260616_133533_r122_140635,69,Town12,DynamicObjectCrossing,0,0,0,1,1,0.0,0.0,0.0,0.0,0.07736443728208542,0.004838760305973189
batch_town12_13_20260616_133533_r122_140635,70,Town12,DynamicObjectCrossing,0,3,0,0,0,0.0050812215508155845,-0.030125058546662364,0.0,-0.018802134990692165,0.07240407168865204,0.004821407726477656
batch_town12_13_20260616_133533_r122_140635,72,Town12,DynamicObjectCrossing,0,3,0,0,0,0.00569030222639566,-0.028033357838541217,0.0,-0.016252783298492446,0.07417727261781693,0.007317493035732703
batch_town12_13_20260616_133533_r122_140635,73,Town12,DynamicObjectCrossing,0,0,0,1,1,0.0,0.0,0.0,0.0,0.0975554808974266,0.006046884723383217
batch_town12_13_20260616_133533_r122_140635,74,Town12,DynamicObjectCrossing,0,0,0,1,1,0.0,0.0,0.0,0.0,0.07821084558963776,0.00720022818044086
batch_town12_13_20260616_133533_r122_140635,76,Town12,DynamicObjectCrossing,0,0,0,1,1,0.0,0.0,0.0,0.0,0.06172411888837814,0.005370174203489286
batch_town12_13_20260616_133533_r122_140635,77,Town12,DynamicObjectCrossing,0,0,0,1,1,0.0,0.0,0.0,0.0,0.05930500105023384,0.008555521388438514
batch_town12_13_20260616_133533_r122_140635,79,Town12,DynamicObjectCrossing,0,0,0,1,1,0.0,0.0,0.0,0.0,0.0580635666847229,0.005490379164479142
batch_town12_13_20260616_133533_r122_140635,80,Town12,DynamicObjectCrossing,0,0,0,1,1,0.0,0.0,0.0,0.0,0.05718398466706276,0.005485551532648847
batch_town12_13_20260616_133533_r122_140635,81,Town12,DynamicObjectCrossing,0,0,0,1,1,0.0,0.0,0.0,0.0,0.05628668889403343,0.005490439285126936
batch_town12_13_20260616_133533_r122_140635,83,Town12,DynamicObjectCrossing,0,0,0,1,1,0.0,0.0,0.0,0.0,0.05493208393454552,0.005616389232878216
batch_town12_13_20260616_133533_r122_140635,84,Town12,DynamicObjectCrossing,0,0,0,1,1,0.0,0.0,0.0,0.0,0.05409279093146324,0.005559558926332198
batch_town12_13_20260616_133533_r122_140635,85,Town12,DynamicObjectCrossing,0,0,0,1,1,0.0,0.0,0.0,0.0,0.05353201553225517,0.005494962755175248
batch_town12_13_20260616_133533_r122_140635,87,Town12,DynamicObjectCrossing,0,0,0,1,1,0.0,0.0,0.0,0.0,0.058869585394859314,0.00617445961425056
batch_town12_13_20260616_133533_r122_140635,88,Town12,DynamicObjectCrossing,0,0,0,1,1,0.0,0.0,0.0,0.0,0.05748990550637245,0.005575761721850148
batch_town12_13_20260616_133533_r122_140635,89,Town12,DynamicObjectCrossing,0,0,0,1,1,0.0,0.0,0.0,0.0,0.054555442184209824,0.006220351334149443
batch_town12_13_20260616_133533_r122_140635,91,Town12,DynamicObjectCrossing,0,0,0,1,1,0.0,0.0,0.0,0.0,0.05290830880403519,0.006350211371508152
batch_town12_13_20260616_133533_r122_140635,92,Town12,DynamicObjectCrossing,0,1,0,0,0,0.014426339967044344,-0.01217198414482179,0.0,-0.004333237329125383,0.05446949973702431,0.007751543885293977
batch_town12_13_20260616_133533_r122_140635,94,Town12,DynamicObjectCrossing,0,3,0,0,0,0.0008577437455496995,-0.04462173838332295,0.0,-0.032399999999999984,0.0715174525976181,0.007349594839570095
batch_town12_13_20260616_133533_r122_140635,95,Town12,DynamicObjectCrossing,0,3,0,0,0,0.005562829832223892,-0.032244067190177805,0.0,-0.019875753307342592,0.05255632847547531,0.006723732528120863
batch_town12_13_20260616_133533_r122_140635,96,Town12,DynamicObjectCrossing,0,0,0,1,1,0.0,0.0,0.0,0.0,0.06508567929267883,0.005178650796293871
batch_town12_13_20260616_133533_r122_140635,98,Town12,DynamicObjectCrossing,0,0,0,1,1,0.0,0.0,0.0,0.0,0.06356283277273178,0.005137301462908805
batch_town12_13_20260616_133533_r122_140635,99,Town12,DynamicObjectCrossing,0,0,0,1,1,0.0,0.0,0.0,0.0,0.05223710089921951,0.005360408437703468
batch_town12_13_20260616_133533_r122_140635,100,Town12,DynamicObjectCrossing,0,0,0,1,1,0.0,0.0,0.0,0.0,0.06486407667398453,0.004769526416807945
batch_town12_13_20260616_133533_r122_140635,102,Town12,DynamicObjectCrossing,0,0,0,1,1,0.0,0.0,0.0,0.0,0.08217933773994446,0.005075859097322555
batch_town12_13_20260616_133533_r122_140635,103,Town12,DynamicObjectCrossing,0,2,0,0,0,0.0011151288625375066,-0.008952625197417241,-0.00015946055052061536,-0.0019373831748963344,0.09468080848455429,0.0054284404757880544
batch_town12_13_20260616_133533_r122_140635,104,Town12,DynamicObjectCrossing,0,3,0,0,0,0.0017519573395514687,-0.03793707087246201,-0.003284109394163459,-0.03308988046646144,0.11321727931499481,0.005839967059101392
batch_town12_13_20260616_133533_r122_140635,106,Town12,DynamicObjectCrossing,0,3,0,0,0,0.017513510700299495,-0.012805231958627594,0.0,0.0,0.15073435008525848,0.006741361175637728
batch_town12_13_20260616_133533_r122_140635,107,Town12,DynamicObjectCrossing,0,2,0,0,0,0.015375297420923362,-0.007147945323959126,0.0,0.0,0.17614316940307617,0.006247979487540745
batch_town12_13_20260616_133533_r122_140635,109,Town12,DynamicObjectCrossing,0,1,0,0,0,3.0106502829418957e-05,-0.00012000000104306352,0.0,0.0,0.23572412133216858,0.005462098486673783
batch_town12_13_20260616_133533_r122_140635,110,Town12,DynamicObjectCrossing,0,5,0,0,0,0.03493906407276404,-0.030231545002380344,-0.006612971304425674,-0.032399999999999984,0.3651787042617798,0.006752018824678352
batch_town12_13_20260616_133533_r122_140635,111,Town12,DynamicObjectCrossing,0,1,0,0,0,0.013969789931017607,-0.005980111411625688,-0.0007667505452690904,-0.0034498902797699404,0.38687261939048767,0.005876632788002434
batch_town12_13_20260616_133533_r122_140635,113,Town12,DynamicObjectCrossing,0,0,0,1,1,0.0,0.0,0.0,0.0,0.06835891306400299,0.004662514473111612
batch_town12_13_20260616_133533_r122_140635,114,Town12,DynamicObjectCrossing,0,0,0,1,1,0.0,0.0,0.0,0.0,0.0659121498465538,0.00455455127467963
batch_town12_13_20260616_133533_r122_140635,115,Town12,DynamicObjectCrossing,0,0,0,1,1,0.0,0.0,0.0,0.0,0.06908481568098068,0.004535151971074791
batch_town12_13_20260616_133533_r122_140635,117,Town12,DynamicObjectCrossing,0,0,0,1,1,0.0,0.0,0.0,0.0,0.06128592789173126,0.00549047842910011
batch_town12_13_20260616_133533_r122_140635,118,Town12,DynamicObjectCrossing,0,0,0,1,1,0.0,0.0,0.0,0.0,0.07056630402803421,0.004312510603539987
batch_town12_13_20260616_133533_r122_140635,119,Town12,DynamicObjectCrossing,0,0,0,1,1,0.0,0.0,0.0,0.0,0.07253599911928177,0.004315616275134104
batch_town12_13_20260616_133533_r122_140635,121,Town12,DynamicObjectCrossing,0,0,0,1,1,0.0,0.0,0.0,0.0,0.1024848073720932,0.0034557831784693405
batch_town12_13_20260616_133533_r122_140635,122,Town12,DynamicObjectCrossing,0,0,0,1,1,0.0,0.0,0.0,0.0,0.08135423064231873,0.003997884832172893
batch_town12_13_20260616_133533_r122_140635,124,Town12,DynamicObjectCrossing,0,0,0,1,1,0.0,0.0,0.0,0.0,0.08821936696767807,0.003239503643033992
batch_town12_13_20260616_133533_r122_140635,125,Town12,DynamicObjectCrossing,0,0,0,1,1,0.0,0.0,0.0,0.0,0.1328016072511673,0.001106543347439759
batch_town12_13_20260616_133533_r122_140635,126,Town12,DynamicObjectCrossing,0,0,0,1,1,0.0,0.0,0.0,0.0,0.12458685040473938,0.0002875883113251376
batch_town12_13_20260616_133533_r122_140635,128,Town12,DynamicObjectCrossing,0,0,0,1,1,0.0,0.0,0.0,0.0,0.1291002780199051,-0.0008001998535869248
batch_town12_13_20260616_133533_r122_140635,129,Town12,DynamicObjectCrossing,0,0,0,1,1,0.0,0.0,0.0,0.0,0.054943591356277466,0.0001215865873473998
batch_town12_13_20260616_133533_r122_140635,130,Town12,DynamicObjectCrossing,0,5,0,0,0,0.0024169590333404933,-0.1144187167331576,0.0,-0.0851999659538269,0.05071794241666794,-0.0021312605073973145
batch_town12_13_20260616_133533_r122_140635,132,Town12,DynamicObjectCrossing,0,3,0,0,0,0.005235989925988838,-0.03231231548208735,0.0,-0.014818767070770233,0.05873811990022659,-0.0003047824915931585
batch_town12_13_20260616_133533_r122_140635,133,Town12,DynamicObjectCrossing,0,0,0,1,1,0.0,0.0,0.0,0.0,0.06358854472637177,0.0015714872199634744
batch_town12_13_20260616_133533_r122_140635,134,Town12,DynamicObjectCrossing,0,2,0,0,0,0.0019283515246659721,-0.006891845911741301,0.0,0.0,0.06455504149198532,0.0006376079134027268
batch_town12_13_20260616_133533_r122_140635,136,Town12,DynamicObjectCrossing,0,2,0,0,0,0.0068890526001729735,-0.012663489133119543,0.0,0.0,0.06428278982639313,0.0032721089807081216
batch_town12_13_20260616_133533_r122_140635,137,Town12,DynamicObjectCrossing,0,3,0,0,0,0.0005664836388028505,-0.008714838551171056,0.0,-0.0049776620864868115,0.06556858867406845,0.0014173150294289893
batch_town12_13_20260616_133533_r122_140635,139,Town12,DynamicObjectCrossing,0,0,0,1,1,0.0,0.0,0.0,0.0,0.0718262642621994,0.0019915514971386994
batch_town12_13_20260616_133533_r122_140635,140,Town12,DynamicObjectCrossing,0,0,0,1,1,0.0,0.0,0.0,0.0,0.07229797542095184,0.002156389764842004
batch_town12_13_20260616_133533_r122_140635,141,Town12,DynamicObjectCrossing,0,5,0,0,0,0.0075845131896497,-0.12702438880741596,0.0,-0.08689508231878279,0.11915417015552521,0.0005139483563114666
batch_town12_13_20260616_133533_r122_140635,143,Town12,DynamicObjectCrossing,0,0,0,1,1,0.0,0.0,0.0,0.0,0.07321150600910187,0.002531859738808151
batch_town12_13_20260616_133533_r122_140635,144,Town12,DynamicObjectCrossing,0,0,0,1,1,0.0,0.0,0.0,0.0,0.09117349237203598,0.0006197951581077277
batch_town12_13_20260616_133533_r122_140635,145,Town12,DynamicObjectCrossing,0,0,0,1,1,0.0,0.0,0.0,0.0,0.10002650320529938,0.0009464036675594922
batch_town12_13_20260616_133533_r122_140635,147,Town12,DynamicObjectCrossing,0,0,0,1,1,0.0,0.0,0.0,0.0,0.07308752834796906,0.0011804776973454167
batch_town12_13_20260616_133533_r122_140635,148,Town12,DynamicObjectCrossing,0,1,0,0,0,0.0033921309850659664,-0.01630400275677435,0.0,-0.0026758498191832847,0.07250211387872696,0.0021294956077706484
batch_town12_13_20260616_133533_r122_140635,149,Town12,DynamicObjectCrossing,0,0,0,1,1,0.0,0.0,0.0,0.0,0.06547203660011292,0.0014218409342698912
batch_town12_13_20260616_133533_r122_140635,151,Town12,DynamicObjectCrossing,0,0,0,1,1,0.0,0.0,0.0,0.0,0.06441529095172882,0.0013586206082178975
batch_town12_13_20260616_133533_r122_140635,152,Town12,DynamicObjectCrossing,0,0,0,1,1,0.0,0.0,0.0,0.0,0.08834396302700043,0.0003051499083999154
batch_town12_13_20260616_133533_r122_140635,154,Town12,DynamicObjectCrossing,0,0,0,1,1,0.0,0.0,0.0,0.0,0.09267059713602066,0.0003838905388777736
batch_town12_13_20260616_133533_r122_140635,155,Town12,DynamicObjectCrossing,0,0,0,1,1,0.0,0.0,0.0,0.0,0.0985950157046318,0.00040364831886852137
batch_town12_13_20260616_133533_r122_140635,156,Town12,DynamicObjectCrossing,0,0,0,1,1,0.0,0.0,0.0,0.0,0.10240036994218826,0.0001770313096181031
batch_town12_13_20260616_133533_r122_140635,158,Town12,DynamicObjectCrossing,0,0,0,1,1,0.0,0.0,0.0,0.0,0.15437231957912445,-0.002535565308597665
batch_town12_13_20260616_133533_r122_140635,159,Town12,DynamicObjectCrossing,0,2,0,0,0,0.010015675799058155,-0.009133026679046446,0.0,0.0,0.07168005406856537,-0.001105229170899058
batch_town12_13_20260616_133533_r122_140635,160,Town12,DynamicObjectCrossing,0,3,0,0,0,0.003680875545414297,-0.059680588620901115,0.0,-0.03947934436798095,0.07277743518352509,0.0011668342434227874
batch_town12_13_20260616_133533_r122_140635,162,Town12,DynamicObjectCrossing,0,1,0,0,0,6.261829010711928e-05,-0.00012000000104306352,0.0,0.0,0.0882563665509224,0.00021900769574090262
batch_town12_13_20260616_133533_r122_140635,163,Town12,DynamicObjectCrossing,0,2,0,0,0,0.0005137469804383787,-0.011257515102624904,0.0,0.0,0.09412585198879242,-1.99555848570121e-05
batch_town12_13_20260616_133533_r122_140635,164,Town12,DynamicObjectCrossing,0,1,0,0,0,6.742521336344787e-05,-0.00019999999552966496,0.0,0.0,0.10080451518297195,0.000248903390200228
batch_town12_13_20260616_133533_r122_140635,166,Town12,DynamicObjectCrossing,0,1,0,0,0,0.0005745044523348675,-0.000439999997615792,0.0,0.0,0.1123967245221138,0.0003936843984242433
batch_town12_13_20260616_133533_r122_140635,167,Town12,DynamicObjectCrossing,0,1,0,0,0,0.0004340867827452577,-0.0002800000086426446,0.0,0.0,0.1184689998626709,0.0005218202280459217
batch_town12_13_20260616_133533_r122_140635,169,Town12,DynamicObjectCrossing,0,3,0,0,0,0.013111125638994414,-0.013744664005935214,0.0,0.0,0.12570413947105408,0.0013556117664521583
batch_town12_13_20260616_133533_r122_140635,170,Town12,DynamicObjectCrossing,0,4,0,0,0,0.0025638226681552467,-0.03878714292515073,0.0,-0.0208636908531189,0.13278791308403015,0.0014014999278080253
batch_town12_13_20260616_133533_r122_140635,171,Town12,DynamicObjectCrossing,0,0,0,1,1,0.0,0.0,0.0,0.0,0.1915246546268463,0.0005097033890770764
batch_town12_13_20260616_133533_r122_140635,173,Town12,DynamicObjectCrossing,0,0,0,1,1,0.0,0.0,0.0,0.0,0.18074141442775726,0.0008287900750520993
batch_town12_13_20260616_133533_r122_140635,174,Town12,DynamicObjectCrossing,0,0,0,1,1,0.0,0.0,0.0,0.0,0.16349923610687256,0.0009166600539911585
batch_town12_13_20260616_133533_r122_140635,175,Town12,DynamicObjectCrossing,0,0,0,1,1,0.0,0.0,0.0,0.0,0.11633409559726715,0.001628602771825971
batch_town12_13_20260616_133533_r122_140635,177,Town12,DynamicObjectCrossing,0,2,0,0,0,0.007172961922183363,-0.042505997890606384,0.0,-0.025539650917053125,0.11228005588054657,0.0027793721380639513
batch_town12_13_20260616_133533_r122_140635,178,Town12,DynamicObjectCrossing,0,2,0,0,0,0.007246321679086065,-0.010806447751820047,0.0,0.0,0.11727568507194519,0.0033812416287501423
batch_town12_13_20260616_133533_r122_140635,180,Town12,DynamicObjectCrossing,0,1,0,0,0,0.00019672463909325977,-0.00016000000759963662,0.0,0.0,0.1248699277639389,0.0028921491087376405
batch_town12_13_20260616_133533_r122_140635,181,Town12,DynamicObjectCrossing,0,0,0,1,1,0.0,0.0,0.0,0.0,0.1973065882921219,-0.0007375305398271692
batch_town12_13_20260616_133533_r122_140635,182,Town12,DynamicObjectCrossing,0,0,0,1,1,0.0,0.0,0.0,0.0,0.16418348252773285,-0.000650433139306017
batch_town12_13_20260616_133533_r122_140635,184,Town12,DynamicObjectCrossing,0,5,0,0,0,0.03104335095489169,-0.08010378244090821,0.0,-0.05951798057556146,0.1645820438861847,0.0036817377368436044
batch_town12_13_20260616_133533_r122_140635,185,Town12,DynamicObjectCrossing,0,3,0,0,0,0.0020941931362723487,-0.0699095459365845,0.0,-0.0592046497106552,0.21006613969802856,-0.0011689720408991633
batch_town12_13_20260616_133533_r122_140635,186,Town12,DynamicObjectCrossing,0,2,0,0,0,0.08387688961017536,-0.02980098297893985,0.0,-0.013098768711089948,0.14074918627738953,0.0054671280189972915
batch_town12_13_20260616_133533_r122_140635,188,Town12,DynamicObjectCrossing,0,2,0,0,0,0.04082510847963566,-0.0054167189449070285,0.0,0.0,0.17547699809074402,0.003774313888921077
batch_town12_13_20260616_133533_r122_140635,189,Town12,DynamicObjectCrossing,0,2,0,0,0,0.036295896196753996,-0.04306244189960573,-0.0004269038760095767,-0.031418113231658884,0.1856217235326767,0.005048887963347015
batch_town12_13_20260616_133533_r122_140635,190,Town12,DynamicObjectCrossing,0,1,0,0,0,0.0005803975657827642,-8.000000379992933e-05,0.0,0.0,0.19932503998279572,0.0018054462526224668
batch_town12_13_20260616_133533_r122_140635,192,Town12,DynamicObjectCrossing,0,1,0,0,0,0.0005125038853310837,-8.000000379981831e-05,0.0,0.0,0.17016227543354034,3.3740394459025325e-05
batch_town12_13_20260616_133533_r122_140635,193,Town12,DynamicObjectCrossing,0,1,0,0,0,0.0017180619262655572,-0.00024000000208612704,0.0,0.0,0.16965854167938232,0.00019065434874132592
batch_town12_13_20260616_133533_r122_140635,195,Town12,DynamicObjectCrossing,0,3,0,0,0,0.02174352086849929,-0.005679789260029766,0.0,0.0,0.19516214728355408,0.0040063035957813575
batch_town12_13_20260616_133533_r122_140635,196,Town12,DynamicObjectCrossing,0,4,0,0,0,0.0345908439601747,-0.0514446396990309,-0.002842140785414171,-0.03960661697387691,0.19066554307937622,0.004505768519518005
batch_town12_13_20260616_133533_r122_140635,197,Town12,DynamicObjectCrossing,0,0,0,1,1,0.0,0.0,0.0,0.0,0.20999403297901154,0.0009178094633852663
batch_town12_13_20260616_133533_r122_140635,199,Town12,DynamicObjectCrossing,0,5,0,0,0,0.00306153777975382,-0.08204937576561833,-0.007621429799399171,-0.07305159759521485,0.23254358768463135,0.003111287652548589
batch_town12_13_20260616_133533_r122_140635,200,Town12,DynamicObjectCrossing,0,1,0,0,0,0.002323294655717012,-0.00048000000417233735,0.0,0.0,0.2642095386981964,0.0031005910468265285
batch_town12_13_20260616_133533_r122_140635,201,Town12,DynamicObjectCrossing,0,0,0,1,1,0.0,0.0,0.0,0.0,0.2804878056049347,0.0021699341414354034
batch_town12_13_20260616_133533_r122_140635,203,Town12,DynamicObjectCrossing,0,5,0,0,0,0.032409454104434854,-0.0423487554396281,-0.008298330911217455,-0.05400000000000005,0.3078996539115906,0.0021578459581024223
batch_town12_13_20260616_133533_r122_140635,204,Town12,DynamicObjectCrossing,0,3,0,0,0,0.04651140563894485,-0.036417058617653264,-0.005006477330445458,-0.03004194545745853,0.39044973254203796,0.003928144365680175
batch_town12_13_20260616_133533_r122_140635,205,Town12,DynamicObjectCrossing,0,2,0,0,0,0.06384381390578087,-0.011246366277337105,0.0,0.0,0.4087793231010437,0.002728010843903894
batch_town12_13_20260616_133533_r122_140635,207,Town12,DynamicObjectCrossing,0,4,0,0,0,0.0313027401655519,-0.05609344766953506,-0.01807402325844798,-0.08640000000000025,0.4571375846862793,0.0036723208955650732
batch_town12_13_20260616_133533_r122_140635,208,Town12,DynamicObjectCrossing,0,5,0,0,0,0.07566909032258318,-0.04040485165283492,-0.019367164681119764,-0.07696368309744783,0.46530893445014954,0.0034646618369396642
batch_town12_13_20260616_133533_r122_140635,210,Town12,DynamicObjectCrossing,0,4,0,0,0,0.11337978388136039,-0.02849788753387128,-0.007279365841893037,-0.02855481433868423,0.4903815984725952,0.0035935281979841416
batch_town12_13_20260616_133533_r122_140635,211,Town12,DynamicObjectCrossing,0,3,0,0,0,0.043832704937172506,-0.027447475337256888,-0.014618899849876188,-0.05400000000000005,0.5633412003517151,0.0037682117368159074
batch_town12_13_20260616_133533_r122_140635,212,Town12,DynamicObjectCrossing,0,0,0,1,1,0.0,0.0,0.0,0.0,0.5703679323196411,0.0037651296639807375
batch_town12_13_20260616_133533_r122_140635,214,Town12,DynamicObjectCrossing,0,2,0,0,0,0.047158098451438146,-0.034711518279303855,-0.02757710298743965,-0.08640000000000003,0.6752867698669434,0.004195368424336321
batch_town12_13_20260616_133533_r122_140635,215,Town12,DynamicObjectCrossing,0,2,0,0,0,0.022553143442249457,-0.2856611194319518,-0.13419092964737533,-0.39994339599609363,0.6989472508430481,0.0011681029576537938
batch_town12_13_20260616_133533_r122_140635,216,Town12,DynamicObjectCrossing,0,6,0,0,0,0.06016714809749013,-0.29984384639912887,-0.1733138060990238,-0.49260786666870104,0.739899754524231,0.005113000921820765
batch_town12_13_20260616_133533_r122_140635,218,Town12,DynamicObjectCrossing,0,1,0,0,0,0.04736546917710127,-0.5573756100201606,0.0,-0.37792217102050774,0.6490835547447205,0.0010751792857570663
batch_town12_13_20260616_133533_r122_140635,219,Town12,DynamicObjectCrossing,0,3,0,0,0,0.0652988157022596,-0.09268788113683457,0.0,-0.08098851295709619,0.6353403925895691,0.0036457962650921494
batch_town12_13_20260616_133533_r122_140635,220,Town12,DynamicObjectCrossing,0,0,0,1,1,0.0,0.0,0.0,0.0,0.6229603290557861,0.0034469954501376576
batch_town12_13_20260616_133533_r122_140635,222,Town12,DynamicObjectCrossing,0,6,0,0,0,0.16367951854846763,-0.642033443395049,0.0,-0.45356613993644734,0.643192708492279,0.0077113050046215825
batch_town12_13_20260616_133533_r122_140635,223,Town12,DynamicObjectCrossing,0,6,0,0,0,0.1109482825988295,-0.6289599101150035,0.0,-0.4386078666687012,0.6143217086791992,0.007722273557946746
batch_town12_13_20260616_133533_r122_140635,225,Town12,DynamicObjectCrossing,0,4,0,0,0,0.04062080839111348,-0.04942875110819922,0.0,-0.034897518539428685,0.5469319820404053,0.003036661915193306
batch_town12_13_20260616_133533_r122_140635,226,Town12,DynamicObjectCrossing,0,4,0,0,0,0.028950958089546175,-0.043202355896830635,0.0,-0.032399999999999984,0.5054097771644592,0.0028110090838084356
batch_town12_13_20260616_133533_r122_140635,227,Town12,DynamicObjectCrossing,0,0,0,1,1,0.0,0.0,0.0,0.0,0.484841525554657,0.002926496915093224
batch_town12_13_20260616_133533_r122_140635,229,Town12,DynamicObjectCrossing,0,0,0,1,1,0.0,0.0,0.0,0.0,0.4016742408275604,0.002613700984003209
batch_town12_13_20260616_133533_r122_140635,230,Town12,DynamicObjectCrossing,0,0,0,1,1,0.0,0.0,0.0,0.0,0.34935951232910156,0.002457518216664789
batch_town12_13_20260616_133533_r135_141145,0,Town12,MergerIntoSlowTrafficV2,0,6,0,0,0,0.021618695466598004,-0.40376004480361943,0.0,-0.26760003318786624,1.6399131709476933e-05,0.022057729621684175
batch_town12_13_20260616_133533_r135_141145,1,Town12,MergerIntoSlowTrafficV2,0,6,0,0,0,0.022801299595728075,-0.5742543383121496,0.0,-0.40272784101963083,1.6601965398876928e-05,0.022418667770192968
batch_town12_13_20260616_133533_r135_141145,2,Town12,MergerIntoSlowTrafficV2,0,6,0,0,0,0.02167632953318832,-0.6046400000000001,0.0,-0.4164,1.7312861018581316e-05,0.022590505692008378
batch_town12_13_20260616_133533_r135_141145,3,Town12,MergerIntoSlowTrafficV2,0,6,0,0,0,0.01914372375921114,-0.2116246354082461,0.0,-0.1252775077098119,9.066845450433902e-06,0.01921076934898558
batch_town12_13_20260616_133533_r135_141145,4,Town12,MergerIntoSlowTrafficV2,0,6,0,0,0,0.01914372375921114,-0.2116246354082461,0.0,-0.1252775077098119,9.066845450433902e-06,0.01921076934898558
batch_town12_13_20260616_133533_r135_141145,5,Town12,MergerIntoSlowTrafficV2,0,6,0,0,0,0.021092751881307548,-0.11404509801068409,0.0,-0.05299636889680303,2.2374286345439032e-05,0.02131142598707214
batch_town12_13_20260616_133533_r135_141145,6,Town12,MergerIntoSlowTrafficV2,0,6,0,0,0,0.019856750815218538,-0.1273432312177244,0.0,-0.06284683793905509,2.3729078748147003e-05,0.020538378590654105
batch_town12_13_20260616_133533_r135_141145,7,Town12,MergerIntoSlowTrafficV2,0,6,0,0,0,0.019990096703434324,-0.1204489508446724,0.0,-0.057739963588646206,2.3659527869313024e-05,0.020618987456215265
batch_town12_13_20260616_133533_r135_141145,8,Town12,MergerIntoSlowTrafficV2,0,6,0,0,0,0.02123044689796405,-0.13310952276315993,0.0,-0.07786462417595699,2.3659527869313024e-05,0.020618987456215265
batch_town12_13_20260616_133533_r135_141145,9,Town12,MergerIntoSlowTrafficV2,0,0,0,1,1,0.0,0.0,0.0,0.0,0.04242270067334175,-0.0005494214610095582
batch_town12_13_20260616_133533_r135_141145,10,Town12,MergerIntoSlowTrafficV2,0,1,0,0,0,8.060535545162395e-05,-0.00019999999552966496,0.0,0.0,0.019973065704107285,-0.00018915718817291705
batch_town12_13_20260616_133533_r135_141145,11,Town12,MergerIntoSlowTrafficV2,0,0,0,1,1,0.0,0.0,0.0,0.0,0.040825825184583664,-0.000475676088467214
batch_town12_13_20260616_133533_r135_141145,12,Town12,MergerIntoSlowTrafficV2,0,2,0,0,0,0.0012829695056737478,-0.02044644560813902,0.0,-0.01235065126419066,0.020004333928227425,0.0013281662225050894
batch_town12_13_20260616_133533_r135_141145,37,Town12,MergerIntoSlowTrafficV2,0,1,0,0,0,0.000259506245021468,-0.0006800000369548975,0.0,0.0,0.021372273564338684,0.0008327906265688245
batch_town12_13_20260616_133533_r135_141145,38,Town12,MergerIntoSlowTrafficV2,0,1,0,0,0,0.0002769806678490916,-0.0007199999690056247,0.0,0.0,0.02183578535914421,0.0009679399698911961
batch_town12_13_20260616_133533_r135_141145,39,Town12,MergerIntoSlowTrafficV2,0,2,0,0,0,0.0007220864972210528,-0.003091437965631494,0.0,0.0,0.021896369755268097,0.0015026428976125938
batch_town12_13_20260616_133533_r135_141145,40,Town12,MergerIntoSlowTrafficV2,0,2,0,0,0,0.00017467321188635587,-0.0013600000739097395,0.0,0.0,0.02226799540221691,0.0013968146376983626
batch_town12_13_20260616_133533_r135_141145,41,Town12,MergerIntoSlowTrafficV2,0,1,0,0,0,4.5814112112907424e-05,-0.0007199999690056247,0.0,0.0,0.023547708988189697,0.0013615768210053503
batch_town12_13_20260616_133533_r135_141145,42,Town12,MergerIntoSlowTrafficV2,0,2,0,0,0,0.0007230257372272675,-0.008420810103416443,0.0,0.0,0.024708015844225883,0.004019892360516586
batch_town12_13_20260616_133533_r135_141145,43,Town12,MergerIntoSlowTrafficV2,0,1,0,0,0,0.0001009527907409602,-0.0011999999731778788,0.0,0.0,0.025109846144914627,0.0020140982383951567
batch_town12_13_20260616_133533_r135_141145,44,Town12,MergerIntoSlowTrafficV2,0,1,0,0,0,0.0002551713200280581,-0.0012399999797344519,0.0,0.0,0.024140924215316772,0.0018041073039898325
batch_town12_13_20260616_133533_r135_141145,45,Town12,MergerIntoSlowTrafficV2,0,2,0,0,0,4.740351294207912e-05,-0.0005999999865889949,0.0,0.0,0.025524115189909935,0.0017889377969886322
batch_town12_13_20260616_133533_r135_141145,46,Town12,MergerIntoSlowTrafficV2,0,2,0,0,0,0.0005447085535334462,-0.008190189165249495,0.0,-0.0037518821954727333,0.02631887048482895,0.0028936957639073557
batch_town12_13_20260616_133533_r135_141145,47,Town12,MergerIntoSlowTrafficV2,0,0,0,1,1,0.0,0.0,0.0,0.0,0.02702127769589424,0.0020142690484599157
batch_town12_13_20260616_133533_r135_141145,48,Town12,MergerIntoSlowTrafficV2,0,1,0,0,0,0.00018818562918299087,-0.000439999997615792,0.0,0.0,0.028200196102261543,0.002756126049459018
batch_town12_13_20260616_133533_r135_141145,49,Town12,MergerIntoSlowTrafficV2,0,2,0,0,0,0.0031493146685320217,-0.02117224169820553,0.0,-0.00606150197982791,0.03121345303952694,0.007292080918181565
batch_town12_13_20260616_133533_r135_141145,50,Town12,MergerIntoSlowTrafficV2,0,2,0,0,0,0.00015918767035016934,-0.0004468328179791925,0.0,0.0,0.03087686188519001,0.002751855610548304
batch_town12_13_20260616_133533_r135_141145,51,Town12,MergerIntoSlowTrafficV2,0,0,0,1,1,0.0,0.0,0.0,0.0,0.031312111765146255,0.00257543559637069
batch_town12_13_20260616_133533_r135_141145,52,Town12,MergerIntoSlowTrafficV2,0,1,0,0,0,2.3076188918613738e-05,-0.00016000000759963662,0.0,0.0,0.031689587980508804,0.0030162679051696784
batch_town12_13_20260616_133533_r135_141145,53,Town12,MergerIntoSlowTrafficV2,0,3,0,0,0,0.00032510373984800944,-0.012707567484863125,0.0,-0.003540541648864748,0.03326066583395004,0.005637003123401874
batch_town12_13_20260616_133533_r135_141145,54,Town12,MergerIntoSlowTrafficV2,0,0,0,1,1,0.0,0.0,0.0,0.0,0.032742030918598175,0.003309524532080943
batch_town12_13_20260616_133533_r135_141145,55,Town12,MergerIntoSlowTrafficV2,0,2,0,0,0,0.0020636203602955594,-0.005233717337250532,0.0,0.0,0.03094431199133396,0.002158993119995678
batch_town12_13_20260616_133533_r135_141145,56,Town12,MergerIntoSlowTrafficV2,0,1,0,0,0,2.638386925990499e-06,-0.00028000000864270014,0.0,0.0,0.025838544592261314,0.0024096814720701576
batch_town12_13_20260616_133533_r135_141145,57,Town12,MergerIntoSlowTrafficV2,0,2,0,0,0,0.0001105715528935125,-0.0002733579650520124,0.0,0.0,0.02602696418762207,0.0022149742458030808
batch_town12_13_20260616_133533_r135_141145,58,Town12,MergerIntoSlowTrafficV2,0,0,0,1,1,0.0,0.0,0.0,0.0,0.02514788508415222,0.0019818945478524697
batch_town12_13_20260616_133533_r135_141145,59,Town12,MergerIntoSlowTrafficV2,0,2,0,0,0,0.0026583428401409925,-0.02138250626921656,0.0,-0.007064526557922335,0.030304746702313423,0.0007543307464057403
batch_town12_13_20260616_133533_r135_141145,60,Town12,MergerIntoSlowTrafficV2,0,3,0,0,0,0.0013676426754322124,-0.003466274100798028,0.0,-0.00012028118222950912,0.03206079453229904,0.0031806238030026024
batch_town12_13_20260616_133533_r135_141145,61,Town12,MergerIntoSlowTrafficV2,0,1,0,0,0,0.00024056986220827303,-0.000839999988675233,0.0,0.0,0.032170895487070084,0.003762922337206376
batch_town12_13_20260616_133533_r135_141145,62,Town12,MergerIntoSlowTrafficV2,0,2,0,0,0,0.002159140821059502,-0.0072158725559712256,0.0,0.0,0.03273773565888405,0.006807728377466127
batch_town12_13_20260616_133533_r135_141145,63,Town12,MergerIntoSlowTrafficV2,0,2,0,0,0,0.00689993932736499,-0.011512869298458073,0.0,0.0,0.028668632730841637,0.0019144506058241806
batch_town12_13_20260616_133533_r135_141145,64,Town12,MergerIntoSlowTrafficV2,0,2,0,0,0,0.0040836621801202955,-0.005915903374552833,0.0,0.0,0.02996114268898964,0.0028852867394692505
batch_town12_13_20260616_133533_r135_141145,65,Town12,MergerIntoSlowTrafficV2,0,2,0,0,0,0.004065377470142406,-0.005813256204128203,0.0,0.0,0.028484070673584938,0.0030252234468983175
batch_town12_13_20260616_133533_r135_141145,66,Town12,MergerIntoSlowTrafficV2,0,1,0,0,0,1.730914680253548e-05,-4.000000189985364e-05,0.0,0.0,0.030541587620973587,0.004591295666110495
batch_town12_13_20260616_133533_r135_141145,67,Town12,MergerIntoSlowTrafficV2,0,2,0,0,0,0.00573284919058481,-0.010120178619399622,0.0,0.0,0.022829968482255936,0.006477252855506599
batch_town12_13_20260616_133533_r135_141145,68,Town12,MergerIntoSlowTrafficV2,0,0,0,1,1,0.0,0.0,0.0,0.0,0.026563553139567375,0.004361065799240338
batch_town12_13_20260616_133533_r135_141145,69,Town12,MergerIntoSlowTrafficV2,0,2,0,0,0,0.0009427495126723695,-0.0013279688358305286,0.0,0.0,0.027220143005251884,0.004090027122940043
batch_town12_13_20260616_133533_r135_141145,70,Town12,MergerIntoSlowTrafficV2,0,0,0,1,1,0.0,0.0,0.0,0.0,0.028306957334280014,0.005069633707253995
batch_town12_13_20260616_133533_r135_141145,71,Town12,MergerIntoSlowTrafficV2,0,1,0,0,0,0.009881507450472782,-0.0005128416212563103,0.0,0.008627524711308343,0.02698817476630211,0.004881931987965826
batch_town12_13_20260616_133533_r135_141145,72,Town12,MergerIntoSlowTrafficV2,0,0,0,1,1,0.0,0.0,0.0,0.0,0.026952022686600685,0.0015871603544472812
batch_town12_13_20260616_133533_r135_141145,73,Town12,MergerIntoSlowTrafficV2,0,0,0,1,1,0.0,0.0,0.0,0.0,0.02997669391334057,0.006634900056941895
batch_town12_13_20260616_133533_r135_141145,74,Town12,MergerIntoSlowTrafficV2,0,0,0,1,1,0.0,0.0,0.0,0.0,0.030224069952964783,0.003031513639908112
batch_town12_13_20260616_133533_r135_141145,75,Town12,MergerIntoSlowTrafficV2,0,0,0,1,1,0.0,0.0,0.0,0.0,0.03434458747506142,0.004664455564680869
batch_town12_13_20260616_133533_r135_141145,76,Town12,MergerIntoSlowTrafficV2,0,1,0,0,0,0.02738830239419293,-0.07294898968189956,0.0,-0.047450346499681495,0.03184884041547775,0.00367059930991237
batch_town12_13_20260616_133533_r135_141145,77,Town12,MergerIntoSlowTrafficV2,0,0,0,1,1,0.0,0.0,0.0,0.0,0.041571132838726044,0.0017563645798475136
batch_town12_13_20260616_133533_r135_141145,78,Town12,MergerIntoSlowTrafficV2,0,3,0,0,0,0.012973657856208298,-0.019759998805821022,0.0,0.0,0.02853391319513321,0.0029330236575677016
batch_town12_13_20260616_133533_r135_141145,79,Town12,MergerIntoSlowTrafficV2,0,0,0,1,1,0.0,0.0,0.0,0.0,0.039710819721221924,0.0020344811982062616
batch_town12_13_20260616_133533_r135_141145,80,Town12,MergerIntoSlowTrafficV2,0,0,0,1,1,0.0,0.0,0.0,0.0,0.05539734289050102,0.0025168307006102064
batch_town12_13_20260616_133533_r135_141145,81,Town12,MergerIntoSlowTrafficV2,0,5,0,0,0,0.06735063504246952,-0.02915867954492568,0.0,0.0,0.03351348638534546,0.009466759371415279
batch_town12_13_20260616_133533_r135_141145,82,Town12,MergerIntoSlowTrafficV2,0,0,0,1,1,0.0,0.0,0.0,0.0,0.05001258850097656,0.004178626415905606
batch_town12_13_20260616_133533_r135_141145,83,Town12,MergerIntoSlowTrafficV2,0,0,0,1,1,0.0,0.0,0.0,0.0,0.051239676773548126,0.004697792557528224
batch_town12_13_20260616_133533_r135_141145,84,Town12,MergerIntoSlowTrafficV2,0,5,0,0,0,0.011990871418814109,-0.24159750720630874,0.0,-0.17505273591420378,0.04467339068651199,0.005372358399734045
batch_town12_13_20260616_133533_r135_141145,85,Town12,MergerIntoSlowTrafficV2,0,0,0,1,1,0.0,0.0,0.0,0.0,0.054767001420259476,0.005355958760599799
batch_town12_13_20260616_133533_r135_141145,86,Town12,MergerIntoSlowTrafficV2,0,0,0,1,1,0.0,0.0,0.0,0.0,0.0380207784473896,0.0050270253988082825
batch_town12_13_20260616_133533_r135_141145,87,Town12,MergerIntoSlowTrafficV2,0,1,0,0,0,0.0058159108213415855,-0.05845048461109392,0.0,-0.03492608517408369,0.047019071877002716,0.00632267424190136
batch_town12_13_20260616_133533_r135_141145,88,Town12,MergerIntoSlowTrafficV2,0,1,0,0,0,0.0013241237713534915,-0.012939156293868992,0.0,-0.003037202358245894,0.04418504238128662,0.006926558991684928
batch_town12_13_20260616_133533_r135_141145,89,Town12,MergerIntoSlowTrafficV2,0,1,0,0,0,0.029401939116526776,-0.11299354419112206,0.0,-0.08292859196662905,0.0546511746942997,0.007308285024741679
batch_town12_13_20260616_133533_r135_141145,90,Town12,MergerIntoSlowTrafficV2,0,2,0,0,0,0.008536245863631109,-0.20612497529874196,0.0,-0.14616862904502992,0.012797409668564796,0.014947600354361157
batch_town12_13_20260616_133533_r135_141145,91,Town12,MergerIntoSlowTrafficV2,0,5,0,0,0,0.02819713184987105,-0.6002674605697393,0.0,-0.42190270125865925,0.019982345402240753,0.013715223717131408
batch_town12_13_20260616_133533_r135_141145,92,Town12,MergerIntoSlowTrafficV2,0,5,0,0,0,0.06441175076680894,-0.03568517923355108,0.0,0.0,0.01574420928955078,0.0068267351175888
batch_town12_13_20260616_133533_r135_141145,93,Town12,MergerIntoSlowTrafficV2,0,0,0,1,1,0.0,0.0,0.0,0.0,0.0396604910492897,0.005442914193983794
batch_town12_13_20260616_133533_r135_141145,94,Town12,MergerIntoSlowTrafficV2,0,0,0,1,1,0.0,0.0,0.0,0.0,0.0677427425980568,0.0007365723057146667
batch_town12_13_20260616_133533_r135_141145,95,Town12,MergerIntoSlowTrafficV2,0,1,0,0,0,0.10412241501487429,-0.04877374526805045,0.0,-0.07413030816409588,0.06114264205098152,-0.0007846081910090064
batch_town12_13_20260616_133533_r135_141145,96,Town12,MergerIntoSlowTrafficV2,0,5,0,0,0,0.007337834987069636,-0.4244664385914803,0.0,-0.31774127185344697,0.05522649735212326,-0.0009005282916243473
batch_town12_13_20260616_133533_r135_141145,97,Town12,MergerIntoSlowTrafficV2,0,0,0,1,1,0.0,0.0,0.0,0.0,0.042884085327386856,0.002684130918205241
batch_town12_13_20260616_133533_r135_141145,98,Town12,MergerIntoSlowTrafficV2,0,5,0,0,0,0.006108858137494844,-0.4607061636923351,0.0,-0.3571240874704461,0.08728452771902084,-0.0008439013839054432
batch_town12_13_20260616_133533_r135_141145,99,Town12,MergerIntoSlowTrafficV2,0,0,0,1,1,0.0,0.0,0.0,0.0,0.059473589062690735,0.006938195801930114
batch_town12_13_20260616_133533_r135_141145,100,Town12,MergerIntoSlowTrafficV2,0,0,0,1,1,0.0,0.0,0.0,0.0,0.07550150156021118,-2.8817855300289352e-05
batch_town12_13_20260616_133533_r135_141145,101,Town12,MergerIntoSlowTrafficV2,0,0,0,1,1,0.0,0.0,0.0,0.0,0.083979532122612,0.0006370668275725855
batch_town12_13_20260616_133533_r135_141145,102,Town12,MergerIntoSlowTrafficV2,0,5,0,0,0,0.06034355677058856,-0.21501545530954091,0.0,-0.15408232014230083,0.08485676348209381,0.001715103273579155
batch_town12_13_20260616_133533_r135_141145,103,Town12,MergerIntoSlowTrafficV2,0,0,0,1,1,0.0,0.0,0.0,0.0,0.08738812059164047,0.0013947538667087311
batch_town12_13_20260616_133533_r135_141145,104,Town12,MergerIntoSlowTrafficV2,0,3,0,0,0,0.02046875294985856,-0.023539618004031926,0.0,-0.016062697196939757,0.08655165880918503,0.0028122446474018736
batch_town12_13_20260616_133533_r135_141145,105,Town12,MergerIntoSlowTrafficV2,0,3,0,0,0,0.0198850472645955,-0.012159999981522507,0.0,0.0,0.07393037527799606,0.001960857378001668
batch_town12_13_20260616_133533_r135_141145,106,Town12,MergerIntoSlowTrafficV2,0,3,0,0,0,0.03731164599886733,-0.019294697158038554,0.0,0.0,0.07040884345769882,0.0038815253919639026
batch_town12_13_20260616_133533_r135_141145,107,Town12,MergerIntoSlowTrafficV2,0,5,0,0,0,0.04313196930673402,-0.021167565584182757,0.0,0.0,0.07138605415821075,0.004558726756679343
batch_town12_13_20260616_133533_r135_141145,108,Town12,MergerIntoSlowTrafficV2,0,1,0,0,0,0.0648521587099411,-0.03399342730641375,0.0,-0.023342469334602267,0.07992643117904663,0.004322367580402053
batch_town12_13_20260616_133533_r135_141145,109,Town12,MergerIntoSlowTrafficV2,0,0,0,1,1,0.0,0.0,0.0,0.0,0.10246097296476364,0.0013933356936710606
batch_town12_13_20260616_133533_r135_141145,110,Town12,MergerIntoSlowTrafficV2,0,0,0,1,1,0.0,0.0,0.0,0.0,0.08873606473207474,0.001285125644728824
batch_town12_13_20260616_133533_r135_141145,111,Town12,MergerIntoSlowTrafficV2,0,5,0,0,0,0.017142246932202676,-0.27214424412971083,0.0,-0.22010646208081597,0.09128488600254059,0.001170650499869641
batch_town12_13_20260616_133533_r135_141145,112,Town12,MergerIntoSlowTrafficV2,0,5,0,0,0,0.08256813712567057,-0.2644410561145967,0.0,-0.20328313662289288,0.0977073460817337,0.0012875108050081074
batch_town12_13_20260616_133533_r135_141145,113,Town12,MergerIntoSlowTrafficV2,0,0,0,1,1,0.0,0.0,0.0,0.0,0.09792885929346085,0.0011722108273362064
batch_town12_13_20260616_133533_r135_141145,114,Town12,MergerIntoSlowTrafficV2,0,0,0,1,1,0.0,0.0,0.0,0.0,0.12947554886341095,0.0015809033120750549
batch_town12_13_20260616_133533_r135_141145,115,Town12,MergerIntoSlowTrafficV2,0,3,0,0,0,0.005100978055139427,-0.27949830627068883,0.0,-0.21168661601841443,0.09958549588918686,0.0022718963253005597
batch_town12_13_20260616_133533_r135_141145,116,Town12,MergerIntoSlowTrafficV2,0,4,0,0,0,0.014537488518994446,-0.23684021897614027,0.0,-0.1752087518572808,0.10308027267456055,0.002540470195510125
batch_town12_13_20260616_133533_r135_141145,117,Town12,MergerIntoSlowTrafficV2,0,4,0,0,0,0.06535772918645177,-0.026330486312508672,0.0,0.0,0.08095109462738037,0.005922820428846842
batch_town12_13_20260616_133533_r135_141145,118,Town12,MergerIntoSlowTrafficV2,0,3,0,0,0,0.028772210070545756,-0.012656236626207962,0.0,0.0,0.10285928100347519,0.0022173143624194536
batch_town12_13_20260616_133533_r135_141145,119,Town12,MergerIntoSlowTrafficV2,0,3,0,0,0,0.02855834732225221,-0.012679999992251334,0.0,0.0,0.11402780562639236,0.0025669950132747865
batch_town12_13_20260616_133533_r135_141145,120,Town12,MergerIntoSlowTrafficV2,0,4,0,0,0,0.030097397675666382,-0.012599999997764844,0.0,0.0,0.11517126858234406,0.002449763776849856
batch_town12_13_20260616_133533_r135_141145,121,Town12,MergerIntoSlowTrafficV2,0,5,0,0,0,0.030573646536449006,-0.01685773569624871,0.0,0.0,0.12974053621292114,0.005173065382092945
batch_town12_13_20260616_133533_r135_141145,122,Town12,MergerIntoSlowTrafficV2,0,0,0,1,1,0.0,0.0,0.0,0.0,0.15168195962905884,0.001858411887807443
batch_town12_13_20260616_133533_r135_141145,123,Town12,MergerIntoSlowTrafficV2,0,0,0,1,1,0.0,0.0,0.0,0.0,0.13018909096717834,0.0015390104580672581
batch_town12_13_20260616_133533_r135_141145,124,Town12,MergerIntoSlowTrafficV2,0,0,0,1,1,0.0,0.0,0.0,0.0,0.15332245826721191,0.001876714223704723
batch_town12_13_20260616_133533_r135_141145,125,Town12,MergerIntoSlowTrafficV2,0,0,0,1,1,0.0,0.0,0.0,0.0,0.19540879130363464,0.002574600602981203
batch_town12_13_20260616_133533_r135_141145,126,Town12,MergerIntoSlowTrafficV2,0,3,0,0,0,0.03746957772175585,-0.012219999991357477,0.0,0.0,0.15538036823272705,0.0031318972821852142
batch_town12_13_20260616_133533_r135_141145,127,Town12,MergerIntoSlowTrafficV2,0,1,0,0,0,0.036260098721744516,-0.012339999992400319,0.0,0.0,0.1347077190876007,0.002240535634869145
batch_town12_13_20260616_133533_r135_141145,128,Town12,MergerIntoSlowTrafficV2,0,1,0,0,0,0.031251702332372844,-0.012499999999999956,0.0,0.0,0.12901820242404938,0.001962869640431242
batch_town12_13_20260616_133533_r135_141145,129,Town12,MergerIntoSlowTrafficV2,0,4,0,0,0,0.046172830113921204,-0.016219349391758398,0.0,0.0,0.12706376612186432,0.0033799200982491118
batch_town12_13_20260616_133533_r135_141145,130,Town12,MergerIntoSlowTrafficV2,0,4,0,0,0,0.03800774178130939,-0.012620000001043019,0.0,0.0,0.14087051153182983,0.0022629184958551374
batch_town12_13_20260616_133533_r135_141145,131,Town12,MergerIntoSlowTrafficV2,0,1,0,0,0,0.044643105488083645,-0.01208000000566245,0.0,0.0,0.15627577900886536,0.002548158521341659
batch_town12_13_20260616_133533_r135_141145,132,Town12,MergerIntoSlowTrafficV2,0,3,0,0,0,0.04615150583994776,-0.016565313562750816,0.0,0.0,0.16054272651672363,0.003943920276505031
batch_town12_13_20260616_133533_r135_141145,133,Town12,MergerIntoSlowTrafficV2,0,0,0,1,1,0.0,0.0,0.0,0.0,0.2137535661458969,0.002483057505305808
batch_town12_13_20260616_133533_r135_141145,134,Town12,MergerIntoSlowTrafficV2,0,0,0,1,1,0.0,0.0,0.0,0.0,0.12420732527971268,0.0036690343937982317
batch_town12_13_20260616_133533_r135_141145,135,Town12,MergerIntoSlowTrafficV2,0,0,0,1,1,0.0,0.0,0.0,0.0,0.14438004791736603,0.0036204351845395277
batch_town12_13_20260616_133533_r135_141145,136,Town12,MergerIntoSlowTrafficV2,0,0,0,1,1,0.0,0.0,0.0,0.0,0.17973488569259644,0.004043228536447341
batch_town12_13_20260616_133533_r135_141145,137,Town12,MergerIntoSlowTrafficV2,0,5,0,0,0,0.034738480913204084,-0.019272877238690977,0.0,0.0,0.16701820492744446,0.0033621976175716717
batch_town12_13_20260616_133533_r135_141145,138,Town12,MergerIntoSlowTrafficV2,0,2,0,0,0,0.00917005550654243,-0.012459999998100102,0.0,0.0,0.1742115318775177,0.003095133646528303
batch_town12_13_20260616_133533_r135_141145,139,Town12,MergerIntoSlowTrafficV2,0,4,0,0,0,0.023643938394098285,-0.01355999998748314,0.0,0.0,0.1660272777080536,0.003110586338636867
batch_town12_13_20260616_133533_r135_141145,140,Town12,MergerIntoSlowTrafficV2,0,4,0,0,0,0.010915279595688832,-0.012939999997615859,0.0,0.0,0.15900124609470367,0.003158297972350732
batch_town12_13_20260616_133533_r135_141145,141,Town12,MergerIntoSlowTrafficV2,0,3,0,0,0,0.014271370501588443,-0.01163999997079368,0.0,0.0,0.19272473454475403,0.0035300373290170772
batch_town12_13_20260616_133533_r135_141145,142,Town12,MergerIntoSlowTrafficV2,0,4,0,0,0,0.11340255725462067,-0.020833182036876785,0.0,0.0,0.19320222735404968,0.008882478073230615
batch_town12_13_20260616_133533_r135_141145,143,Town12,MergerIntoSlowTrafficV2,0,4,0,0,0,0.03844051708917828,-0.01874564856290828,0.0,0.0,0.1798192709684372,0.003313794970991657
batch_town12_13_20260616_133533_r135_141145,144,Town12,MergerIntoSlowTrafficV2,0,5,0,0,0,0.1318009467794114,-0.024558488391339672,0.0,0.0,0.17920368909835815,0.003449292770591972
batch_town12_13_20260616_133533_r135_141145,145,Town12,MergerIntoSlowTrafficV2,0,5,0,0,0,0.03631431252455153,-0.023557795761153022,0.0,0.0,0.18299996852874756,0.003574477257011377
batch_town12_13_20260616_133533_r135_141145,146,Town12,MergerIntoSlowTrafficV2,0,4,0,0,0,0.01864845036133017,-0.019690889888138274,0.0,-0.0097051117842899,0.18195675313472748,0.0024804535882769208
batch_town12_13_20260616_133533_r135_141145,147,Town12,MergerIntoSlowTrafficV2,0,0,0,1,1,0.0,0.0,0.0,0.0,0.23347064852714539,0.002234150110364874
batch_town12_13_20260616_133533_r135_141145,148,Town12,MergerIntoSlowTrafficV2,0,5,0,0,0,0.10106367659837168,-0.03345160638913525,0.0,0.0,0.1631898730993271,0.004396582867914223
batch_town12_13_20260616_133533_r135_141145,149,Town12,MergerIntoSlowTrafficV2,0,5,0,0,0,0.016533492670737893,-0.021971730198711237,0.0,0.0,0.1987159699201584,0.002072559855976319
batch_town12_13_20260616_133533_r135_141145,150,Town12,MergerIntoSlowTrafficV2,0,4,0,0,0,0.042070866445334365,-0.014736976586282147,0.0,0.0,0.20638322830200195,0.00371817365878252
batch_town12_13_20260616_133533_r135_141145,151,Town12,MergerIntoSlowTrafficV2,0,0,0,1,1,0.0,0.0,0.0,0.0,0.1603364497423172,0.003354298963118729
batch_town12_13_20260616_133533_r135_141145,152,Town12,MergerIntoSlowTrafficV2,0,5,0,0,0,0.00647224216050396,-0.025886636301875265,0.0,0.0,0.15389147400856018,0.002298830937387253
batch_town12_13_20260616_133533_r135_141145,153,Town12,MergerIntoSlowTrafficV2,0,4,0,0,0,0.009944701240025111,-0.018890489218756468,0.0,0.0,0.199223130941391,0.007659159988185227
batch_town12_13_20260616_133533_r135_141145,154,Town12,MergerIntoSlowTrafficV2,0,5,0,0,0,0.04524302760501009,-0.023325972352176816,0.0,0.0,0.1456013321876526,0.0031198558749637173
batch_town12_13_20260616_133533_r135_141145,155,Town12,MergerIntoSlowTrafficV2,0,3,0,0,0,0.007409407974244553,-0.014000363769009816,0.0,0.0,0.16944442689418793,0.0025928743300655532
batch_town12_13_20260616_133533_r135_141145,156,Town12,MergerIntoSlowTrafficV2,0,0,0,1,1,0.0,0.0,0.0,0.0,0.1707543432712555,0.004032796012075401
batch_town12_13_20260616_133533_r135_141145,157,Town12,MergerIntoSlowTrafficV2,0,1,0,0,0,0.1415801334409466,-0.005485196793451941,0.0,0.0,0.16223770380020142,0.0037984441818195713
batch_town12_13_20260616_133533_r135_141145,158,Town12,MergerIntoSlowTrafficV2,0,5,0,0,0,0.035448668535677186,-0.02867230787873276,0.0,0.0,0.1690811663866043,0.00326391871301962
batch_town12_13_20260616_133533_r135_141145,159,Town12,MergerIntoSlowTrafficV2,0,0,0,1,1,0.0,0.0,0.0,0.0,0.19060146808624268,0.004318088151487931
batch_town12_13_20260616_133533_r135_141145,160,Town12,MergerIntoSlowTrafficV2,0,0,0,1,1,0.0,0.0,0.0,0.0,0.1815926879644394,0.003956929747895632
batch_town12_13_20260616_133533_r135_141145,161,Town12,MergerIntoSlowTrafficV2,0,3,0,0,0,0.014361289093283325,-0.01529473829087058,0.0,0.0017209519183456479,0.1862487643957138,0.002732298607300343
batch_town12_13_20260616_133533_r135_141145,162,Town12,MergerIntoSlowTrafficV2,0,2,0,0,0,0.0026471569650652893,-0.007747539261654612,0.0,-0.013343084285050155,0.18072722852230072,0.0042741496971212545
batch_town12_13_20260616_133533_r135_141145,163,Town12,MergerIntoSlowTrafficV2,0,0,0,1,1,0.0,0.0,0.0,0.0,0.19134272634983063,0.003786138178195675
batch_town12_13_20260616_133533_r135_141145,164,Town12,MergerIntoSlowTrafficV2,0,1,0,0,0,0.0078408006772539,-0.02136014735641245,0.0,-0.0202223313512786,0.2126963883638382,0.0035264087388913734
batch_town12_13_20260616_133533_r135_141145,165,Town12,MergerIntoSlowTrafficV2,0,0,0,1,1,0.0,0.0,0.0,0.0,0.21225890517234802,0.003731325378247885
batch_town12_13_20260616_133533_r135_141145,166,Town12,MergerIntoSlowTrafficV2,0,0,0,1,1,0.0,0.0,0.0,0.0,0.2495693862438202,0.004416075068220948
batch_town12_13_20260616_133533_r135_141145,167,Town12,MergerIntoSlowTrafficV2,0,5,0,0,0,0.052103112127878215,-0.020092611797154047,0.0,0.0,0.19552570581436157,0.0035756571949587257
batch_town12_13_20260616_133533_r135_141145,168,Town12,MergerIntoSlowTrafficV2,0,5,0,0,0,0.05714576911626301,-0.015353317093104168,0.0,0.0,0.20417293906211853,0.0032710231568589543
batch_town12_13_20260616_133533_r135_141145,169,Town12,MergerIntoSlowTrafficV2,0,5,0,0,0,0.0793849674852749,-0.02534466357901688,0.0,0.0,0.25347185134887695,0.0073364259829107326
batch_town12_13_20260616_133533_r135_141145,170,Town12,MergerIntoSlowTrafficV2,0,4,0,0,0,0.022945831872852596,-0.010621160273440289,0.0,0.0,0.262194961309433,0.003907089496760163
batch_town12_13_20260616_133533_r135_141145,171,Town12,MergerIntoSlowTrafficV2,0,3,0,0,0,0.047037256951890705,-0.005061753839254335,0.0,0.0,0.23168158531188965,0.0036645000608291345
batch_town12_13_20260616_133533_r135_141145,172,Town12,MergerIntoSlowTrafficV2,0,1,0,0,0,0.012766407518090106,-0.0015600000321864815,0.0,0.0,0.24004563689231873,0.003475769360734182
batch_town12_13_20260616_133533_r135_141145,173,Town12,MergerIntoSlowTrafficV2,0,2,0,0,0,0.015875090920375645,-0.0019599999487398545,0.0,0.0,0.24138203263282776,0.0036189904160751074
batch_town12_13_20260616_133533_r135_141145,174,Town12,MergerIntoSlowTrafficV2,0,5,0,0,0,0.0455329895791412,-0.012328860461711777,0.0,0.0,0.2641405165195465,0.004085684764002062
batch_town12_13_20260616_133533_r135_141145,175,Town12,MergerIntoSlowTrafficV2,0,4,0,0,0,0.10631297139520446,-0.015988403856754374,0.0,0.0,0.27763280272483826,0.004365371261705997
batch_town12_13_20260616_133533_r135_141145,176,Town12,MergerIntoSlowTrafficV2,0,5,0,0,0,0.11633612281618588,-0.040886140499750256,0.009497481864575802,0.0,0.283466100692749,0.0047521616633494634
batch_town12_13_20260616_133533_r135_141145,177,Town12,MergerIntoSlowTrafficV2,0,5,0,0,0,0.1883522521885821,-0.048154324123870884,0.008062672440480978,0.0,0.2363983541727066,0.004542754142706995
batch_town12_13_20260616_133533_r135_141145,178,Town12,MergerIntoSlowTrafficV2,0,1,0,0,0,0.042412681084250614,-0.013565499257483182,5.908312136945759e-05,0.0005130767583847451,0.2369200736284256,0.0033484977888360024
batch_town12_13_20260616_133533_r135_141145,179,Town12,MergerIntoSlowTrafficV2,0,4,0,0,0,0.21392637760735544,-0.03299911578707215,0.005039218620955133,0.0,0.205963134765625,0.005464332502520763
batch_town12_13_20260616_133533_r135_141145,180,Town12,MergerIntoSlowTrafficV2,0,0,0,1,1,0.0,0.0,0.0,0.0,0.38308700919151306,0.0030462546234135135
batch_town12_13_20260616_133533_resume_town13_r100_142446,0,Town13,VanillaNonSignalizedTurn,0,6,0,0,0,0.015292450519016398,-0.15150172876311907,0.0,-0.08475352041338102,1.9094106392003596e-05,0.013692332920952843
batch_town12_13_20260616_133533_resume_town13_r100_142446,1,Town13,VanillaNonSignalizedTurn,0,6,0,0,0,0.013913890614627888,-0.14542724436296312,0.0,-0.08507814179801122,1.9094106392003596e-05,0.013692332920952843
batch_town12_13_20260616_133533_resume_town13_r100_142446,2,Town13,VanillaNonSignalizedTurn,0,6,0,0,0,0.011508589452505325,-0.16543037309565725,0.0,-0.09428595633744886,1.9058648831560276e-05,0.013772492286343585
batch_town12_13_20260616_133533_resume_town13_r100_142446,3,Town13,VanillaNonSignalizedTurn,0,6,0,0,0,0.013065682146178537,-0.19468119071069068,0.0,-0.11412280600117096,1.9391034584259614e-05,0.013914983091199318
batch_town12_13_20260616_133533_resume_town13_r100_142446,4,Town13,VanillaNonSignalizedTurn,0,6,0,0,0,0.014880447942482,-0.11536797815089105,0.0,-0.057537030891501445,4.945914497511694e-06,0.011585022931177136
batch_town12_13_20260616_133533_resume_town13_r100_142446,5,Town13,VanillaNonSignalizedTurn,0,6,0,0,0,0.015574742680375842,-0.08095995785926588,0.0,-0.0305578276120204,1.1570903552637901e-05,0.012800432435307485
batch_town12_13_20260616_133533_resume_town13_r100_142446,6,Town13,VanillaNonSignalizedTurn,0,6,0,0,0,0.013418642750880672,-0.05267457502120114,0.0,-0.007536722237926768,1.3639993085234892e-05,0.012943094799394927
batch_town12_13_20260616_133533_resume_town13_r100_142446,7,Town13,VanillaNonSignalizedTurn,0,6,0,0,0,0.011194892357295094,-0.05919922489104815,0.0,-0.012369796215591217,2.2594498659600504e-05,0.011656609579151045
batch_town12_13_20260616_133533_resume_town13_r100_142446,8,Town13,VanillaNonSignalizedTurn,0,6,0,0,0,0.012502281777612367,-0.06374965949847194,0.0,-0.026486947683595528,2.2594498659600504e-05,0.011656609579151045
batch_town12_13_20260616_133533_resume_town13_r100_142446,9,Town13,VanillaNonSignalizedTurn,0,6,0,0,0,0.010986327319381983,-0.05886363387855925,0.0,-0.012121210280414255,2.2384445401257835e-05,0.011370331161447922
batch_town12_13_20260616_133533_resume_town13_r100_142446,10,Town13,VanillaNonSignalizedTurn,0,6,0,0,0,0.010986327319381983,-0.05886363387855925,0.0,-0.012121210280414255,2.2384445401257835e-05,0.011370331161447922
batch_town12_13_20260616_133533_resume_town13_r100_142446,11,Town13,VanillaNonSignalizedTurn,0,6,0,0,0,0.01104664724006521,-0.057914145903591785,0.0,-0.01141788585451243,2.244442657683976e-05,0.011454006367338287
batch_town12_13_20260616_133533_resume_town13_r100_142446,13,Town13,VanillaNonSignalizedTurn,0,0,0,1,1,0.0,0.0,0.0,0.0,0.013600816950201988,0.0014775598516445498
batch_town12_13_20260616_133533_resume_town13_r100_142446,24,Town13,VanillaNonSignalizedTurn,0,3,0,0,0,0.01311066535911487,-0.038049356867952314,0.0,-0.029633862887696844,0.02178056724369526,0.0007216075085827445
batch_town12_13_20260616_133533_resume_town13_r100_142446,25,Town13,VanillaNonSignalizedTurn,0,1,0,0,0,0.015354001977926746,-0.002007193837928009,0.0,0.0006743627202604879,0.02149381674826145,0.003640696123783538
batch_town12_13_20260616_133533_resume_town13_r100_142446,26,Town13,VanillaNonSignalizedTurn,0,0,0,1,1,0.0,0.0,0.0,0.0,0.023962436243891716,0.003011661839465052
batch_town12_13_20260616_133533_resume_town13_r100_142446,27,Town13,VanillaNonSignalizedTurn,0,0,0,1,1,0.0,0.0,0.0,0.0,0.01815314032137394,0.0025812927708829814
batch_town12_13_20260616_133533_resume_town13_r100_142446,28,Town13,VanillaNonSignalizedTurn,0,4,0,0,0,0.0011867115657442362,-0.02274552815209184,0.0,-0.019544835613468217,0.024124136194586754,-1.0896283505701376e-05
batch_town12_13_20260616_133533_resume_town13_r100_142446,29,Town13,VanillaNonSignalizedTurn,0,1,0,0,0,0.009186228371203142,-0.05042937133655978,0.0,-0.04653606936479818,0.02263857237994671,0.00353124994937265
batch_town12_13_20260616_133533_resume_town13_r100_142446,30,Town13,VanillaNonSignalizedTurn,0,0,0,1,1,0.0,0.0,0.0,0.0,0.0231627244502306,0.00274817869915428
batch_town12_13_20260616_133533_resume_town13_r100_142446,31,Town13,VanillaNonSignalizedTurn,0,4,0,0,0,0.0017874932051644699,-0.1031697130358796,0.0,-0.08606092345983751,0.025731178000569344,0.0013862480124422483
batch_town12_13_20260616_133533_resume_town13_r100_142446,32,Town13,VanillaNonSignalizedTurn,0,5,0,0,0,0.002722536492465011,-0.08543872595359163,0.0,-0.06874811715939369,0.027465594932436943,0.0017488009903132706
batch_town12_13_20260616_133533_resume_town13_r100_142446,33,Town13,VanillaNonSignalizedTurn,0,2,0,0,0,0.014730012968519501,-0.06509790420399489,0.0,-0.046609461085784426,0.028786873444914818,0.0020512121564244534
batch_town12_13_20260616_133533_resume_town13_r100_142446,34,Town13,VanillaNonSignalizedTurn,0,0,0,1,1,0.0,0.0,0.0,0.0,0.02938857488334179,0.005293549407771936
batch_town12_13_20260616_133533_resume_town13_r100_142446,35,Town13,VanillaNonSignalizedTurn,0,4,0,0,0,0.007846934964793828,-0.09172689204031872,0.0,-0.0716712456950041,0.04155101627111435,0.0013772123098498845
batch_town12_13_20260616_133533_resume_town13_r100_142446,36,Town13,VanillaNonSignalizedTurn,0,2,0,0,0,0.002896203882700954,-0.14729075107889825,0.0,-0.1184744135661438,0.04018961265683174,0.001855752626070073
batch_town12_13_20260616_133533_resume_town13_r100_142446,37,Town13,VanillaNonSignalizedTurn,0,3,0,0,0,0.019558039157902662,-0.10351949228789892,0.0,-0.07445933122654377,0.03977402672171593,0.002028747823532573
batch_town12_13_20260616_133533_resume_town13_r100_142446,38,Town13,VanillaNonSignalizedTurn,0,3,0,0,0,0.0057034512811711124,-0.0668767153079424,0.0,-0.05311659808917646,0.03970230370759964,0.002127101644779694
batch_town12_13_20260616_133533_resume_town13_r100_142446,39,Town13,VanillaNonSignalizedTurn,0,0,0,1,1,0.0,0.0,0.0,0.0,0.039212293922901154,0.003998340325678917
batch_town12_13_20260616_133533_resume_town13_r100_142446,40,Town13,VanillaNonSignalizedTurn,0,1,0,0,0,0.012244860129758617,-0.07684294215947232,0.0,-0.05951710094721113,0.03355741128325462,0.002875012476615646
batch_town12_13_20260616_133533_resume_town13_r100_142446,41,Town13,VanillaNonSignalizedTurn,0,4,0,0,0,0.005330242348805747,-0.08030743224006695,0.0,-0.06373528191006148,0.030694330111145973,0.0023545981760302315
batch_town12_13_20260616_133533_resume_town13_r100_142446,42,Town13,VanillaNonSignalizedTurn,0,2,0,0,0,0.018180167718733375,-0.14270420937886136,0.0,-0.11312069870182245,0.03062744066119194,0.0028083482300912954
batch_town12_13_20260616_133533_resume_town13_r100_142446,43,Town13,VanillaNonSignalizedTurn,0,4,0,0,0,0.013058239829675244,-0.1658836619610303,0.0,-0.12536811037046772,0.0402582511305809,0.0018295838498987305
batch_town12_13_20260616_133533_resume_town13_r100_142446,44,Town13,VanillaNonSignalizedTurn,0,2,0,0,0,0.0055471277037388855,-0.09289206257575122,0.0,-0.06555648119444735,0.04892020300030708,0.0017683130435441896
batch_town12_13_20260616_133533_resume_town13_r100_142446,45,Town13,VanillaNonSignalizedTurn,0,2,0,0,0,0.014020640633874148,-0.15764124653470302,0.0,-0.11263486736889078,0.045287128537893295,0.002238753741276911
batch_town12_13_20260616_133533_resume_town13_r100_142446,47,Town13,VanillaNonSignalizedTurn,0,0,0,1,1,0.0,0.0,0.0,0.0,0.04315117374062538,0.0013274679989070393
batch_town12_13_20260616_133533_resume_town13_r100_142446,48,Town13,VanillaNonSignalizedTurn,0,4,0,0,0,0.010734342776051953,-0.21465452663540635,0.0,-0.16792054736459538,0.026112930849194527,0.002654244213749324
batch_town12_13_20260616_133533_resume_town13_r100_142446,49,Town13,VanillaNonSignalizedTurn,0,0,0,1,1,0.0,0.0,0.0,0.0,0.020521245896816254,0.004299954940029771
batch_town12_13_20260616_133533_resume_town13_r100_142446,50,Town13,VanillaNonSignalizedTurn,0,0,0,1,1,0.0,0.0,0.0,0.0,0.024693526327610016,0.004094754366398945
batch_town12_13_20260616_133533_resume_town13_r100_142446,51,Town13,VanillaNonSignalizedTurn,0,0,0,1,1,0.0,0.0,0.0,0.0,0.04017101228237152,0.0022118313031531667
batch_town12_13_20260616_133533_resume_town13_r100_142446,52,Town13,VanillaNonSignalizedTurn,0,3,0,0,0,0.016203433633153297,-0.23513183053205733,0.0,-0.18052952066474356,0.026826584711670876,0.0026569848537467133
batch_town12_13_20260616_133533_resume_town13_r100_142446,53,Town13,VanillaNonSignalizedTurn,0,1,0,0,0,0.008562333099627839,-0.02331553461374891,0.0,-0.014185876222466642,0.022105829790234566,0.005295782674451965
batch_town12_13_20260616_133533_resume_town13_r100_142446,54,Town13,VanillaNonSignalizedTurn,0,3,0,0,0,0.014781652205558105,-0.09132863749013403,0.0,-0.06491012998345505,0.029936421662569046,0.0028940883273895213
batch_town12_13_20260616_133533_resume_town13_r100_142446,55,Town13,VanillaNonSignalizedTurn,0,2,0,0,0,0.01856870989557624,-0.017072659703729676,0.0,-0.021089597533294147,0.0475839264690876,0.002562252692831002
batch_town12_13_20260616_133533_resume_town13_r100_142446,56,Town13,VanillaNonSignalizedTurn,0,1,0,0,0,0.009010456928826294,-0.1495103785687913,0.0,-0.11109659000636829,0.02861335128545761,0.0035606738559447737
batch_town12_13_20260616_133533_resume_town13_r100_142446,57,Town13,VanillaNonSignalizedTurn,0,2,0,0,0,0.01915698897701379,-0.19996241263913328,0.0,-0.14088682305935885,0.026971276849508286,0.003769236316266855
batch_town12_13_20260616_133533_resume_town13_r100_142446,58,Town13,VanillaNonSignalizedTurn,0,0,0,1,1,0.0,0.0,0.0,0.0,0.04595265910029411,0.003170748565196113
batch_town12_13_20260616_133533_resume_town13_r100_142446,59,Town13,VanillaNonSignalizedTurn,0,2,0,0,0,0.008869408545903124,-0.19510385349626352,0.0,-0.1505698140038017,0.02375319041311741,0.002236647271103287
batch_town12_13_20260616_133533_resume_town13_r100_142446,60,Town13,VanillaNonSignalizedTurn,0,0,0,1,1,0.0,0.0,0.0,0.0,0.023808488622307777,0.013251346283762011
batch_town12_13_20260616_133533_resume_town13_r100_142446,61,Town13,VanillaNonSignalizedTurn,0,4,0,0,0,0.01436744961993447,-0.25692311360984965,0.0,-0.19050816360667838,0.03794575110077858,0.0036266150627158322
batch_town12_13_20260616_133533_resume_town13_r100_142446,62,Town13,VanillaNonSignalizedTurn,0,0,0,1,1,0.0,0.0,0.0,0.0,0.04034413769841194,0.008407247763890346
batch_town12_13_20260616_133533_resume_town13_r100_142446,63,Town13,VanillaNonSignalizedTurn,0,0,0,1,1,0.0,0.0,0.0,0.0,0.02861528843641281,0.0068123705904761245
batch_town12_13_20260616_133533_resume_town13_r100_142446,64,Town13,VanillaNonSignalizedTurn,0,0,0,1,1,0.0,0.0,0.0,0.0,0.02630726434290409,0.009797870936115949
batch_town12_13_20260616_133533_resume_town13_r100_142446,65,Town13,VanillaNonSignalizedTurn,0,0,0,1,1,0.0,0.0,0.0,0.0,0.05698944255709648,0.004550351632045757
batch_town12_13_20260616_133533_resume_town13_r100_142446,66,Town13,VanillaNonSignalizedTurn,0,5,0,0,0,0.006247332028513852,-0.23383631445467473,0.0,-0.17327300161123277,0.029223203659057617,0.0024506906836596065
batch_town12_13_20260616_133533_resume_town13_r100_142446,67,Town13,VanillaNonSignalizedTurn,0,1,0,0,0,0.0014132333256604568,-0.05249194085597986,0.0,-0.037255567312240556,0.017284845933318138,0.011475612342196406
batch_town12_13_20260616_133533_resume_town13_r100_142446,68,Town13,VanillaNonSignalizedTurn,0,5,0,0,0,0.002709576250185586,-0.2297545490600169,0.0,-0.1719841416925192,0.02544846199452877,0.0032232998174114846
batch_town12_13_20260616_133533_resume_town13_r100_142446,70,Town13,VanillaNonSignalizedTurn,0,2,0,0,0,0.05450394804979375,-0.04579181640291086,0.0,-0.07438146382896893,0.047402966767549515,0.0030720435719408523
batch_town12_13_20260616_133533_resume_town13_r100_142446,71,Town13,VanillaNonSignalizedTurn,0,2,0,0,0,0.018992217839428394,-0.07479527705249023,0.0,-0.10322388714726205,0.06102055683732033,0.003972677799074509
batch_town12_13_20260616_133533_resume_town13_r100_142446,72,Town13,VanillaNonSignalizedTurn,0,0,0,1,1,0.0,0.0,0.0,0.0,0.04823442921042442,0.01029560247482042
batch_town12_13_20260616_133533_resume_town13_r100_142446,73,Town13,VanillaNonSignalizedTurn,0,0,0,1,1,0.0,0.0,0.0,0.0,0.03415577858686447,0.009996641409808937
batch_town12_13_20260616_133533_resume_town13_r100_142446,74,Town13,VanillaNonSignalizedTurn,0,0,0,1,1,0.0,0.0,0.0,0.0,0.04849682003259659,-0.0011371339438284167
batch_town12_13_20260616_133533_resume_town13_r100_142446,75,Town13,VanillaNonSignalizedTurn,0,0,0,1,1,0.0,0.0,0.0,0.0,0.05391889065504074,-0.0002035737823886663
batch_town12_13_20260616_133533_resume_town13_r100_142446,76,Town13,VanillaNonSignalizedTurn,0,0,0,1,1,0.0,0.0,0.0,0.0,0.02341364696621895,0.019247042514404455
batch_town12_13_20260616_133533_resume_town13_r100_142446,77,Town13,VanillaNonSignalizedTurn,0,0,0,1,1,0.0,0.0,0.0,0.0,0.02625424601137638,0.015442924819653037
batch_town12_13_20260616_133533_resume_town13_r100_142446,78,Town13,VanillaNonSignalizedTurn,0,0,0,1,1,0.0,0.0,0.0,0.0,0.016091221943497658,0.021447023706814505
batch_town12_13_20260616_133533_resume_town13_r100_142446,79,Town13,VanillaNonSignalizedTurn,0,1,0,0,0,0.007877494027362708,-0.1040686058331377,0.0,-0.0693184525384467,0.03814301639795303,0.015462094503587487
batch_town12_13_20260616_133533_resume_town13_r100_142446,80,Town13,VanillaNonSignalizedTurn,0,1,0,0,0,0.004842131238216751,-0.006045218650463591,0.0,-0.0012848178133283428,0.026052173227071762,0.020394824717895332
batch_town12_13_20260616_133533_resume_town13_r100_142446,81,Town13,VanillaNonSignalizedTurn,0,0,0,1,1,0.0,0.0,0.0,0.0,0.00140412338078022,0.0010319480449918483
batch_town12_13_20260616_133533_resume_town13_r100_142446,82,Town13,VanillaNonSignalizedTurn,0,0,0,1,1,0.0,0.0,0.0,0.0,0.0022714128717780113,-0.0007987966638882682
batch_town12_13_20260616_133533_resume_town13_r100_142446,83,Town13,VanillaNonSignalizedTurn,0,0,0,1,1,0.0,0.0,0.0,0.0,0.00259969150647521,0.00041903470970194867
batch_town12_13_20260616_133533_resume_town13_r100_142446,84,Town13,VanillaNonSignalizedTurn,0,5,0,0,0,0.0029932109734387424,-0.26488341774782764,0.0,-0.19728939320747663,0.00380878709256649,-0.00013395145015948628
batch_town12_13_20260616_133533_resume_town13_r100_142446,85,Town13,VanillaNonSignalizedTurn,0,0,0,1,1,0.0,0.0,0.0,0.0,0.004071169998496771,0.00026578774035157515
batch_town12_13_20260616_133533_resume_town13_r100_142446,86,Town13,VanillaNonSignalizedTurn,0,0,0,1,1,0.0,0.0,0.0,0.0,0.003579748095944524,-0.00019828766038454404
batch_town12_13_20260616_133533_resume_town13_r100_142446,87,Town13,VanillaNonSignalizedTurn,0,0,0,1,1,0.0,0.0,0.0,0.0,0.003542528720572591,0.0001631601089424617
batch_town12_13_20260616_133533_resume_town13_r100_142446,88,Town13,VanillaNonSignalizedTurn,0,1,0,0,0,0.001885219807585825,-0.10933575813890184,0.0,-0.07833300291697692,0.00368317449465394,0.0002677086044131638
batch_town12_13_20260616_133533_resume_town13_r100_142446,89,Town13,VanillaNonSignalizedTurn,0,1,0,0,0,0.001953808519386646,-0.10847308526683042,0.0,-0.07572516298771048,0.0046255141496658325,0.002235981636267592
batch_town12_13_20260616_133533_resume_town13_r100_142446,90,Town13,VanillaNonSignalizedTurn,0,5,0,0,0,0.0009682902986014597,-0.2699088356965413,0.0,-0.20800462809047798,0.007055021356791258,-7.868652795695041e-05
batch_town12_13_20260616_133533_resume_town13_r100_142446,91,Town13,VanillaNonSignalizedTurn,0,2,0,0,0,0.002029707736753039,-0.17592771922486838,0.0,-0.12210629177636434,0.004907137714326382,0.0013409026225421616
batch_town12_13_20260616_133533_resume_town13_r100_142446,92,Town13,VanillaNonSignalizedTurn,0,4,0,0,0,0.00014314015062977248,-0.1704190933704376,0.0,-0.12679061889648435,0.006072455085813999,0.0019132586812056207
batch_town12_13_20260616_133533_resume_town13_r100_142446,94,Town13,VanillaNonSignalizedTurn,0,1,0,0,0,0.026244887314942345,-0.10798413360937265,0.0,-0.13281085376992496,0.015348369255661964,0.0016443519467552736
batch_town12_13_20260616_133533_resume_town13_r100_142446,95,Town13,VanillaNonSignalizedTurn,0,0,0,1,1,0.0,0.0,0.0,0.0,0.01720513217151165,0.0017077659324640226
batch_town12_13_20260616_133533_resume_town13_r100_142446,96,Town13,VanillaNonSignalizedTurn,0,0,0,1,1,0.0,0.0,0.0,0.0,0.014908534474670887,0.0009080953901190458
batch_town12_13_20260616_133533_resume_town13_r100_142446,97,Town13,VanillaNonSignalizedTurn,0,0,0,1,1,0.0,0.0,0.0,0.0,0.018253730610013008,0.0017878020598913746
batch_town12_13_20260616_133533_resume_town13_r100_142446,98,Town13,VanillaNonSignalizedTurn,0,5,0,0,0,0.01835473527290782,-0.41697308829851387,0.0,-0.2973641239303676,0.01232148613780737,0.004940826624044492
batch_town12_13_20260616_133533_resume_town13_r100_142446,99,Town13,VanillaNonSignalizedTurn,0,0,0,1,1,0.0,0.0,0.0,0.0,0.023920267820358276,0.0019178209206436314
batch_town12_13_20260616_133533_resume_town13_r100_142446,100,Town13,VanillaNonSignalizedTurn,0,0,0,1,1,0.0,0.0,0.0,0.0,0.04504907876253128,0.0016905141159233583
batch_town12_13_20260616_133533_resume_town13_r100_142446,101,Town13,VanillaNonSignalizedTurn,0,0,0,1,1,0.0,0.0,0.0,0.0,0.0500812865793705,0.0013410224892542733
batch_town12_13_20260616_133533_resume_town13_r100_142446,102,Town13,VanillaNonSignalizedTurn,0,0,0,1,1,0.0,0.0,0.0,0.0,0.0675240010023117,0.001381138506546753
batch_town12_13_20260616_133533_resume_town13_r100_142446,103,Town13,VanillaNonSignalizedTurn,0,0,0,1,1,0.0,0.0,0.0,0.0,0.08136790245771408,0.0011194200289883494
batch_town12_13_20260616_133533_resume_town13_r100_142446,104,Town13,VanillaNonSignalizedTurn,0,0,0,1,1,0.0,0.0,0.0,0.0,0.09440337866544724,0.0013485800854529106
batch_town12_13_20260616_133533_resume_town13_r100_142446,105,Town13,VanillaNonSignalizedTurn,0,0,0,1,1,0.0,0.0,0.0,0.0,0.10665956139564514,0.0011417442676604495
batch_town12_13_20260616_133533_resume_town13_r100_142446,106,Town13,VanillaNonSignalizedTurn,0,2,0,0,0,0.0410973575300686,-0.011354696899652517,0.0,0.0,0.07892680913209915,0.005262463099736214
batch_town12_13_20260616_133533_resume_town13_r100_142446,107,Town13,VanillaNonSignalizedTurn,0,3,0,0,0,0.054326057165404285,-0.013127564676105985,0.0,0.0,0.08050377666950226,0.005519241008546505
batch_town12_13_20260616_133533_resume_town13_r100_142446,108,Town13,VanillaNonSignalizedTurn,0,3,0,0,0,0.04553174154277562,-0.04622681464605405,-0.0015952721394747876,-0.028416790008544912,0.0825781598687172,0.005374146099370147
batch_town12_13_20260616_133533_resume_town13_r100_142446,109,Town13,VanillaNonSignalizedTurn,0,0,0,1,1,0.0,0.0,0.0,0.0,0.12758387625217438,0.0013782467221170602
batch_town12_13_20260616_133533_resume_town13_r100_142446,110,Town13,VanillaNonSignalizedTurn,0,2,0,0,0,0.004067372131302316,-0.0009445729292929528,0.0,0.0,0.1544179767370224,0.002460406348905597
batch_town12_13_20260616_133533_resume_town13_r100_142446,111,Town13,VanillaNonSignalizedTurn,0,0,0,1,1,0.0,0.0,0.0,0.0,0.2144644558429718,0.0010688855342042558
batch_town12_13_20260616_133533_resume_town13_r100_142446,112,Town13,VanillaNonSignalizedTurn,0,1,0,0,0,0.00042552216586178027,-0.00024000000208612704,0.0,0.0,0.19661551713943481,0.002219253300133728
batch_town12_13_20260616_133533_resume_town13_r100_142446,113,Town13,VanillaNonSignalizedTurn,0,0,0,1,1,0.0,0.0,0.0,0.0,0.17788587510585785,0.0009588334710219915
batch_town12_13_20260616_133533_resume_town13_r100_142446,114,Town13,VanillaNonSignalizedTurn,0,4,0,0,0,0.03847005706759132,-0.04659536096172251,-0.0010845425615631232,-0.03266333239674557,0.19379563629627228,0.0015341221437139563
batch_town12_13_20260616_133533_resume_town13_r100_142446,115,Town13,VanillaNonSignalizedTurn,0,5,0,0,0,0.06741055894234038,-0.054737738447459994,-0.005985724469435544,-0.044680340766906745,0.17562684416770935,0.00465445306213863
batch_town12_13_20260616_133533_resume_town13_r100_142446,116,Town13,VanillaNonSignalizedTurn,0,0,0,1,1,0.0,0.0,0.0,0.0,0.2584863007068634,0.0004670342108166192
batch_town12_13_20260616_133533_resume_town13_r100_142446,118,Town13,VanillaNonSignalizedTurn,0,2,0,0,0,0.018945183858121384,-0.003136236448772256,0.0,0.0,0.24560391902923584,0.0021195500419166624
batch_town12_13_20260616_133533_resume_town13_r100_142446,119,Town13,VanillaNonSignalizedTurn,0,3,0,0,0,0.02762329213815473,-0.012485156541710729,-0.0015771825359835456,-0.008986806750297505,0.27059662342071533,0.003174112605742352
batch_town12_13_20260616_133533_resume_town13_r100_142446,120,Town13,VanillaNonSignalizedTurn,0,0,0,1,1,0.0,0.0,0.0,0.0,0.3206165134906769,0.0021706115756505717
batch_town12_13_20260616_133533_resume_town13_r100_142446,121,Town13,VanillaNonSignalizedTurn,0,3,0,0,0,0.05987225952292241,-0.03898473382885237,-0.007741478831591542,-0.03958912968635553,0.32277342677116394,0.004941042196834555
batch_town12_13_20260616_133533_resume_town13_r100_142446,122,Town13,VanillaNonSignalizedTurn,0,5,0,0,0,0.013796758271160225,-0.0632099141736529,-0.014551862261485082,-0.07076763153076171,0.33041316270828247,0.0036715014942127477
batch_town12_13_20260616_133533_resume_town13_r100_142446,123,Town13,VanillaNonSignalizedTurn,0,2,0,0,0,0.05373256885568889,-0.008694463018327936,0.0,0.0,0.3210742175579071,0.004291736391288881
batch_town12_13_20260616_133533_resume_town13_r100_142446,124,Town13,VanillaNonSignalizedTurn,0,0,0,1,1,0.0,0.0,0.0,0.0,0.3669533431529999,0.0024519528426797943
batch_town12_13_20260616_133533_resume_town13_r100_142446,125,Town13,VanillaNonSignalizedTurn,0,2,0,0,0,0.12601875274567553,-0.013637208044528948,0.0,0.0,0.33175137639045715,0.005534365752822401
batch_town12_13_20260616_133533_resume_town13_r100_142446,126,Town13,VanillaNonSignalizedTurn,0,2,0,0,0,0.03568007511385818,-0.029667443138263083,-0.008189388122204821,-0.03307065296173095,0.4686753451824188,0.005850244505914537
batch_town12_13_20260616_133533_resume_town13_r100_142446,127,Town13,VanillaNonSignalizedTurn,0,4,0,0,0,0.11726295980661394,-0.04732945409387429,-0.01419034441325373,-0.054714031219482484,0.452445387840271,0.006047550732802387
batch_town12_13_20260616_133533_resume_town13_r100_142446,128,Town13,VanillaNonSignalizedTurn,0,4,0,0,0,0.028478817008511292,-0.018381546302826512,-0.005627130090885113,-0.02072483396530167,0.5138528347015381,0.0061634595959134675
batch_town12_13_20260616_133533_resume_town13_r100_142446,129,Town13,VanillaNonSignalizedTurn,0,3,0,0,0,0.040084478348896946,-0.01177796233018924,-0.002370248181529755,-0.008349386215209975,0.5318718552589417,0.0068642646359839965
batch_town12_13_20260616_133533_resume_town13_r100_142446,130,Town13,VanillaNonSignalizedTurn,0,4,0,0,0,0.11163453500033227,-0.05117102448206978,-0.021244285296099896,-0.07166413307189945,0.5172939896583557,0.005860717485301814
batch_town12_13_20260616_133533_resume_town13_r100_142446,131,Town13,VanillaNonSignalizedTurn,0,3,0,0,0,0.03103244001816896,-0.0129497994679042,-0.0019015861745088625,-0.006151421070098806,0.5806661248207092,0.005699775073033875
batch_town12_13_20260616_133533_resume_town13_r100_142446,132,Town13,VanillaNonSignalizedTurn,0,5,0,0,0,0.09664631378328092,-0.026482739160059943,-0.009881403021498203,-0.030669696807861246,0.5690162181854248,0.007197021745891874
batch_town12_13_20260616_133533_resume_town13_r100_142446,133,Town13,VanillaNonSignalizedTurn,0,3,0,0,0,0.056305849877558156,-0.02486007176102989,-0.014686331417552712,-0.04373865795135523,0.6045114398002625,0.008074303362244795
batch_town12_13_20260616_133533_resume_town13_r100_142446,134,Town13,VanillaNonSignalizedTurn,0,3,0,0,0,0.02526417269702108,-0.01795638194930782,-0.01888160802337424,-0.05400000000000005,0.6111097931861877,0.007807769614110782
batch_town12_13_20260616_133533_resume_town13_r100_142446,135,Town13,VanillaNonSignalizedTurn,0,3,0,0,0,0.02933234337110191,-0.016573897564953644,-0.019629378868232905,-0.05400000000000027,0.6442484855651855,0.008113671336337003
batch_town12_13_20260616_133533_resume_town13_r100_142446,136,Town13,VanillaNonSignalizedTurn,0,2,0,0,0,0.06419915476758487,-0.011103489212691997,0.0,0.0,0.6766177415847778,0.00841657339409263
batch_town12_13_20260616_133533_resume_town13_r100_142446,137,Town13,VanillaNonSignalizedTurn,0,5,0,0,0,0.011292537550115167,-0.13544654042661208,0.0,-0.10671265479326264,0.5559952259063721,0.005592296023743781
batch_town12_13_20260616_133533_resume_town13_r100_142446,138,Town13,VanillaNonSignalizedTurn,0,2,0,0,0,0.07802270408570777,-0.09006011579573148,0.0,-0.06427652921676641,0.48250171542167664,0.0071936212771026575
batch_town12_13_20260616_133533_resume_town13_r100_142446,139,Town13,VanillaNonSignalizedTurn,0,3,0,0,0,0.016215118689835606,-0.054986379758774406,0.0,-0.050108429456573456,0.4912376403808594,0.009073632515702812
batch_town12_13_20260616_133533_resume_town13_r100_142446,141,Town13,VanillaNonSignalizedTurn,0,0,0,1,1,0.0,0.0,0.0,0.0,0.38659268617630005,0.008562232800566338
batch_town12_13_20260616_133533_resume_town13_r100_142446,142,Town13,VanillaNonSignalizedTurn,0,0,0,1,1,0.0,0.0,0.0,0.0,0.3368023931980133,0.008286625142325477
batch_town12_13_20260616_133533_resume_town13_r100_142446,143,Town13,VanillaNonSignalizedTurn,0,0,0,1,1,0.0,0.0,0.0,0.0,0.34217992424964905,0.008554215590443448
batch_town12_13_20260616_133533_resume_town13_r100_142446,144,Town13,VanillaNonSignalizedTurn,0,2,0,0,0,0.10743022232224897,-0.039954892124524966,-0.0021687058699833006,-0.028814680480957255,0.30227014422416687,0.008847605475426068
batch_town12_13_20260616_133533_resume_town13_r100_142446,145,Town13,VanillaNonSignalizedTurn,0,4,0,0,0,0.1581240060817528,-0.05403629021155654,-0.004121289740589756,-0.044123343372344914,0.22990579903125763,0.008571201452716615
batch_town12_13_20260616_133533_resume_town13_r100_142446,146,Town13,VanillaNonSignalizedTurn,0,5,0,0,0,0.16145921183184875,-0.08201638528751909,-0.00875200577661897,-0.07822794857025128,0.18023639917373657,0.008354108602910415
batch_town12_13_20260616_133533_resume_town13_r100_142446,147,Town13,VanillaNonSignalizedTurn,0,4,0,0,0,0.139262573437823,-0.04280428994057939,-0.006743404524598345,-0.05167153787612899,0.18647430837154388,0.008689641376370627
batch_town12_13_20260616_133533_resume_town13_r100_142446,148,Town13,VanillaNonSignalizedTurn,0,1,0,0,0,0.1133859290352004,-0.015405642740501824,-0.00039927111834356377,-0.0026758498191834512,0.1507105827331543,0.008320730218589034
batch_town12_13_20260616_133533_resume_town13_r100_142446,149,Town13,VanillaNonSignalizedTurn,0,5,0,0,0,0.0899902405419164,-0.08709951126415616,-0.016636763342269767,-0.09913349711894992,0.14190363883972168,0.007706554162403734
batch_town12_13_20260616_133533_resume_town13_r100_142446,150,Town13,VanillaNonSignalizedTurn,0,2,0,0,0,0.04501379541573414,-0.04701408705213794,-0.011575710980719245,-0.0621215527296064,0.16044847667217255,0.007782204666501702
batch_town12_13_20260616_133533_resume_town13_r100_142446,151,Town13,VanillaNonSignalizedTurn,0,4,0,0,0,0.04877939613799276,-0.056863805201252005,-0.017678308799443654,-0.08640000000000025,0.1846340298652649,0.007327673090842257
batch_town12_13_20260616_133533_resume_town13_r100_142446,152,Town13,VanillaNonSignalizedTurn,0,3,0,0,0,0.07738864914052179,-0.021485973896916838,-0.004248563388432047,-0.019080447220802377,0.20200930535793304,0.008532355647989043
batch_town12_13_20260616_133533_resume_town13_r100_142446,153,Town13,VanillaNonSignalizedTurn,0,5,0,0,0,0.04543777251128933,-0.03956764411984934,-0.016379808926719086,-0.06810992660522475,0.2507437467575073,0.007646860539772149
batch_town12_13_20260616_133533_resume_town13_r100_142446,154,Town13,VanillaNonSignalizedTurn,0,3,0,0,0,0.09797517164360903,-0.025907660305862168,-0.0063307177224800615,-0.024521655106544582,0.2519848942756653,0.00845925530819125
batch_town12_13_20260616_133533_resume_town13_r100_142446,155,Town13,VanillaNonSignalizedTurn,0,4,0,0,0,0.12079579047309785,-0.03961206039708054,-0.013967887538589019,-0.050685651862621306,0.26668646931648254,0.008127845200460726
batch_town12_13_20260616_133533_resume_town13_r100_142446,156,Town13,VanillaNonSignalizedTurn,0,3,0,0,0,0.03247134431166021,-0.020956066799627582,-0.013534271392351194,-0.046202551245689394,0.3477470278739929,0.00805178864787548
batch_town12_13_20260616_133533_resume_town13_r100_142446,157,Town13,VanillaNonSignalizedTurn,0,3,0,0,0,0.0232606394544157,-0.013718539932657814,-0.010045093364952074,-0.032399999999999984,0.4441532492637634,0.00826435615471599
batch_town12_13_20260616_133533_resume_town13_r100_142446,158,Town13,VanillaNonSignalizedTurn,0,2,0,0,0,0.05245446113572827,-0.01658495771217061,-0.004477018302071034,-0.013708103799820126,0.4808001220226288,0.008589009525718172
batch_town12_13_20260616_133533_resume_town13_r100_142446,159,Town13,VanillaNonSignalizedTurn,0,5,0,0,0,0.10937321119575483,-0.04198261163259631,-0.024928997799974484,-0.07273649740219135,0.5190211534500122,0.007378739681453084
batch_town12_13_20260616_133533_resume_town13_r100_142446,160,Town13,VanillaNonSignalizedTurn,0,4,0,0,0,0.11077247045378735,-0.029900259900151438,-0.014160146489713421,-0.03947934436798106,0.5374930500984192,0.007589923102352181
batch_town12_13_20260616_133533_resume_town13_r100_142446,161,Town13,VanillaNonSignalizedTurn,0,2,0,0,0,0.03540578210670953,-0.005872117504477359,0.0,0.0,0.590949296951294,0.008103138798177145
batch_town12_13_20260616_133533_resume_town13_r100_142446,162,Town13,VanillaNonSignalizedTurn,0,4,0,0,0,0.06268908827784658,-0.05096695798499207,-0.0031388697756096207,-0.04337915039062512,0.49040988087654114,0.007613272388704573
batch_town12_13_20260616_133533_resume_town13_r100_142446,163,Town13,VanillaNonSignalizedTurn,0,2,0,0,0,0.030081128983702854,-0.018062356041714526,-0.0007828566182784824,-0.009365957880020037,0.4503908157348633,0.007466830102767386
batch_town12_13_20260616_133533_resume_town13_r100_142446,165,Town13,VanillaNonSignalizedTurn,0,0,0,1,1,0.0,0.0,0.0,0.0,0.3983100950717926,0.008051126009707588
batch_town12_13_20260616_133533_resume_town13_r100_142446,166,Town13,VanillaNonSignalizedTurn,0,5,0,0,0,0.05663336052056245,-0.05287818838272992,-0.005751418177664336,-0.04819636917114267,0.41021788120269775,0.0074619372934123795
batch_town12_13_20260616_133533_resume_town13_r100_142446,167,Town13,VanillaNonSignalizedTurn,0,3,0,0,0,0.10378614686547705,-0.04111407828952976,-0.005097338966810638,-0.03864479895830164,0.30123019218444824,0.007305487635347774
batch_town12_13_20260616_133533_resume_town13_r100_142446,168,Town13,VanillaNonSignalizedTurn,0,2,0,0,0,0.025818033121475015,-0.04299953679460705,-0.007822428089298894,-0.05400000000000005,0.36349400877952576,0.007494603219963647
batch_town12_13_20260616_133533_resume_town13_r100_142446,169,Town13,VanillaNonSignalizedTurn,0,2,0,0,0,0.033892818989450735,-0.004065032526850698,0.0,0.0,0.33001944422721863,0.008072737977901312
batch_town12_13_20260616_133533_resume_town13_r100_142446,170,Town13,VanillaNonSignalizedTurn,0,4,0,0,0,0.10115383959205992,-0.030927711868318553,-0.00358196957391399,-0.02086369085311901,0.26495254039764404,0.007802186447410708
batch_town12_13_20260616_133533_resume_town13_r100_142446,171,Town13,VanillaNonSignalizedTurn,0,0,0,1,1,0.0,0.0,0.0,0.0,0.23320791125297546,0.007615552852902496
batch_town12_13_20260616_133533_resume_town13_r100_142446,172,Town13,VanillaNonSignalizedTurn,0,5,0,0,0,0.0561533633720428,-0.09613813760239004,-0.02363533425091302,-0.1182307042121884,0.21204860508441925,0.007095533971998247
batch_town12_13_20260616_133533_resume_town13_r100_142446,173,Town13,VanillaNonSignalizedTurn,0,4,0,0,0,0.018986434765288163,-0.03447644505905917,-0.011583802197894455,-0.05400000000000005,0.257234126329422,0.0076695411946210434
batch_town12_13_20260616_133533_resume_town13_r100_142446,174,Town13,VanillaNonSignalizedTurn,0,3,0,0,0,0.042898963337820284,-0.047696665560763296,-0.017223448232076333,-0.07502629222869883,0.26582011580467224,0.008205062212652603
batch_town12_13_20260616_133533_resume_town13_r100_142446,175,Town13,VanillaNonSignalizedTurn,0,3,0,0,0,0.01867135714326995,-0.04221598593754505,-0.018158255163440273,-0.07414455699920652,0.3029683530330658,0.00819360557705906
batch_town12_13_20260616_133533_resume_town13_r100_142446,176,Town13,VanillaNonSignalizedTurn,0,3,0,0,0,0.015922248381744497,-0.060480000003799717,0.0,-0.05400000000000005,0.15752443671226501,0.0053538309391680805
batch_town12_13_20260616_133533_resume_town13_r63_143536,0,Town13,ParkingCrossingPedestrian,0,6,0,0,0,0.011945862869313428,-0.4037600448036194,0.0,-0.2676000331878662,0.0006201234646141529,0.013623784894130964
batch_town12_13_20260616_133533_resume_town13_r63_143536,1,Town13,ParkingCrossingPedestrian,0,6,0,0,0,0.010184779412838463,-0.4948744140148163,0.0,-0.3439278970956802,0.0009279860532842577,0.01127828326571656
batch_town12_13_20260616_133533_resume_town13_r63_143536,2,Town13,ParkingCrossingPedestrian,0,6,0,0,0,0.008276942592428282,-0.5625199706459046,0.0,-0.3851999782562256,0.0009896022966131568,0.010738256008476554
batch_town12_13_20260616_133533_resume_town13_r63_143536,4,Town13,ParkingCrossingPedestrian,0,6,0,0,0,0.012949256401329823,-0.2118559258718849,0.0,-0.125448833979174,0.00034847017377614975,0.012077379197010352
batch_town12_13_20260616_133533_resume_town13_r63_143536,5,Town13,ParkingCrossingPedestrian,0,6,0,0,0,0.009850893222837831,-0.11680353419540208,0.0,-0.0550396549595571,0.0007300986326299608,0.011584405617609761
batch_town12_13_20260616_133533_resume_town13_r63_143536,6,Town13,ParkingCrossingPedestrian,0,6,0,0,0,0.01013003675191615,-0.12594590042929582,0.0,-0.06181177809577467,0.0007781246094964445,0.011599673640064978
batch_town12_13_20260616_133533_resume_town13_r63_143536,7,Town13,ParkingCrossingPedestrian,0,6,0,0,0,0.009949518120429879,-0.12715835378822254,0.0,-0.06270989169497966,0.0007886934326961637,0.011373623750196238
batch_town12_13_20260616_133533_resume_town13_r63_143536,8,Town13,ParkingCrossingPedestrian,0,6,0,0,0,0.011747107351069097,-0.1322281367091661,0.0,-0.07721174561744307,0.000782679533585906,0.011396322759635424
batch_town12_13_20260616_133533_resume_town13_r63_143536,10,Town13,ParkingCrossingPedestrian,0,6,0,0,0,0.009870593728347865,-0.10941941136610153,0.0,-0.04956993434526039,0.000780382368247956,0.011376862398924104
batch_town12_13_20260616_133533_resume_town13_r63_143536,11,Town13,ParkingCrossingPedestrian,0,6,0,0,0,0.00988901928958863,-0.10494602337894351,0.0,-0.04625631361403222,0.0007802280597388744,0.011361750952361582
batch_town12_13_20260616_133533_resume_town13_r63_143536,12,Town13,ParkingCrossingPedestrian,0,0,0,1,1,0.0,0.0,0.0,0.0,0.0352773442864418,-0.0007813305855997044
batch_town12_13_20260616_133533_resume_town13_r63_143536,24,Town13,ParkingCrossingPedestrian,0,2,0,0,0,0.0029165969902975597,-0.008764092028141018,0.0,0.0,0.01864360272884369,-0.0013100315622955883
batch_town12_13_20260616_133533_resume_town13_r63_143536,25,Town13,ParkingCrossingPedestrian,0,0,0,1,1,0.0,0.0,0.0,0.0,0.022266095504164696,0.0009324504331027494
batch_town12_13_20260616_133533_resume_town13_r63_143536,27,Town13,ParkingCrossingPedestrian,0,2,0,0,0,0.0028893041403850184,-0.009320966303348555,0.0,0.0,0.024167222902178764,0.004225240894620175
batch_town12_13_20260616_133533_resume_town13_r63_143536,28,Town13,ParkingCrossingPedestrian,0,1,0,0,0,9.691057762495348e-05,-0.0005600000172853448,0.0,0.0,0.02485182136297226,0.0017754574741695173
batch_town12_13_20260616_133533_resume_town13_r63_143536,29,Town13,ParkingCrossingPedestrian,0,2,0,0,0,0.001716641230364857,-0.014988400377333178,0.0,0.0,0.023208703845739365,-0.0016729696119792692
batch_town12_13_20260616_133533_resume_town13_r63_143536,30,Town13,ParkingCrossingPedestrian,0,0,0,1,1,0.0,0.0,0.0,0.0,0.02666531316936016,0.00266075335080046
batch_town12_13_20260616_133533_resume_town13_r63_143536,31,Town13,ParkingCrossingPedestrian,0,2,0,0,0,0.0014697781378831265,-0.013092533983290244,0.0,0.0,0.025153297930955887,-0.0004573623277739358
batch_town12_13_20260616_133533_resume_town13_r63_143536,33,Town13,ParkingCrossingPedestrian,0,2,0,0,0,3.1286273107444806e-05,-0.0011921267956495063,0.0,0.0,0.030042430385947227,0.003287683412446174
batch_town12_13_20260616_133533_resume_town13_r63_143536,34,Town13,ParkingCrossingPedestrian,0,3,0,0,0,0.0012250562939131737,-0.04918445599435417,-0.002281909252609751,-0.035153829574584905,0.059591230005025864,0.009015912947986315
batch_town12_13_20260616_133533_resume_town13_r63_143536,35,Town13,ParkingCrossingPedestrian,0,0,0,1,1,0.0,0.0,0.0,0.0,0.03521713986992836,0.003981002916814136
batch_town12_13_20260616_133533_resume_town13_r63_143536,36,Town13,ParkingCrossingPedestrian,0,0,0,1,1,0.0,0.0,0.0,0.0,0.06260678172111511,0.002132009624765452
batch_town12_13_20260616_133533_resume_town13_r63_143536,37,Town13,ParkingCrossingPedestrian,0,1,0,0,0,0.0018934062074807412,-0.0007599999755620868,0.0,0.0,0.06247587874531746,0.004078596333606299
batch_town12_13_20260616_133533_resume_town13_r63_143536,38,Town13,ParkingCrossingPedestrian,0,0,0,1,1,0.0,0.0,0.0,0.0,0.06503773480653763,0.003592722656220404
batch_town12_13_20260616_133533_resume_town13_r63_143536,40,Town13,ParkingCrossingPedestrian,0,0,0,1,1,0.0,0.0,0.0,0.0,0.05530030280351639,0.0031491631924291386
batch_town12_13_20260616_133533_resume_town13_r63_143536,41,Town13,ParkingCrossingPedestrian,0,1,0,0,0,0.0014903163038699763,-0.0011200000345706895,0.0,0.0,0.05499744415283203,0.004808362295073421
batch_town12_13_20260616_133533_resume_town13_r63_143536,42,Town13,ParkingCrossingPedestrian,0,2,0,0,0,0.011213821945174507,-0.007540810070931991,0.0,0.0,0.05800190567970276,0.007224109749911722
batch_town12_13_20260616_133533_resume_town13_r63_143536,43,Town13,ParkingCrossingPedestrian,0,1,0,0,0,2.374340197003333e-05,-0.00028000000864270014,0.0,0.0,0.07975456863641739,0.004009676532685136
batch_town12_13_20260616_133533_resume_town13_r63_143536,44,Town13,ParkingCrossingPedestrian,0,2,0,0,0,0.007460530957259015,-0.0075466886349022655,0.0,0.0,0.0801621675491333,0.002268793463082508
batch_town12_13_20260616_133533_resume_town13_r63_143536,46,Town13,ParkingCrossingPedestrian,0,2,0,0,0,0.0007585294560101818,-0.007003021570071377,-0.00024765016198176337,-0.0035523351430895023,0.1210714802145958,0.006440602109944571
batch_town12_13_20260616_133533_resume_town13_r63_143536,47,Town13,ParkingCrossingPedestrian,0,0,0,1,1,0.0,0.0,0.0,0.0,0.06780292093753815,0.0050370462559408136
batch_town12_13_20260616_133533_resume_town13_r63_143536,48,Town13,ParkingCrossingPedestrian,0,1,0,0,0,0.008711158966866084,-0.0070732236295025785,-0.0011933767851600857,-0.01626842401027684,0.12472286075353622,0.005373655207725703
batch_town12_13_20260616_133533_resume_town13_r63_143536,49,Town13,ParkingCrossingPedestrian,0,2,0,0,0,0.008240329042054295,-0.020995515503682727,-0.0004518787672350699,-0.006061501979827799,0.06074115261435509,0.006035641974954098
batch_town12_13_20260616_133533_resume_town13_r63_143536,50,Town13,ParkingCrossingPedestrian,0,3,0,0,0,0.022729884388314525,-0.013654107823968031,0.0,0.0,0.05177987366914749,0.0026170542552745313
batch_town12_13_20260616_133533_resume_town13_r63_143536,52,Town13,ParkingCrossingPedestrian,0,1,0,0,0,0.0029482664960400196,-0.0014800000190735574,0.0,0.0,0.0643635019659996,0.0038657921368323023
batch_town12_13_20260616_133533_resume_town13_r63_143536,53,Town13,ParkingCrossingPedestrian,0,1,0,0,0,0.011360272597111365,-0.02616264434330251,-0.0019000931822256845,-0.023980549389123862,0.08290426433086395,0.004587323582937897
batch_town12_13_20260616_133533_resume_town13_r63_143536,54,Town13,ParkingCrossingPedestrian,0,0,0,1,1,0.0,0.0,0.0,0.0,0.08317394554615021,0.0032392772073231435
batch_town12_13_20260616_133533_resume_town13_r63_143536,55,Town13,ParkingCrossingPedestrian,0,2,0,0,0,0.0015387728747163765,-0.033649762675814765,-0.002618382314618889,-0.03153046216964728,0.08071475476026535,0.003079730961313698
batch_town12_13_20260616_133533_resume_town13_r63_143536,56,Town13,ParkingCrossingPedestrian,0,0,0,1,1,0.0,0.0,0.0,0.0,0.08982350677251816,0.0036317871240517108
batch_town12_13_20260616_133533_resume_town13_r63_143536,58,Town13,ParkingCrossingPedestrian,0,0,0,1,1,0.0,0.0,0.0,0.0,0.10810954868793488,0.004151589542530143
batch_town12_13_20260616_133533_resume_town13_r63_143536,59,Town13,ParkingCrossingPedestrian,0,2,0,0,0,0.027300046979522097,-0.025302506613731568,0.0,-0.007064526557922335,0.04991638660430908,0.0031897489373997057
batch_town12_13_20260616_133533_resume_town13_r63_143536,60,Town13,ParkingCrossingPedestrian,0,3,0,0,0,0.007730565639720632,-0.004022481888532603,0.0,0.0,0.06342581659555435,0.006196463022176024
batch_town12_13_20260616_133533_resume_town13_r63_143536,61,Town13,ParkingCrossingPedestrian,0,1,0,0,0,0.0012249540007016613,-0.0005200000107288272,0.0,0.0,0.0628298670053482,0.005350366042021104
batch_town12_13_20260616_133533_resume_town13_r63_143536,62,Town13,ParkingCrossingPedestrian,0,2,0,0,0,0.013595787573884577,-0.0036158724129200515,0.0,0.0,0.06371936202049255,0.006268277791486421
batch_town12_13_20260616_133533_resume_town13_r63_143536,64,Town13,ParkingCrossingPedestrian,0,0,0,1,1,0.0,0.0,0.0,0.0,0.14980323612689972,0.0036065867398100138
batch_town12_13_20260616_133533_resume_town13_r63_143536,65,Town13,ParkingCrossingPedestrian,0,3,0,0,0,0.004845767057227723,-0.035395936127006866,0.0,-0.022868974685668952,0.06571610271930695,0.006713349823351145
batch_town12_13_20260616_133533_resume_town13_r63_143536,66,Town13,ParkingCrossingPedestrian,0,0,0,1,1,0.0,0.0,0.0,0.0,0.06582716107368469,0.005491921511938891
batch_town12_13_20260616_133533_resume_town13_r63_143536,67,Town13,ParkingCrossingPedestrian,0,2,0,0,0,0.02361714792518188,-0.011320179253816676,0.0,0.0,0.05344986915588379,0.007583430072390485
batch_town12_13_20260616_133533_resume_town13_r63_143536,68,Town13,ParkingCrossingPedestrian,0,0,0,1,1,0.0,0.0,0.0,0.0,0.07775799930095673,0.0048553135243323275
batch_town12_13_20260616_133533_resume_town13_r63_143536,70,Town13,ParkingCrossingPedestrian,0,0,0,1,1,0.0,0.0,0.0,0.0,0.1349692940711975,0.006796104303059103
batch_town12_13_20260616_133533_resume_town13_r63_143536,71,Town13,ParkingCrossingPedestrian,0,4,0,0,0,0.015780415299607276,-0.13256211984991983,0.0,-0.10044710197448703,0.0810040757060051,0.005376636517606004
batch_town12_13_20260616_133533_resume_town13_r63_143536,72,Town13,ParkingCrossingPedestrian,0,0,0,1,1,0.0,0.0,0.0,0.0,0.11922963708639145,0.005319090007455118
batch_town12_13_20260616_133533_resume_town13_r63_143536,73,Town13,ParkingCrossingPedestrian,0,0,0,1,1,0.0,0.0,0.0,0.0,0.09733273833990097,0.0046146138620344335
batch_town12_13_20260616_133533_resume_town13_r63_143536,74,Town13,ParkingCrossingPedestrian,0,0,0,1,1,0.0,0.0,0.0,0.0,0.09513846039772034,0.004757851586340012
batch_town12_13_20260616_133533_resume_town13_r63_143536,76,Town13,ParkingCrossingPedestrian,0,0,0,1,1,0.0,0.0,0.0,0.0,0.11673350632190704,0.004519735426271598
batch_town12_13_20260616_133533_resume_town13_r63_143536,77,Town13,ParkingCrossingPedestrian,0,1,0,0,0,0.05902876963067882,-0.006335311663150822,0.0,0.008573945045471154,0.07183665782213211,0.004958310307756397
batch_town12_13_20260616_133533_resume_town13_r63_143536,78,Town13,ParkingCrossingPedestrian,0,2,0,0,0,0.009797676817682177,-0.024753493263721227,0.0,-0.019974321269988993,0.09679682552814484,0.004999177739500427
batch_town12_13_20260616_133533_resume_town13_r63_143536,79,Town13,ParkingCrossingPedestrian,0,4,0,0,0,0.005730600890886395,-0.10300479140520058,0.0,-0.08510204043388359,0.09706620872020721,0.004706450492685699
batch_town12_13_20260616_133533_resume_town13_r63_143536,80,Town13,ParkingCrossingPedestrian,0,0,0,1,1,0.0,0.0,0.0,0.0,0.08016859740018845,0.00491352791681976
batch_town12_13_20260616_133533_resume_town13_r63_143536,82,Town13,ParkingCrossingPedestrian,0,0,0,1,1,0.0,0.0,0.0,0.0,0.12155229598283768,0.004984057302934497
batch_town12_13_20260616_133533_resume_town13_r63_143536,83,Town13,ParkingCrossingPedestrian,0,0,0,1,1,0.0,0.0,0.0,0.0,0.10918796062469482,0.004444263973074847
batch_town12_13_20260616_133533_resume_town13_r63_143536,84,Town13,ParkingCrossingPedestrian,0,5,0,0,0,0.002171207391279295,-0.1326926596970861,0.0,-0.1020878464221957,0.10760174691677094,0.0037490757653942386
batch_town12_13_20260616_133533_resume_town13_r63_143536,85,Town13,ParkingCrossingPedestrian,0,0,0,1,1,0.0,0.0,0.0,0.0,0.1263306885957718,0.005170135390148767
batch_town12_13_20260616_133533_resume_town13_r63_143536,86,Town13,ParkingCrossingPedestrian,0,5,0,0,0,0.02054841210162439,-0.07391987032979719,0.0,-0.05841453602314006,0.12336666882038116,0.004982278218718328
batch_town12_13_20260616_133533_resume_town13_r63_143536,87,Town13,ParkingCrossingPedestrian,0,0,0,1,1,0.0,0.0,0.0,0.0,0.07645221799612045,0.0038668096928430873
batch_town12_13_20260616_133533_resume_town13_r63_143536,89,Town13,ParkingCrossingPedestrian,0,2,0,0,0,0.009975407447902929,-0.0033668839372693604,0.0,0.0,0.07316530495882034,0.003135695324510579
batch_town12_13_20260616_133533_resume_town13_r63_143536,90,Town13,ParkingCrossingPedestrian,0,0,0,1,1,0.0,0.0,0.0,0.0,0.09129663556814194,0.0041339932964838955
batch_town12_13_20260616_133533_resume_town13_r63_143536,91,Town13,ParkingCrossingPedestrian,0,2,0,0,0,0.008489837640012099,-0.0023357317224144136,0.0,0.0,0.07499723136425018,0.0027449112074988125
batch_town12_13_20260616_133533_resume_town13_r63_143536,92,Town13,ParkingCrossingPedestrian,0,0,0,1,1,0.0,0.0,0.0,0.0,0.09337250888347626,0.0035956790562995944
batch_town12_13_20260616_133533_resume_town13_r63_143536,93,Town13,ParkingCrossingPedestrian,0,0,0,1,1,0.0,0.0,0.0,0.0,0.0921202227473259,0.003462351874293057
batch_town12_13_20260616_133533_resume_town13_r63_143536,95,Town13,ParkingCrossingPedestrian,0,0,0,1,1,0.0,0.0,0.0,0.0,0.09221605211496353,0.0031533397981792777
batch_town12_13_20260616_133533_resume_town13_r63_143536,96,Town13,ParkingCrossingPedestrian,0,0,0,1,1,0.0,0.0,0.0,0.0,0.0971895307302475,0.002844139306577398
batch_town12_13_20260616_133533_resume_town13_r63_143536,97,Town13,ParkingCrossingPedestrian,0,0,0,1,1,0.0,0.0,0.0,0.0,0.08280254155397415,0.002332321884042976
batch_town12_13_20260616_133533_resume_town13_r63_143536,98,Town13,ParkingCrossingPedestrian,0,0,0,1,1,0.0,0.0,0.0,0.0,0.09275419265031815,0.0014775345672599638
batch_town12_13_20260616_133533_resume_town13_r63_143536,99,Town13,ParkingCrossingPedestrian,0,0,0,1,1,0.0,0.0,0.0,0.0,0.11082467436790466,0.00045851243675243403
batch_town12_13_20260616_133533_resume_town13_r63_143536,101,Town13,ParkingCrossingPedestrian,0,3,0,0,0,0.02019149181142854,-0.04707846448123454,0.0,-0.03079853582382197,0.05148065462708473,0.0013085723227848067
batch_town12_13_20260616_133533_resume_town13_r63_143536,102,Town13,ParkingCrossingPedestrian,0,0,0,1,1,0.0,0.0,0.0,0.0,0.1366024911403656,0.00047878807839785154
batch_town12_13_20260616_133533_resume_town13_r63_143536,103,Town13,ParkingCrossingPedestrian,0,2,0,0,0,0.017330409688887105,-0.008831411390006594,0.0,-0.0019373831748962789,0.05889079347252846,0.0005706323880103614
batch_town12_13_20260616_133533_resume_town13_r63_143536,104,Town13,ParkingCrossingPedestrian,0,0,0,1,1,0.0,0.0,0.0,0.0,0.15060731768608093,-0.00021596837500448274
batch_town12_13_20260616_133533_resume_town13_r63_143536,105,Town13,ParkingCrossingPedestrian,0,3,0,0,0,0.004051370642801366,-0.046049148621410144,0.0,-0.033664572000503545,0.06205913797020912,-0.0010130261976089017
batch_town12_13_20260616_133533_resume_town13_r63_143536,107,Town13,ParkingCrossingPedestrian,0,2,0,0,0,0.024634145940932273,-0.007267944891937078,0.0,0.0,0.0936240702867508,-0.001254071413162805
batch_town12_13_20260616_133533_resume_town13_r63_143536,108,Town13,ParkingCrossingPedestrian,0,0,0,1,1,0.0,0.0,0.0,0.0,0.12280119955539703,0.0003720559485576036
batch_town12_13_20260616_133533_resume_town13_r63_143536,109,Town13,ParkingCrossingPedestrian,0,0,0,1,1,0.0,0.0,0.0,0.0,0.13725396990776062,0.0002906269324771671
batch_town12_13_20260616_133533_resume_town13_r63_143536,110,Town13,ParkingCrossingPedestrian,0,3,0,0,0,0.006097417211431866,-0.020866624585166527,0.0,-0.010081097602844258,0.14975713193416595,-0.0013229265984344707
batch_town12_13_20260616_133533_resume_town13_r63_143536,111,Town13,ParkingCrossingPedestrian,0,2,0,0,0,0.010251250341248852,-0.0027665340155362816,0.0,0.0,0.16411028802394867,-1.3017924310076978e-05
batch_town12_13_20260616_133533_resume_town13_r63_143536,113,Town13,ParkingCrossingPedestrian,0,2,0,0,0,0.0362266157838349,-0.012452331334352473,0.0,0.0,0.19320330023765564,-0.0008736642885227575
batch_town12_13_20260616_133533_resume_town13_r63_143536,114,Town13,ParkingCrossingPedestrian,0,2,0,0,0,0.04707697003370148,-0.01196571723558007,0.0,0.0,0.21597404778003693,-0.00045064904272873463
batch_town12_13_20260616_133533_resume_town13_r63_143536,115,Town13,ParkingCrossingPedestrian,0,2,0,0,0,0.00043010610845772845,-8.000000379981831e-05,0.0,0.0,0.27239832282066345,0.001041851844788333
batch_town12_13_20260616_133533_resume_town13_r63_143536,116,Town13,ParkingCrossingPedestrian,0,2,0,0,0,0.08473044174980893,-0.010338233150541776,0.0,0.0,0.268389493227005,0.0007643484195787309
batch_town12_13_20260616_133533_resume_town13_r63_143536,117,Town13,ParkingCrossingPedestrian,0,0,0,1,1,0.0,0.0,0.0,0.0,0.3518831431865692,0.0015510982668167639
batch_town12_13_20260616_133533_resume_town13_r63_143536,119,Town13,ParkingCrossingPedestrian,0,6,0,0,0,0.19376780714080022,-0.6033599999392033,0.0,-0.4164000000000001,0.4879727065563202,-0.0075100282424775955
batch_town12_13_20260616_133533_resume_town13_r63_143536,120,Town13,ParkingCrossingPedestrian,0,2,0,0,0,0.01239637505429303,-0.034486766985058814,0.0,-0.018208478450775112,0.46605584025382996,0.0011564801942889336
batch_town12_13_20260616_133533_resume_town13_r63_143536,121,Town13,ParkingCrossingPedestrian,0,0,0,1,1,0.0,0.0,0.0,0.0,0.5265814065933228,0.0017561845924876085
batch_town12_13_20260616_133533_resume_town13_r63_143536,122,Town13,ParkingCrossingPedestrian,0,1,0,0,0,0.002148530263689885,-0.0004800000041723651,0.0,0.0,0.5696436166763306,0.0019459324740098705
batch_town12_13_20260616_133533_resume_town13_r63_143536,123,Town13,ParkingCrossingPedestrian,0,1,0,0,0,0.005749997779861404,-0.0018799999356269859,0.0,0.0,0.6064103841781616,0.002046281139554962
batch_town12_13_20260616_133533_resume_town13_r63_143536,125,Town13,ParkingCrossingPedestrian,0,2,0,0,0,0.01882545008146863,-0.013797207511961507,0.0,0.0,0.657659113407135,0.0023709021090865257
batch_town12_13_20260616_133533_resume_town13_r63_143536,126,Town13,ParkingCrossingPedestrian,0,6,0,0,0,0.02225346361399194,-0.8097599999979138,0.0,-0.6,0.6806748509407043,-0.008960593760762414
batch_town12_13_20260616_133533_resume_town13_r63_143536,127,Town13,ParkingCrossingPedestrian,0,2,0,0,0,0.05892740511731365,-0.01574559703469275,0.0,0.0,0.7211090326309204,0.003560216302229635
batch_town12_13_20260616_133533_resume_town13_r63_143536,128,Town13,ParkingCrossingPedestrian,0,6,0,0,0,0.000744202967598584,-0.7901081731268518,-0.008337675361776709,-0.6000000000000001,0.7683022022247314,-0.00762560822129732
batch_town12_13_20260616_133533_resume_town13_r63_143536,129,Town13,ParkingCrossingPedestrian,0,6,0,0,0,0.03481832659987871,-0.7305607433423194,-0.0351107807378066,-0.5999999999999999,0.7935356497764587,-0.007704815395493725
batch_town12_13_20260616_133533_resume_town13_r63_143536,130,Town13,ParkingCrossingPedestrian,0,6,0,0,0,0.050638060318746625,-0.6888846765352098,-0.05365125487721367,-0.5999999999999999,0.8102390766143799,-0.007715933782209028
batch_town12_13_20260616_133533_resume_town13_r63_143536,132,Town13,ParkingCrossingPedestrian,0,6,0,0,0,0.11237533416691314,-0.767142004510756,-0.017892442482049575,-0.6000000000000001,0.6933291554450989,-0.005460632603825566
batch_town12_13_20260616_133533_resume_town13_r63_143536,133,Town13,ParkingCrossingPedestrian,0,6,0,0,0,0.0732245258929276,-0.7527237372741399,-0.0231627835545144,-0.6,0.6883705854415894,-0.005076917532514713
batch_town12_13_20260616_133533_resume_town13_r63_143536,134,Town13,ParkingCrossingPedestrian,0,6,0,0,0,0.07532849989638168,-0.7436760009209431,-0.028801777390192407,-0.6000000000000001,0.670246958732605,-0.004990459920569457
batch_town12_13_20260616_133533_resume_town13_r63_143536,135,Town13,ParkingCrossingPedestrian,0,6,0,0,0,0.04987423656579981,-0.7314683815619425,-0.03451183041903383,-0.6000000000000002,0.6367993950843811,-0.004871006748614626
batch_town12_13_20260616_133533_resume_town13_r63_143536,136,Town13,ParkingCrossingPedestrian,0,6,0,0,0,0.264621877871676,-0.5409711745274574,-0.02787058909519924,-0.4164,0.6004411578178406,-0.005081160064956514
batch_town12_13_20260616_133533_resume_town13_r63_143536,138,Town13,ParkingCrossingPedestrian,0,3,0,0,0,0.106650919188646,-0.06503629937531949,-0.004443889531549061,-0.05135675382614169,0.4971795380115509,0.006326686405505821
batch_town12_13_20260616_133533_resume_town13_r63_143536,139,Town13,ParkingCrossingPedestrian,0,6,0,0,0,0.21281710630971618,-0.5125419291054318,-0.04050580928276604,-0.4164,0.5367573499679565,-0.003587502463667569
batch_town12_13_20260616_133533_resume_town13_r63_143536,140,Town13,ParkingCrossingPedestrian,0,5,0,0,0,0.1544632532485417,-0.5059633077692626,-0.04511074373379298,-0.4163999999999999,0.4740731120109558,-0.0023334853898999697
batch_town12_13_20260616_133533_resume_town13_r63_143536,141,Town13,ParkingCrossingPedestrian,0,6,0,0,0,0.12686727807311082,-0.4997743657254906,-0.049682304321406856,-0.4163999999999999,0.4239443838596344,-0.00042117119613616083
batch_town12_13_20260616_133533_resume_town13_r63_143536,142,Town13,ParkingCrossingPedestrian,0,1,0,0,0,0.14305301426149675,-0.45228358291229764,-0.049176430756952216,-0.3774449752807616,0.3615929186344147,0.0040691349168942015
batch_town12_13_20260616_133533_resume_town13_r63_143536,144,Town13,ParkingCrossingPedestrian,0,1,0,0,0,0.08113326706445778,-0.46245514576023883,-0.06308660188341109,-0.4164,0.4024384915828705,-0.004042453572819404
batch_town12_13_20260616_133533_resume_town13_r63_143536,145,Town13,ParkingCrossingPedestrian,0,3,0,0,0,0.12100504855497252,-0.4524690267023532,-0.06725821035954316,-0.4164,0.42087069153785706,-0.004265380934837637
batch_town12_13_20260616_133533_resume_town13_r63_143536,146,Town13,ParkingCrossingPedestrian,0,2,0,0,0,0.14514497844591,-0.44412874661345203,-0.07133833483846552,-0.4163999999999999,0.4335799217224121,-0.004940536184141919
batch_town12_13_20260616_133533_resume_town13_r63_143536,147,Town13,ParkingCrossingPedestrian,0,2,0,0,0,0.21864275762028895,-0.4335185947847606,-0.07398964341268521,-0.4092697814941405,0.43045902252197266,-0.003028582339681396
batch_town12_13_20260616_133533_resume_town13_r63_143536,148,Town13,ParkingCrossingPedestrian,0,5,0,0,0,0.2074347026983525,-0.4277096674818248,-0.0790979255731703,-0.4164,0.47800111770629883,-0.0044954583462333275
batch_town12_13_20260616_133533_resume_town13_r63_143536,150,Town13,ParkingCrossingPedestrian,0,2,0,0,0,0.3744114566983836,-0.37835236231590463,-0.07699751394141541,-0.3730036605834961,0.44802021980285645,-0.0023062074720581194
batch_town12_13_20260616_133533_resume_town13_r63_143536,151,Town13,ParkingCrossingPedestrian,0,6,0,0,0,0.3743449545295001,-0.4160629773165303,-0.08913226948042641,-0.41640000000000005,0.4633151590824127,-0.0031126077811212127
batch_town12_13_20260616_133533_resume_town13_r63_143536,152,Town13,ParkingCrossingPedestrian,0,3,0,0,0,0.3275313827888904,-0.37515479195000645,-0.08667928825576254,-0.39163683929443366,0.5000768899917603,-0.006691795590595184
batch_town12_13_20260616_133533_resume_town13_r63_143536,153,Town13,ParkingCrossingPedestrian,0,1,0,0,0,0.3549162557290113,-0.36960072077246053,-0.0871935360070002,-0.38223943176269526,0.4970763027667999,-0.002381671433585364
batch_town12_13_20260616_133533_resume_town13_r63_143536,154,Town13,ParkingCrossingPedestrian,0,4,0,0,0,0.21145996247594034,-0.38622818370075707,-0.09732080725179038,-0.4164000000000001,0.5595126152038574,-0.008024696198436487
batch_town12_13_20260616_133533_resume_town13_r63_143536,156,Town13,ParkingCrossingPedestrian,0,2,0,0,0,0.29097574775894075,-0.3088463238851129,-0.0799537945162695,-0.33108595847893213,0.509600043296814,-0.00793204147747506
batch_town12_13_20260616_133533_resume_town13_r63_143536,157,Town13,ParkingCrossingPedestrian,0,6,0,0,0,0.3124424833606505,-0.20748750625991708,-0.04678378802993821,-0.19208642576010487,0.4808166027069092,-0.007062977847987817
batch_town12_13_20260616_133533_resume_town13_r63_143536,158,Town13,ParkingCrossingPedestrian,0,6,0,0,0,0.27302480146957775,-0.08649938452126849,-0.01349895660780881,-0.05526817547475893,0.46894681453704834,-0.011008028829504468
batch_town12_13_20260616_133533_resume_town13_r63_143536,159,Town13,ParkingCrossingPedestrian,0,2,0,0,0,0.024135456854061932,-0.007213026434183201,0.0,0.0,0.4324200451374054,-0.001207853056473418
batch_town12_13_20260616_133533_resume_town13_r63_143536,160,Town13,ParkingCrossingPedestrian,0,6,0,0,0,0.14853963296994888,-0.08332164341656456,-0.00825648664177231,-0.03380349975945644,0.4595785439014435,-0.015478063795891117
batch_town12_13_20260616_133533_resume_town13_r63_143536,162,Town13,ParkingCrossingPedestrian,0,2,0,0,0,0.0045202109661506285,-0.00966098152101047,0.0,0.0,0.436950147151947,-0.0019997202758599286
batch_town12_13_20260616_133533_resume_town13_r63_143536,163,Town13,ParkingCrossingPedestrian,0,2,0,0,0,0.03183474679489118,-0.01113751459866763,0.0,0.0,0.4321916401386261,-0.0017115824257851742
batch_town12_13_20260616_133533_resume_town13_r63_143536,164,Town13,ParkingCrossingPedestrian,0,1,0,0,0,0.0010313001301271996,-0.0006400000303983244,0.0,0.0,0.446197509765625,-0.0002522730054352884
batch_town12_13_20260616_133533_resume_town13_r63_143536,165,Town13,ParkingCrossingPedestrian,0,2,0,0,0,0.014126261073144075,-0.010065323102811385,-0.0010732692165664748,-0.004384642481803924,0.4442530870437622,0.0006318204114168502
batch_town12_13_20260616_133533_resume_town13_r63_143536,167,Town13,ParkingCrossingPedestrian,0,1,0,0,0,0.0003644435932361745,-0.00019999999552955394,0.0,0.0,0.4637923240661621,9.286483749981755e-05
batch_town12_13_20260616_133533_resume_town13_r63_143536,169,Town13,ParkingCrossingPedestrian,0,3,0,0,0,0.04621746542823857,-0.013984663784503915,0.0,0.0,0.4539262056350708,-0.0014606264806404923
batch_town12_13_20260616_133533_resume_town13_r63_143536,170,Town13,ParkingCrossingPedestrian,0,1,0,0,0,0.0025840131903926977,-0.0007999999821186599,0.0,0.0,0.48377832770347595,0.00014879333432893382
batch_town12_13_20260616_133533_resume_town13_r63_143536,171,Town13,ParkingCrossingPedestrian,0,5,0,0,0,0.2783624620040972,-0.1026881735645776,-0.0187925575216929,-0.07522327999007289,0.48406878113746643,-0.01088360568399871
batch_town12_13_20260616_133533_resume_town13_r63_143536,172,Town13,ParkingCrossingPedestrian,0,2,0,0,0,0.025634561014544754,-0.014504554669158565,-0.000513933472099326,-0.002056169092655158,0.4520133435726166,-0.00213152421416396
batch_town12_13_20260616_133533_resume_town13_r63_143536,173,Town13,ParkingCrossingPedestrian,0,2,0,0,0,0.07828186116985636,-0.011806217506527994,0.0,0.0,0.424842894077301,-0.0006546842871677505
batch_town12_13_20260616_133533_resume_town13_r63_143536,175,Town13,ParkingCrossingPedestrian,0,2,0,0,0,0.02340056342354524,-0.01175510828146964,-0.0011656493965691572,-0.004646810173988325,0.45259806513786316,-0.001518481647575065
batch_town12_13_20260616_133533_resume_town13_r63_143536,176,Town13,ParkingCrossingPedestrian,0,2,0,0,0,0.07845194025554036,-0.012651202976703635,0.0,0.0,0.42474421858787537,-0.0008460380080488328
batch_town12_13_20260616_133533_resume_town13_r63_143536,177,Town13,ParkingCrossingPedestrian,0,1,0,0,0,0.0008223427440547937,-0.0005200000107288272,0.0,0.0,0.4819575548171997,6.679364032380342e-05
batch_town12_13_20260616_133533_resume_town13_r63_143536,178,Town13,ParkingCrossingPedestrian,0,3,0,0,0,0.018882562364776145,-0.012028918707170044,-0.001619428034712711,-0.00639188289642334,0.48058438301086426,-0.0008583782860607236
batch_town12_13_20260616_133533_resume_town13_r63_143536,179,Town13,ParkingCrossingPedestrian,0,3,0,0,0,0.02910383780938197,-0.02560216355163636,-0.00832872631885928,-0.03269138574600222,0.4777452349662781,0.003110282551438359
batch_town12_13_20260616_133533_resume_town13_r63_143536,180,Town13,ParkingCrossingPedestrian,0,4,0,0,0,0.11849346227699997,-0.1636122186766804,-0.03953285501693932,-0.15429330119219622,0.6144838333129883,-0.003748669251437242
batch_town12_13_20260616_133533_resume_town13_r63_143536,182,Town13,ParkingCrossingPedestrian,0,0,0,1,1,0.0,0.0,0.0,0.0,0.5032675266265869,0.0017247304434790944
batch_town12_13_20260616_133533_resume_town13_r63_143536,183,Town13,ParkingCrossingPedestrian,0,1,0,0,0,0.0028832735496879813,-0.000439999997615792,0.0,0.0,0.5004653334617615,0.002428061159455097
batch_town12_13_20260616_133533_resume_town13_r63_143536,184,Town13,ParkingCrossingPedestrian,0,5,0,0,0,0.04393195473331013,-0.04408441245390082,-0.015510830922333851,-0.05951798057556151,0.4890969693660736,0.002646590349597522
batch_town12_13_20260616_133533_resume_town13_r63_143536,185,Town13,ParkingCrossingPedestrian,0,3,0,0,0,0.07457945274706379,-0.02259118475502353,-0.004705048777502441,-0.017919580936431867,0.47277501225471497,0.0038096480672131228
batch_town12_13_20260616_133533_resume_town13_r63_143536,186,Town13,ParkingCrossingPedestrian,0,2,0,0,0,0.10189884849466524,-0.02007501420339497,-0.003469319597391829,-0.013098768711090114,0.4645443558692932,0.00398071504941333
batch_town12_13_20260616_133533_resume_town13_r63_143536,188,Town13,ParkingCrossingPedestrian,0,6,0,0,0,0.05514847366160769,-0.3056125817626998,-0.09436708201374788,-0.34913017566624815,0.6269367337226868,-0.004171594971780657
batch_town12_13_20260616_133533_resume_town13_r63_143536,189,Town13,ParkingCrossingPedestrian,0,6,0,0,0,0.05817592486757017,-0.30468781745997875,-0.09444027665250143,-0.3458410854843755,0.6116655468940735,-0.005011999219568963
batch_town12_13_20260616_133533_resume_town13_r63_143536,190,Town13,ParkingCrossingPedestrian,0,1,0,0,0,0.0733431682491561,-0.2731780451780823,-0.08926713951222243,-0.32381523906445026,0.6510350704193115,-0.0038522857832212765
batch_town12_13_20260616_133533_resume_town13_r63_143536,191,Town13,ParkingCrossingPedestrian,0,1,0,0,0,0.07750716735891738,-0.2600023844116892,-0.08464791625769674,-0.30434324388379735,0.6489641666412354,-0.004770445319655536
batch_town12_13_20260616_133533_resume_town13_r63_143536,192,Town13,ParkingCrossingPedestrian,0,6,0,0,0,0.10612467093080236,-0.24666453908980035,-0.07712347545702314,-0.2751128029367293,0.6508922576904297,-0.004914436705913516
batch_town12_13_20260616_133533_resume_town13_r63_143536,194,Town13,ParkingCrossingPedestrian,0,4,0,0,0,0.10101318307860074,-0.20243989618494185,-0.06364270971178909,-0.22395258744766539,0.6636703610420227,-0.004100077996333162
batch_town12_13_20260616_133533_resume_town13_r63_143536,195,Town13,ParkingCrossingPedestrian,0,5,0,0,0,0.12861101625826876,-0.09645736531937699,-0.01876875047083104,-0.06586822180074109,0.6208269000053406,-0.005457407440102813
batch_town12_13_20260616_133533_resume_town13_r63_143536,196,Town13,ParkingCrossingPedestrian,0,5,0,0,0,0.06571762756370747,-0.030324604720772808,-0.011286600716510664,-0.039606616973876935,0.5181348919868469,0.002451786153033264
batch_town12_13_20260616_133533_resume_town13_r63_143536,197,Town13,ParkingCrossingPedestrian,0,0,0,1,1,0.0,0.0,0.0,0.0,0.5794640183448792,0.0009373305066195936
batch_town12_13_20260616_133533_resume_town13_r63_143536,198,Town13,ParkingCrossingPedestrian,0,3,0,0,0,0.1372221912464695,-0.011061550974845957,0.0,0.0,0.4631315767765045,0.003238590127583485
batch_town12_13_20260616_133533_resume_town13_r63_143536,200,Town13,ParkingCrossingPedestrian,0,0,0,1,1,0.0,0.0,0.0,0.0,0.5369081497192383,0.001940663208262139
batch_town12_13_20260616_133533_resume_town13_r63_143536,201,Town13,ParkingCrossingPedestrian,0,4,0,0,0,0.034360305060181284,-0.038564579586054415,-0.009514797255345764,-0.044934116363525345,0.25781095027923584,0.004082786237069813
batch_town12_13_20260616_133533_resume_town13_r63_143536,202,Town13,ParkingCrossingPedestrian,0,0,0,1,1,0.0,0.0,0.0,0.0,0.290554940700531,0.0005456205129026337
batch_town12_13_20260616_133533_resume_town13_r65_144047,0,Town13,Accident,0,6,0,0,0,0.016263384387477542,-0.3243800239467621,0.0,-0.20880001773834228,1.1728964636859018e-05,0.016750816736346152
batch_town12_13_20260616_133533_resume_town13_r65_144047,1,Town13,Accident,0,6,0,0,0,0.013526121404844771,-0.4948744140148163,0.0,-0.3439278970956802,0.0005841594538651407,0.015021875013354169
batch_town12_13_20260616_133533_resume_town13_r65_144047,2,Town13,Accident,0,6,0,0,0,0.012439849479463083,-0.6046400000000001,0.0,-0.4164,0.0006325210561044514,0.015144551101530901
batch_town12_13_20260616_133533_resume_town13_r65_144047,3,Town13,Accident,0,6,0,0,0,0.013137643294401258,-0.3686954623887469,0.0,-0.2416262684361088,0.00020412274170666933,0.011552167465387342
batch_town12_13_20260616_133533_resume_town13_r65_144047,4,Town13,Accident,0,6,0,0,0,0.013137643294401258,-0.3686954623887469,0.0,-0.2416262684361088,0.00020412274170666933,0.011552167465387342
batch_town12_13_20260616_133533_resume_town13_r65_144047,5,Town13,Accident,0,6,0,0,0,0.013350369813181606,-0.21167387471267207,0.0,-0.12531398126864599,0.0003381391288712621,0.014136566447707999
batch_town12_13_20260616_133533_resume_town13_r65_144047,6,Town13,Accident,0,6,0,0,0,0.010636179256217515,-0.12595881747694737,0.0,-0.06182134627922027,0.0006287771393544972,0.012555469076601433
batch_town12_13_20260616_133533_resume_town13_r65_144047,7,Town13,Accident,0,6,0,0,0,0.01045874043156636,-0.12428325446488743,0.0,-0.0605801884925092,0.0006338605307973921,0.012373472450934564
batch_town12_13_20260616_133533_resume_town13_r65_144047,8,Town13,Accident,0,6,0,0,0,0.01208828591393285,-0.12707534059153228,0.0,-0.07339485960438095,0.0006164314108900726,0.012492701621971136
batch_town12_13_20260616_133533_resume_town13_r65_144047,9,Town13,Accident,0,6,0,0,0,0.0107371285701372,-0.10938000264876094,0.0,-0.049540742702785884,0.0006156103336252272,0.012468851142928727
batch_town12_13_20260616_133533_resume_town13_r65_144047,10,Town13,Accident,0,6,0,0,0,0.010708735722688045,-0.10492035851813966,0.0,-0.046237302606029373,0.0006155322771519423,0.012434329529840582
batch_town12_13_20260616_133533_resume_town13_r65_144047,11,Town13,Accident,0,6,0,0,0,0.010688188579904834,-0.10105505228563305,0.0,-0.04337411280417263,0.0006154340226203203,0.012403726809071536
batch_town12_13_20260616_133533_resume_town13_r65_144047,12,Town13,Accident,0,0,0,1,1,0.0,0.0,0.0,0.0,0.027822714298963547,-0.0008047162065492053
batch_town12_13_20260616_133533_resume_town13_r65_144047,24,Town13,Accident,0,1,0,0,0,1.742593701825612e-05,-4.0000001899909154e-05,0.0,0.0,0.022085243836045265,0.0011902496437585786
batch_town12_13_20260616_133533_resume_town13_r65_144047,25,Town13,Accident,0,1,0,0,0,5.79305380525863e-05,-0.00043999999761581976,0.0,0.0,0.023222343996167183,0.0011078798612798035
batch_town12_13_20260616_133533_resume_town13_r65_144047,26,Town13,Accident,0,0,0,1,1,0.0,0.0,0.0,0.0,0.024678882211446762,0.001276450104148008
batch_town12_13_20260616_133533_resume_town13_r65_144047,27,Town13,Accident,0,1,0,0,0,2.4143265417553295e-05,-0.00032000001519918997,0.0,0.0,0.025809869170188904,0.0011312315824247854
batch_town12_13_20260616_133533_resume_town13_r65_144047,28,Town13,Accident,0,0,0,1,1,0.0,0.0,0.0,0.0,0.028281649574637413,0.0016068649435845295
batch_town12_13_20260616_133533_resume_town13_r65_144047,29,Town13,Accident,0,2,0,0,0,0.0024906563141560145,-0.014428400476463155,0.0,0.0,0.029009025543928146,0.00019396173353691815
batch_town12_13_20260616_133533_resume_town13_r65_144047,30,Town13,Accident,0,1,0,0,0,3.83717729748323e-05,-0.00019999999552966496,0.0,0.0,0.03345777466893196,0.001876015344585591
batch_town12_13_20260616_133533_resume_town13_r65_144047,31,Town13,Accident,0,2,0,0,0,0.0053558021474262585,-0.01269253354519606,0.0,0.0,0.033004797995090485,0.000706168301479293
batch_town12_13_20260616_133533_resume_town13_r65_144047,32,Town13,Accident,0,2,0,0,0,0.0028555321192529903,-0.019704632901648755,-0.000949148201169786,-0.012377025604248026,0.03903296962380409,0.0017403842869139208
batch_town12_13_20260616_133533_resume_town13_r65_144047,33,Town13,Accident,0,2,0,0,0,0.0018845175382304902,-0.0014721268042922064,0.0,0.0,0.0456836111843586,0.002903496740539857
batch_town12_13_20260616_133533_resume_town13_r65_144047,34,Town13,Accident,0,1,0,0,0,8.129885812802051e-05,-8.000000379981831e-05,0.0,0.0,0.05441354587674141,0.00290390644121602
batch_town12_13_20260616_133533_resume_town13_r65_144047,35,Town13,Accident,0,0,0,1,1,0.0,0.0,0.0,0.0,0.06016060337424278,0.0029920267355624808
batch_town12_13_20260616_133533_resume_town13_r65_144047,36,Town13,Accident,0,3,0,0,0,0.01855517495551029,-0.01232970658689736,0.0,0.0,0.05708448588848114,0.002631824268999272
batch_town12_13_20260616_133533_resume_town13_r65_144047,37,Town13,Accident,0,2,0,0,0,0.00314067814473995,-0.035252998832793425,-0.0026398933022413473,-0.029682771205902125,0.07198264449834824,0.002825164967925342
batch_town12_13_20260616_133533_resume_town13_r65_144047,38,Town13,Accident,0,2,0,0,0,0.011996390058576,-0.00790815944590395,-0.00011912264628222147,-0.0012929577827454075,0.07508070021867752,0.0033623105544894893
batch_town12_13_20260616_133533_resume_town13_r65_144047,39,Town13,Accident,0,0,0,1,1,0.0,0.0,0.0,0.0,0.0905628502368927,0.003899652703732326
batch_town12_13_20260616_133533_resume_town13_r65_144047,40,Town13,Accident,0,4,0,0,0,0.026868510560798975,-0.021178172829176,-0.0008732965102681012,-0.008798478126525788,0.0805538073182106,0.003071603155419711
batch_town12_13_20260616_133533_resume_town13_r65_144047,41,Town13,Accident,0,2,0,0,0,0.002356801177856971,-0.004375198483467124,0.0,0.0,0.08354814350605011,0.0017681004674219292
batch_town12_13_20260616_133533_resume_town13_r65_144047,42,Town13,Accident,0,3,0,0,0,0.009040693350846674,-0.01262954385951165,0.0,0.0,0.08586999773979187,0.001276327615351569
batch_town12_13_20260616_133533_resume_town13_r65_144047,43,Town13,Accident,0,1,0,0,0,0.00044577545039825583,-0.0003200000151991622,0.0,0.0,0.110206738114357,0.002906925209443856
batch_town12_13_20260616_133533_resume_town13_r65_144047,44,Town13,Accident,0,2,0,0,0,0.028384338812722287,-0.007426688154228034,0.0,0.0,0.12969543039798737,0.004571580588635937
batch_town12_13_20260616_133533_resume_town13_r65_144047,45,Town13,Accident,0,2,0,0,0,0.0021371769134459484,-0.0006247817911207987,0.0,0.0,0.15827898681163788,0.004359920322972721
batch_town12_13_20260616_133533_resume_town13_r65_144047,46,Town13,Accident,0,0,0,1,1,0.0,0.0,0.0,0.0,0.17735253274440765,0.004493233270807195
batch_town12_13_20260616_133533_resume_town13_r65_144047,47,Town13,Accident,0,3,0,0,0,0.005788189109928066,-0.0015407882630825015,0.0,0.0,0.1938975751399994,0.004719993745528672
batch_town12_13_20260616_133533_resume_town13_r65_144047,48,Town13,Accident,0,2,0,0,0,0.06432372404184727,-0.010358211770653727,0.0,0.0,0.19550767540931702,0.005189406211621561
batch_town12_13_20260616_133533_resume_town13_r65_144047,49,Town13,Accident,0,0,0,1,1,0.0,0.0,0.0,0.0,0.24741843342781067,0.004474606545620263
batch_town12_13_20260616_133533_resume_town13_r65_144047,51,Town13,Accident,0,6,0,0,0,0.02531569183723348,-0.5268517150118388,-0.07450397096326777,-0.4967613424301146,0.2811771333217621,0.005775875826469212
batch_town12_13_20260616_133533_resume_town13_r65_144047,52,Town13,Accident,0,6,0,0,0,0.02536839942518765,-0.5926083584068886,-0.09215256736390376,-0.5913382166862489,0.27607062458992004,0.004396358305120751
batch_town12_13_20260616_133533_resume_town13_r65_144047,53,Town13,Accident,0,6,0,0,0,0.023844707186750247,-0.5919163609310708,-0.09690828402979079,-0.6,0.28883087635040283,0.004347681931666125
batch_town12_13_20260616_133533_resume_town13_r65_144047,54,Town13,Accident,0,0,0,1,1,0.0,0.0,0.0,0.0,0.27335378527641296,0.0044602555035127
batch_town12_13_20260616_133533_resume_town13_r65_144047,55,Town13,Accident,0,3,0,0,0,0.02722211551791398,-0.0048337168991566815,0.0,0.0,0.29447558522224426,0.005063912319251518
batch_town12_13_20260616_133533_resume_town13_r65_144047,56,Town13,Accident,0,3,0,0,0,0.2435491975530999,-0.02640368945748417,0.008850980655882967,0.010220130103380853,0.29325565695762634,0.006782212500292317
batch_town12_13_20260616_133533_resume_town13_r65_144047,57,Town13,Accident,0,6,0,0,0,0.2858634813548955,-0.4719464997359234,-0.07947716298332397,-0.472685122489929,0.3436812162399292,0.006859032079416849
batch_town12_13_20260616_133533_resume_town13_r65_144047,58,Town13,Accident,0,6,0,0,0,0.25148803727345137,-0.3963920776969213,-0.09243477682049384,-0.44141906458473956,0.36086609959602356,0.006491956755247941
batch_town12_13_20260616_133533_resume_town13_r65_144047,59,Town13,Accident,0,3,0,0,0,0.1896711725789293,-0.023641653743986524,-0.006046664172503657,-0.02298218126599738,0.3350735306739807,0.008499134214143833
batch_town12_13_20260616_133533_resume_town13_r65_144047,60,Town13,Accident,0,6,0,0,0,0.14141289514412114,-0.393681153366647,-0.08161738691304254,-0.3878032104230218,0.37808334827423096,0.01183981536027634
batch_town12_13_20260616_133533_resume_town13_r65_144047,61,Town13,Accident,0,6,0,0,0,0.29440655053794496,-0.3499200437502763,-0.08783284048659312,-0.3817481137817149,0.393573522567749,0.004041933414081322
batch_town12_13_20260616_133533_resume_town13_r65_144047,62,Town13,Accident,0,1,0,0,0,0.10789310555364073,-0.3296476695107601,-0.08172057415628564,-0.34871986042835923,0.3977157473564148,0.0007436474383970548
batch_town12_13_20260616_133533_resume_town13_r65_144047,63,Town13,Accident,0,6,0,0,0,0.1600784952732448,-0.31694658821204325,-0.10666429442725378,-0.3923294480606221,0.43623748421669006,0.003811599178890346
batch_town12_13_20260616_133533_resume_town13_r65_144047,64,Town13,Accident,0,6,0,0,0,0.18837826342888864,-0.38420481467407785,-0.09639592002757769,-0.40279209699344287,0.4347214698791504,-0.0045248107073616595
batch_town12_13_20260616_133533_resume_town13_r65_144047,65,Town13,Accident,0,5,0,0,0,0.21016790620569625,-0.3881263137270812,-0.09973966135732315,-0.4164,0.47255390882492065,-0.0010766334683909307
batch_town12_13_20260616_133533_resume_town13_r65_144047,66,Town13,Accident,0,1,0,0,0,0.2149091780139496,-0.3343990687440095,-0.09229258428409093,-0.37363702239990226,0.5063790678977966,0.0032337062145860185
batch_town12_13_20260616_133533_resume_town13_r65_144047,67,Town13,Accident,0,6,0,0,0,0.2771336794185939,-0.3795064470236229,-0.10568116538907724,-0.4164,0.49885785579681396,-0.0030941543007916295
batch_town12_13_20260616_133533_resume_town13_r65_144047,68,Town13,Accident,0,6,0,0,0,0.2535959773577767,-0.3809153847121831,-0.14202017461141403,-0.5104450204083021,0.5439903736114502,0.0030231474116320656
batch_town12_13_20260616_133533_resume_town13_r65_144047,69,Town13,Accident,0,6,0,0,0,0.2497920024724376,-0.42235206878736675,-0.14515019165164866,-0.5459999999999999,0.56685471534729,0.0036645183217735577
batch_town12_13_20260616_133533_resume_town13_r65_144047,70,Town13,Accident,0,6,0,0,0,0.25579781928424383,-0.4406282196341442,-0.16255623410621345,-0.5976738862054052,0.573379635810852,0.003256402976524353
batch_town12_13_20260616_133533_resume_town13_r65_144047,71,Town13,Accident,0,6,0,0,0,0.26625832123592197,-0.43750443342018464,-0.16541136291760727,-0.6000000000000001,0.5656614303588867,0.0019013547929425112
batch_town12_13_20260616_133533_resume_town13_r65_144047,72,Town13,Accident,0,6,0,0,0,0.2145343307334664,-0.43161646495142514,-0.16817046002158897,-0.6000000000000001,0.5581523776054382,0.001036495301090845
batch_town12_13_20260616_133533_resume_town13_r65_144047,73,Town13,Accident,0,6,0,0,0,0.2394827156331527,-0.42538165386387283,-0.17088815383781508,-0.6,0.5759467482566833,0.0012756606694737105
batch_town12_13_20260616_133533_resume_town13_r65_144047,74,Town13,Accident,0,6,0,0,0,0.2971537804524349,-0.40695649465028394,-0.16715354719805964,-0.5775634732246397,0.5987783670425415,0.0017667373581551349
batch_town12_13_20260616_133533_resume_town13_r65_144047,75,Town13,Accident,0,6,0,0,0,0.2906856786749603,-0.3877210095831478,-0.16064844017950586,-0.5459999999999998,0.6204137206077576,0.001974589046332742
batch_town12_13_20260616_133533_resume_town13_r65_144047,76,Town13,Accident,0,6,0,0,0,0.2509679944680332,-0.3263824183920754,-0.12634843394978246,-0.42253051722049706,0.6407060027122498,0.002163026447566496
batch_town12_13_20260616_133533_resume_town13_r65_144047,78,Town13,Accident,0,6,0,0,0,0.17589721615691145,-0.31682109835821004,-0.1278839562835512,-0.4163999999999999,0.6372318267822266,0.0007572760962724079
batch_town12_13_20260616_133533_resume_town13_r65_144047,79,Town13,Accident,0,6,0,0,0,0.24495641144110847,-0.3362949118952523,-0.1522038208387264,-0.4943591222763061,0.6533083915710449,0.0008258975414554559
batch_town12_13_20260616_133533_resume_town13_r65_144047,80,Town13,Accident,0,6,0,0,0,0.15612190380184132,-0.24979902352478045,-0.16043531725677695,-0.4493777724533893,0.685348391532898,0.0023609906303287964
batch_town12_13_20260616_133533_resume_town13_r65_144047,81,Town13,Accident,0,1,0,0,0,0.2610435923965724,-0.28252634436096713,-0.11962248775204931,-0.3738919358772117,0.6530041098594666,-0.0031810112187216077
batch_town12_13_20260616_133533_resume_town13_r65_144047,82,Town13,Accident,0,2,0,0,0,0.15755744874988498,-0.27139529965480524,-0.12805596494648785,-0.38330219259123544,0.6759210824966431,0.0021154693295362126
batch_town12_13_20260616_133533_resume_town13_r65_144047,83,Town13,Accident,0,1,0,0,0,0.1693538457112882,-0.28847339578217945,-0.13182937131886363,-0.401747505339334,0.6752199530601501,-0.0004359342800666077
batch_town12_13_20260616_133533_resume_town13_r65_144047,84,Town13,Accident,0,4,0,0,0,0.2257216326051048,-0.3265704845127444,-0.12674207630177436,-0.4164000000000001,0.6823447346687317,-0.0028478353244882904
batch_town12_13_20260616_133533_resume_town13_r65_144047,85,Town13,Accident,0,6,0,0,0,0.22517852429774066,-0.34321756870589204,-0.11807716144962876,-0.4164,0.6970996260643005,-0.0013055335639235999
batch_town12_13_20260616_133533_resume_town13_r65_144047,86,Town13,Accident,0,6,0,0,0,0.27575558121536425,-0.36938868119528556,-0.10935413658278659,-0.4164,0.6803856492042542,-0.004671639938028882
batch_town12_13_20260616_133533_resume_town13_r65_144047,87,Town13,Accident,0,6,0,0,0,0.30494970900295026,-0.39207307185585116,-0.10054461715435625,-0.4163999999999999,0.6737046241760254,-0.005975193428910508
batch_town12_13_20260616_133533_resume_town13_r65_144047,88,Town13,Accident,0,6,0,0,0,0.27500289762031804,-0.39957198559412044,-0.09470251771817062,-0.4163999999999999,0.6895617246627808,-0.003959944819871275
batch_town12_13_20260616_133533_resume_town13_r65_144047,89,Town13,Accident,0,6,0,0,0,0.2462849245430907,-0.4305639145590854,-0.12118964675603139,-0.5052323421478272,0.7101395130157471,-9.513695898188956e-06
batch_town12_13_20260616_133533_resume_town13_r65_144047,90,Town13,Accident,0,6,0,0,0,0.28500831018708483,-0.44902524047157666,-0.07387783870819975,-0.4164,0.6997376680374146,-0.004279433808498823
batch_town12_13_20260616_133533_resume_town13_r65_144047,91,Town13,Accident,0,6,0,0,0,0.2847291321156087,-0.49381229860994535,-0.05499396752991781,-0.4163999999999999,0.7063893675804138,0.00806529275674528
batch_town12_13_20260616_133533_resume_town13_r65_144047,92,Town13,Accident,0,1,0,0,0,0.27251633490411575,-0.47092612332583544,-0.037293434712881934,-0.3828310226440428,0.7152898907661438,0.0009141038963553783
batch_town12_13_20260616_133533_resume_town13_r65_144047,93,Town13,Accident,0,1,0,0,0,0.3075909013378937,-0.49698703719656445,-0.02082636568602808,-0.3695726531982423,0.6921386122703552,-0.003945297856818186
batch_town12_13_20260616_133533_resume_town13_r65_144047,94,Town13,Accident,0,6,0,0,0,0.33592508961567447,-0.5970776757204692,-0.008787931015749262,-0.4163999999999999,0.6730077862739563,-0.005622975583707834
batch_town12_13_20260616_133533_resume_town13_r65_144047,95,Town13,Accident,0,1,0,0,0,0.29941433245901083,-0.5288941607644857,-0.0005637394774092308,-0.3646090759277343,0.6890425086021423,-0.0021860927856858225
batch_town12_13_20260616_133533_resume_town13_r65_144047,96,Town13,Accident,0,6,0,0,0,0.35101746509721976,-0.6175966430673002,0.0,-0.41639999999999994,0.6557089686393738,-0.006495189460222761
batch_town12_13_20260616_133533_resume_town13_r65_144047,97,Town13,Accident,0,6,0,0,0,0.34779114336708816,-0.6182068748989703,0.0,-0.41640000000000005,0.653127133846283,-0.006051697608748796
batch_town12_13_20260616_133533_resume_town13_r65_144047,98,Town13,Accident,0,6,0,0,0,0.34783674061212677,-0.6183257195198535,0.0,-0.4163999999999999,0.6214919686317444,-0.003744829770814917
batch_town12_13_20260616_133533_resume_town13_r65_144047,99,Town13,Accident,0,6,0,0,0,0.3240367818174763,-0.6051200000041724,0.0,-0.4164,0.6096396446228027,0.0003481661382502832
batch_town12_13_20260616_133533_resume_town13_r65_144047,100,Town13,Accident,0,4,0,0,0,0.13150299214168149,-0.06287570587843669,0.0,-0.04378192234039313,0.5658180713653564,-0.00038367838692154876
batch_town12_13_20260616_133533_resume_town13_r65_144047,101,Town13,Accident,0,3,0,0,0,0.17840064733863015,-0.04723846398592002,0.0,-0.030798535823822026,0.48527583479881287,-0.001353052474439398
batch_town12_13_20260616_133533_resume_town13_r65_144047,102,Town13,Accident,0,6,0,0,0,0.12655203996951858,-0.5845515319342411,0.0,-0.4341566903455019,0.5454119443893433,-0.003468926566212005
batch_town12_13_20260616_133533_resume_town13_r65_144047,103,Town13,Accident,0,6,0,0,0,0.14145178285220683,-0.6316653958345365,0.0,-0.46855214505908743,0.548467755317688,-0.002351023762799276
batch_town12_13_20260616_133533_resume_town13_r65_144047,105,Town13,Accident,0,6,0,0,0,0.15982038079831673,-0.6950866544866232,0.0,-0.5155308551717442,0.5402418375015259,-0.003165690754579842
batch_town12_13_20260616_133533_resume_town13_r65_144047,106,Town13,Accident,0,6,0,0,0,0.230127762234138,-0.520118670201458,0.0,-0.3545619779429004,0.5388801097869873,-0.0029986205312386716
batch_town12_13_20260616_133533_resume_town13_r65_144047,107,Town13,Accident,0,6,0,0,0,0.15519748302038705,-0.7466595782303449,0.0,-0.5532293172043514,0.5331188440322876,-0.0032586863465038363
batch_town12_13_20260616_133533_resume_town13_r65_144047,108,Town13,Accident,0,6,0,0,0,0.16198456150616503,-0.7689914687387268,0.0,-0.5697418287009824,0.5318249464035034,-0.003103215475060317
batch_town12_13_20260616_133533_resume_town13_r65_144047,109,Town13,Accident,0,6,0,0,0,0.17722998303930848,-0.8018899784063598,0.0,-0.5941110951214513,0.536471426486969,-0.00258777962297696
batch_town12_13_20260616_133533_resume_town13_r65_144047,110,Town13,Accident,0,6,0,0,0,0.24484543347806476,-0.6042400000089407,0.0,-0.4164,0.5420836210250854,-0.002047534732737777
batch_town12_13_20260616_133533_resume_town13_r65_144047,111,Town13,Accident,0,6,0,0,0,0.19894545245762152,-0.8098399999924005,0.0,-0.6,0.5507603883743286,-0.002223920097943921
batch_town12_13_20260616_133533_resume_town13_r65_144047,112,Town13,Accident,0,6,0,0,0,0.21054291539445025,-0.8099599999981002,0.0,-0.6,0.5602142810821533,-0.001886634648402552
batch_town12_13_20260616_133533_resume_town13_r65_144047,113,Town13,Accident,0,6,0,0,0,0.24673812965438047,-0.7161184284191207,0.0,-0.5161019062042236,0.5663554072380066,-0.0016171858916633752
batch_town12_13_20260616_133533_resume_town13_r65_144047,114,Town13,Accident,0,6,0,0,0,0.27650148514018347,-0.6171392746906356,0.0,-0.4164,0.515076220035553,-0.007173388574847728
batch_town12_13_20260616_133533_resume_town13_r65_144047,115,Town13,Accident,0,6,0,0,0,0.1970644127316361,-0.7091924005241693,0.0,-0.5100170468330383,0.5329474806785583,-0.003038216626667367
batch_town12_13_20260616_133533_resume_town13_r65_144047,116,Town13,Accident,0,1,0,0,0,0.21692857317419434,-0.5382685268545153,0.0,-0.36392785491943364,0.5273578763008118,0.0025857666086208098
batch_town12_13_20260616_133533_resume_town13_r65_144047,117,Town13,Accident,0,6,0,0,0,0.2824488160878449,-0.6180861159305647,0.0,-0.4164,0.4964448809623718,-0.007425936499762642
batch_town12_13_20260616_133533_resume_town13_r65_144047,118,Town13,Accident,0,6,0,0,0,0.27032307097279973,-0.6155616771647335,0.0,-0.41640000000000005,0.4972923696041107,-0.0063103347626389805
batch_town12_13_20260616_133533_resume_town13_r65_144047,119,Town13,Accident,0,6,0,0,0,0.21341042118151377,-0.8095199999958277,0.0,-0.5999999999999999,0.5103105306625366,-0.0018712310267292587
batch_town12_13_20260616_133533_resume_town13_r65_144047,120,Town13,Accident,0,6,0,0,0,0.19912847338591821,-0.6170362168768048,0.0,-0.4164,0.4887200593948364,0.004074984412445248
batch_town12_13_20260616_133533_resume_town13_r65_144047,121,Town13,Accident,0,6,0,0,0,0.18868654626846548,-0.8070347245693158,0.0,-0.5980405367292703,0.47226637601852417,-0.002157039342170819
batch_town12_13_20260616_133533_resume_town13_r65_144047,122,Town13,Accident,0,6,0,0,0,0.14580245027175476,-0.7936702042967038,0.0,-0.588140892082891,0.4526784420013428,-0.0026500395169981594
batch_town12_13_20260616_133533_resume_town13_r65_144047,123,Town13,Accident,0,6,0,0,0,0.1019534072529038,-0.790400215415738,0.0,-0.5856890484625041,0.4382634460926056,-0.002896574627966775
batch_town12_13_20260616_133533_resume_town13_r65_144047,124,Town13,Accident,0,6,0,0,0,0.13380502559076657,-0.8047463951544106,0.0,-0.596463996413765,0.4324805736541748,-0.0023834806717712986
batch_town12_13_20260616_133533_resume_town13_r65_144047,125,Town13,Accident,0,6,0,0,0,0.20394512680336807,-0.6964659554661812,0.0,-0.49860333766937254,0.4282627999782562,-0.001857798837886726
batch_town12_13_20260616_133533_resume_town13_r65_144047,126,Town13,Accident,0,6,0,0,0,0.14951526610323684,-0.8092000000178814,0.0,-0.5999999999999999,0.4223780035972595,-0.0017035768277500196
batch_town12_13_20260616_133533_resume_town13_r65_144047,127,Town13,Accident,0,6,0,0,0,0.1928582789815252,-0.6167180091360212,0.0,-0.4164,0.393187940120697,-0.006216600492101598
batch_town12_13_20260616_133533_resume_town13_r65_144047,128,Town13,Accident,0,1,0,0,0,0.13923213478888563,-0.543638555739224,0.0,-0.37501880493164064,0.3936495780944824,-0.003151007082346169
batch_town12_13_20260616_133533_resume_town13_r65_144047,129,Town13,Accident,0,1,0,0,0,0.1940073550666077,-0.5550183976361156,0.0,-0.37759892120361327,0.3801514208316803,-0.004865226176423043
batch_town12_13_20260616_133533_resume_town13_r65_144047,130,Town13,Accident,0,6,0,0,0,0.19437251636703756,-0.6164753540077805,0.0,-0.4164,0.37746599316596985,-0.005593432934174025
batch_town12_13_20260616_133533_resume_town13_r65_144047,132,Town13,Accident,0,5,0,0,0,0.1680802371582959,-0.5638279253045382,0.0,-0.3775279034471557,0.35342884063720703,-0.00555664584022697
batch_town12_13_20260616_133533_resume_town13_r65_144047,133,Town13,Accident,0,6,0,0,0,0.17367501502607197,-0.5283133125664967,0.0,-0.34927915687819894,0.35332736372947693,0.0057885966812920575
batch_town12_13_20260616_133533_resume_town13_r65_144047,134,Town13,Accident,0,5,0,0,0,0.16821596936596528,-0.4801636235831902,0.0,-0.3222245966702865,0.33801761269569397,0.0033085987490216184
batch_town12_13_20260616_133533_resume_town13_r65_144047,135,Town13,Accident,0,6,0,0,0,0.15471090180031943,-0.4413153790422813,0.0,-0.2931351552766441,0.32937830686569214,0.002274296656210595
batch_town12_13_20260616_133533_resume_town13_r65_144047,136,Town13,Accident,0,5,0,0,0,0.03424250031754461,-0.08855404252577567,0.0,-0.06851942110061643,0.2703150808811188,-0.0017431605619240287
batch_town12_13_20260616_133533_resume_town13_r65_144047,137,Town13,Accident,0,3,0,0,0,0.02387971009102996,-0.009314838570356365,0.0,-0.004977662086486839,0.19602197408676147,-0.003183057193663963
batch_town12_13_20260616_133533_resume_town13_r65_144047,138,Town13,Accident,0,0,0,1,1,0.0,0.0,0.0,0.0,0.2551380693912506,-0.0019734597267371257
batch_town12_13_20260616_133533_resume_town13_r65_144047,139,Town13,Accident,0,0,0,1,1,0.0,0.0,0.0,0.0,0.2681688964366913,-0.0018720255182804735
batch_town12_13_20260616_133533_resume_town13_r65_144047,140,Town13,Accident,0,0,0,1,1,0.0,0.0,0.0,0.0,0.2835235297679901,-0.0017843654933793474
batch_town12_13_20260616_133533_resume_town13_r65_144047,141,Town13,Accident,0,0,0,1,1,0.0,0.0,0.0,0.0,0.3001401126384735,-0.0017932468675798674
batch_town12_13_20260616_133533_resume_town13_r65_144047,142,Town13,Accident,0,0,0,1,1,0.0,0.0,0.0,0.0,0.3135911226272583,-0.001743594704171958
batch_town12_13_20260616_133533_resume_town13_r65_144047,143,Town13,Accident,0,5,0,0,0,0.03301254073617743,-0.08987176510005285,0.0,-0.033080309756810936,0.30855587124824524,-0.005882214318659429
batch_town12_13_20260616_133533_resume_town13_r65_144047,144,Town13,Accident,0,6,0,0,0,0.0378756242311189,-0.09666397717958813,0.0,-0.03298179913719588,0.3164629638195038,-0.00664229363516089
batch_town12_13_20260616_133533_resume_town13_r70_144557,0,Town13,AccidentTwoWays,0,6,0,0,0,0.023224234867103233,-0.3243800239467621,0.0,-0.20880001773834228,1.6161468010977842e-05,0.023828391702993557
batch_town12_13_20260616_133533_resume_town13_r70_144557,1,Town13,AccidentTwoWays,0,6,0,0,0,0.024050221953871187,-0.49487441401481636,0.0,-0.3439278970956803,0.00035036291228607297,0.02390753369966525
batch_town12_13_20260616_133533_resume_town13_r70_144557,3,Town13,AccidentTwoWays,0,6,0,0,0,0.022602149597907184,-0.6046400000000001,0.0,-0.4164,0.00036264624213799834,0.024273371400031607
batch_town12_13_20260616_133533_resume_town13_r70_144557,4,Town13,AccidentTwoWays,0,6,0,0,0,0.018106999308917793,-0.36855665017992667,0.0,-0.24152344457772346,0.00010319545981474221,0.017957555382189128
batch_town12_13_20260616_133533_resume_town13_r70_144557,5,Town13,AccidentTwoWays,0,6,0,0,0,0.021469582171683932,-0.09385525844433762,0.0,-0.03804093218099082,0.0002499395050108433,0.02154529193573751
batch_town12_13_20260616_133533_resume_town13_r70_144557,6,Town13,AccidentTwoWays,0,6,0,0,0,0.02067916463490871,-0.1259909931404556,0.0,-0.06184518010404117,0.0003813611692748964,0.020928017325044124
batch_town12_13_20260616_133533_resume_town13_r70_144557,8,Town13,AccidentTwoWays,0,6,0,0,0,0.0224298260437088,-0.13685061850660796,0.0,-0.08063580620814073,0.00038456328911706805,0.020651333488478585
batch_town12_13_20260616_133533_resume_town13_r70_144557,9,Town13,AccidentTwoWays,0,6,0,0,0,0.020386060833542885,-0.12419004658812045,0.0,-0.06051114562082995,0.00038456328911706805,0.020651333488478585
batch_town12_13_20260616_133533_resume_town13_r70_144557,10,Town13,AccidentTwoWays,0,6,0,0,0,0.020494130833837332,-0.11435082035282863,0.0,-0.05322282989098417,0.000382855418138206,0.020718712065690426
batch_town12_13_20260616_133533_resume_town13_r70_144557,12,Town13,AccidentTwoWays,0,6,0,0,0,0.020459732391565844,-0.10487848766952604,0.0,-0.046206287162611874,0.00038261586450971663,0.020655283096642663
batch_town12_13_20260616_133533_resume_town13_r70_144557,33,Town13,AccidentTwoWays,0,0,0,1,1,0.0,0.0,0.0,0.0,0.0311940498650074,0.0007504910784916774
batch_town12_13_20260616_133533_resume_town13_r70_144557,34,Town13,AccidentTwoWays,0,3,0,0,0,0.0034740718005019655,-0.04975875164270405,0.0,-0.03515382957458496,0.03317635878920555,0.006034949744691653
batch_town12_13_20260616_133533_resume_town13_r70_144557,35,Town13,AccidentTwoWays,0,0,0,1,1,0.0,0.0,0.0,0.0,0.03430624306201935,0.0011851907066322553
batch_town12_13_20260616_133533_resume_town13_r70_144557,37,Town13,AccidentTwoWays,0,0,0,1,1,0.0,0.0,0.0,0.0,0.036925747990608215,0.0013763651893203832
batch_town12_13_20260616_133533_resume_town13_r70_144557,38,Town13,AccidentTwoWays,0,0,0,1,1,0.0,0.0,0.0,0.0,0.03950944542884827,0.0013317710265801086
batch_town12_13_20260616_133533_resume_town13_r70_144557,39,Town13,AccidentTwoWays,0,0,0,1,1,0.0,0.0,0.0,0.0,0.03892247751355171,0.001798997985386075
batch_town12_13_20260616_133533_resume_town13_r70_144557,40,Town13,AccidentTwoWays,0,0,0,1,1,0.0,0.0,0.0,0.0,0.043404772877693176,0.0019534679697834623
batch_town12_13_20260616_133533_resume_town13_r70_144557,42,Town13,AccidentTwoWays,0,2,0,0,0,0.006222016093916427,-0.007020809808745976,0.0,0.0,0.04710352048277855,0.006327590650015313
batch_town12_13_20260616_133533_resume_town13_r70_144557,43,Town13,AccidentTwoWays,0,0,0,1,1,0.0,0.0,0.0,0.0,0.05167241394519806,0.0027505990702802463
batch_town12_13_20260616_133533_resume_town13_r70_144557,44,Town13,AccidentTwoWays,0,0,0,1,1,0.0,0.0,0.0,0.0,0.051841799169778824,0.0032721314557166425
batch_town12_13_20260616_133533_resume_town13_r70_144557,46,Town13,AccidentTwoWays,0,0,0,1,1,0.0,0.0,0.0,0.0,0.0564364418387413,0.002680753111716283
batch_town12_13_20260616_133533_resume_town13_r70_144557,47,Town13,AccidentTwoWays,0,3,0,0,0,0.002100713615694527,-0.0015407882630825709,0.0,0.0,0.05627162382006645,0.004958587499528155
batch_town12_13_20260616_133533_resume_town13_r70_144557,48,Town13,AccidentTwoWays,0,1,0,0,0,0.0002544854324231238,-0.00019999999552966496,0.0,0.0,0.0578521192073822,0.004125582773711889
batch_town12_13_20260616_133533_resume_town13_r70_144557,49,Town13,AccidentTwoWays,0,2,0,0,0,0.01580581158742045,-0.021582234305793202,-0.00013778128131489847,-0.00606150197982791,0.05394774675369263,0.01039702319827196
batch_town12_13_20260616_133533_resume_town13_r70_144557,51,Town13,AccidentTwoWays,0,3,0,0,0,0.003459829536931913,-0.07033782829102786,-0.0011190145047145043,-0.0523490086197852,0.04940083622932434,0.008724871326810657
batch_town12_13_20260616_133533_resume_town13_r70_144557,52,Town13,AccidentTwoWays,0,1,0,0,0,0.0025557480096627394,-0.0024799999594686817,0.0,0.0,0.04962705075740814,0.005811827599266239
batch_town12_13_20260616_133533_resume_town13_r70_144557,53,Town13,AccidentTwoWays,0,3,0,0,0,0.0106150498387938,-0.013642309384640283,-6.455909980838254e-05,-0.003540541648864748,0.04324257746338844,0.007036319441631633
batch_town12_13_20260616_133533_resume_town13_r70_144557,55,Town13,AccidentTwoWays,0,5,0,0,0,0.047675784255948095,-0.15698450999137892,-0.0018777351861656542,-0.10816562032699573,0.03895140439271927,0.018510662345221363
batch_town12_13_20260616_133533_resume_town13_r70_144557,56,Town13,AccidentTwoWays,0,1,0,0,0,0.008899936350860393,-0.00712000012397751,0.0,0.0,0.06037178263068199,0.009644842348931704
batch_town12_13_20260616_133533_resume_town13_r70_144557,57,Town13,AccidentTwoWays,0,4,0,0,0,0.062004390053908454,-0.15268754780292548,0.050791513919830326,0.0,0.014317535795271397,0.002370112674412228
batch_town12_13_20260616_133533_resume_town13_r70_144557,58,Town13,AccidentTwoWays,0,1,0,0,0,0.013131443333535664,-0.01139999985694884,0.0,0.0,0.05220803990960121,0.013006843662730638
batch_town12_13_20260616_133533_resume_town13_r70_144557,60,Town13,AccidentTwoWays,0,0,0,1,1,0.0,0.0,0.0,0.0,0.12241180986166,0.004275146651040895
batch_town12_13_20260616_133533_resume_town13_r70_144557,61,Town13,AccidentTwoWays,0,1,0,0,0,0.0009425811443517507,-0.0021600000560283716,0.0,0.0,0.04550011828541756,0.006280708718699346
batch_town12_13_20260616_133533_resume_town13_r70_144557,62,Town13,AccidentTwoWays,0,2,0,0,0,0.010718964705074052,-0.009575872570276256,0.0,0.0,0.03328285366296768,0.007853970365376828
batch_town12_13_20260616_133533_resume_town13_r70_144557,63,Town13,AccidentTwoWays,0,3,0,0,0,0.005492552952538254,-0.03709095563003783,-0.0018512166599019553,-0.026387374162673893,0.03713523969054222,0.007967423084640046
batch_town12_13_20260616_133533_resume_town13_r70_144557,65,Town13,AccidentTwoWays,0,0,0,1,1,0.0,0.0,0.0,0.0,0.06561499834060669,0.00504079621111253
batch_town12_13_20260616_133533_resume_town13_r70_144557,66,Town13,AccidentTwoWays,0,0,0,1,1,0.0,0.0,0.0,0.0,0.13909892737865448,0.004801505919140636
batch_town12_13_20260616_133533_resume_town13_r70_144557,67,Town13,AccidentTwoWays,0,1,0,0,0,0.0043192241367497886,-0.0024401789903640766,0.0,0.0,0.06859645247459412,0.006838855515100661
batch_town12_13_20260616_133533_resume_town13_r70_144557,69,Town13,AccidentTwoWays,0,1,0,0,0,0.003394636520355876,-0.006886387737469232,-0.0019413521297435565,-0.01622002515792853,0.09158509969711304,0.005114815966050568
batch_town12_13_20260616_133533_resume_town13_r70_144557,70,Town13,AccidentTwoWays,0,0,0,1,1,0.0,0.0,0.0,0.0,0.10049868375062943,0.006064536595075554
batch_town12_13_20260616_133533_resume_town13_r70_144557,71,Town13,AccidentTwoWays,0,0,0,1,1,0.0,0.0,0.0,0.0,0.12031380832195282,0.005448934686891338
batch_town12_13_20260616_133533_resume_town13_r70_144557,72,Town13,AccidentTwoWays,0,0,0,1,1,0.0,0.0,0.0,0.0,0.1266184002161026,0.006055622257529203
batch_town12_13_20260616_133533_resume_town13_r70_144557,74,Town13,AccidentTwoWays,0,0,0,1,1,0.0,0.0,0.0,0.0,0.18044722080230713,0.005710012813998633
batch_town12_13_20260616_133533_resume_town13_r70_144557,75,Town13,AccidentTwoWays,0,3,0,0,0,0.042129893200889335,-0.054350143910217225,-0.007097078777411281,-0.043776550197601294,0.16595759987831116,0.006127564385221218
batch_town12_13_20260616_133533_resume_town13_r70_144557,76,Town13,AccidentTwoWays,0,0,0,1,1,0.0,0.0,0.0,0.0,0.020124908536672592,0.0040587297371159625
batch_town12_13_20260616_133533_resume_town13_r70_144557,78,Town13,AccidentTwoWays,0,5,0,0,0,0.00742883630731056,-0.06116445715405017,0.0,-0.03678812148570998,0.015320663340389729,0.006009140943240121
batch_town12_13_20260616_133533_resume_town13_r70_144557,79,Town13,AccidentTwoWays,0,0,0,1,1,0.0,0.0,0.0,0.0,0.01782524771988392,0.0036240395203852027
batch_town12_13_20260616_133533_resume_town13_r70_144557,80,Town13,AccidentTwoWays,0,0,0,1,1,0.0,0.0,0.0,0.0,0.015243353322148323,0.0034279581814617432
batch_town12_13_20260616_133533_resume_town13_r70_144557,81,Town13,AccidentTwoWays,0,2,0,0,0,0.0031264810929345632,-0.010431458912789848,0.0,0.0,0.012672113254666328,0.005677854073472988
batch_town12_13_20260616_133533_resume_town13_r70_144557,83,Town13,AccidentTwoWays,0,0,0,1,1,0.0,0.0,0.0,0.0,0.017187176272273064,0.0021259175864141167
batch_town12_13_20260616_133533_resume_town13_r70_144557,84,Town13,AccidentTwoWays,0,1,0,0,0,0.0017616712233290976,-0.0036399999260903204,0.0,0.0,0.011290868744254112,0.0044158402043819045
batch_town12_13_20260616_133533_resume_town13_r70_144557,85,Town13,AccidentTwoWays,0,1,0,0,0,0.00018404426695628473,-0.000439999997615903,0.0,0.0,0.01147270668298006,0.0031077975646628953
batch_town12_13_20260616_133533_resume_town13_r70_144557,87,Town13,AccidentTwoWays,0,5,0,0,0,0.0031183893982996147,-0.08939866694211962,0.0,-0.062208646774292164,0.010346758179366589,0.006112315091939768
batch_town12_13_20260616_133533_resume_town13_r70_144557,88,Town13,AccidentTwoWays,0,0,0,1,1,0.0,0.0,0.0,0.0,0.010834907181560993,0.0025298264997039577
batch_town12_13_20260616_133533_resume_town13_r70_144557,89,Town13,AccidentTwoWays,0,1,0,0,0,6.148777461323363e-05,-0.000199999995529776,0.0,0.0,0.010334866121411324,0.0028742747344609465
batch_town12_13_20260616_133533_resume_town13_r70_144557,90,Town13,AccidentTwoWays,0,3,0,0,0,0.00033793652165708954,-0.029308956834673827,0.0,-0.01959234523773179,0.010111131705343723,0.003745227388414374
batch_town12_13_20260616_133533_resume_town13_r70_144557,92,Town13,AccidentTwoWays,0,1,0,0,0,0.00018900501776641931,-0.0005200000107288272,0.0,0.0,0.009582022204995155,0.0032174302816445066
batch_town12_13_20260616_133533_resume_town13_r70_144557,93,Town13,AccidentTwoWays,0,3,0,0,0,0.0012894361369118479,-0.006840589083731308,0.0,0.0,0.00912768580019474,0.00471979015940982
batch_town12_13_20260616_133533_resume_town13_r70_144557,94,Town13,AccidentTwoWays,0,3,0,0,0,0.0009242147076862772,-0.05468955041766188,0.0,-0.035119481563568256,0.009471504017710686,0.005462544241009448
batch_town12_13_20260616_133533_resume_town13_r70_144557,95,Town13,AccidentTwoWays,0,1,0,0,0,0.000386856821803061,-0.025494035013914118,0.0,-0.020754090929031355,0.010855353437364101,0.002155027592033898
batch_town12_13_20260616_133533_resume_town13_r70_144557,97,Town13,AccidentTwoWays,0,0,0,1,1,0.0,0.0,0.0,0.0,0.008456619456410408,0.0032697539743986037
batch_town12_13_20260616_133533_resume_town13_r70_144557,98,Town13,AccidentTwoWays,0,0,0,1,1,0.0,0.0,0.0,0.0,0.007584890350699425,0.003309862874605052
batch_town12_13_20260616_133533_resume_town13_r70_144557,99,Town13,AccidentTwoWays,0,5,0,0,0,0.004897967268077397,-0.016691421195864642,0.0,0.0,0.00702275987714529,0.0039607473153846495
batch_town12_13_20260616_133533_resume_town13_r70_144557,101,Town13,AccidentTwoWays,0,1,0,0,0,0.0005282846635630278,-0.006740000024437975,0.0,0.0,0.011521810665726662,0.0030072421290394113
batch_town12_13_20260616_133533_resume_town13_r70_144557,102,Town13,AccidentTwoWays,0,0,0,1,1,0.0,0.0,0.0,0.0,0.014130775816738605,0.003294480229606378
batch_town12_13_20260616_133533_resume_town13_r70_144557,103,Town13,AccidentTwoWays,0,3,0,0,0,0.0015671922521949266,-0.028801494611035316,0.0,-0.028308528273731648,0.017449170351028442,0.0033250188966011396
batch_town12_13_20260616_133533_resume_town13_r70_144557,104,Town13,AccidentTwoWays,0,0,0,1,1,0.0,0.0,0.0,0.0,0.021724646911025047,0.003459950232340858
batch_town12_13_20260616_133533_resume_town13_r70_144557,106,Town13,AccidentTwoWays,0,1,0,0,0,0.015140378097300788,-0.0035048483807542663,2.616784814107008e-05,0.005783298826217642,0.028516391292214394,0.0045878459395942706
batch_town12_13_20260616_133533_resume_town13_r70_144557,107,Town13,AccidentTwoWays,0,0,0,1,1,0.0,0.0,0.0,0.0,0.04664728417992592,0.0035408973467802585
batch_town12_13_20260616_133533_resume_town13_r70_144557,108,Town13,AccidentTwoWays,0,3,0,0,0,0.016431129481663753,-0.07721142813210835,-0.0028625834484668072,-0.06513102021217354,0.0477171391248703,0.004761029552544871
batch_town12_13_20260616_133533_resume_town13_r70_144557,110,Town13,AccidentTwoWays,0,0,0,1,1,0.0,0.0,0.0,0.0,0.08985627442598343,0.0030472749888003636
batch_town12_13_20260616_133533_resume_town13_r70_144557,111,Town13,AccidentTwoWays,0,3,0,0,0,0.017838631785100534,-0.04052490260713126,-0.0031979527969147603,-0.0314080125331877,0.08735024929046631,0.005292532975511577
batch_town12_13_20260616_133533_resume_town13_r70_144557,112,Town13,AccidentTwoWays,0,1,0,0,0,0.006338880976162586,-0.0006185041795643276,-0.00030096723450676044,-0.0024903583288191644,0.11588414013385773,0.0038997398880362133
batch_town12_13_20260616_133533_resume_town13_r70_144557,113,Town13,AccidentTwoWays,0,0,0,1,1,0.0,0.0,0.0,0.0,0.13435803353786469,0.004127885900210071
batch_town12_13_20260616_133533_resume_town13_r70_144557,115,Town13,AccidentTwoWays,0,0,0,1,1,0.0,0.0,0.0,0.0,0.2573744058609009,0.003430324799858997
batch_town12_13_20260616_133533_resume_town13_r70_144557,116,Town13,AccidentTwoWays,0,1,0,0,0,0.0005128683081152552,-0.00028000000864270014,0.0,0.0,0.22183451056480408,0.00505152428184652
batch_town12_13_20260616_133533_resume_town13_r70_144557,117,Town13,AccidentTwoWays,0,0,0,1,1,0.0,0.0,0.0,0.0,0.36388856172561646,0.003619691261757485
batch_town12_13_20260616_133533_resume_town13_r70_144557,118,Town13,AccidentTwoWays,0,2,0,0,0,0.0032525111322057043,-0.015025582323817122,-0.0046498070609746756,-0.019983050251007217,0.4056997299194336,0.0042439725031802045
batch_town12_13_20260616_133533_resume_town13_r70_144557,120,Town13,AccidentTwoWays,0,0,0,1,1,0.0,0.0,0.0,0.0,0.4986429214477539,0.004873848663859537
batch_town12_13_20260616_133533_resume_town13_r70_144557,121,Town13,AccidentTwoWays,0,4,0,0,0,0.09327781183270312,-0.03441644894766138,-0.01130071650914638,-0.03958912968635553,0.39305534958839417,0.008064095213374589
batch_town12_13_20260616_133533_resume_town13_r70_144557,122,Town13,AccidentTwoWays,0,2,0,0,0,0.05724053559385678,-0.004679615795612269,0.0,0.0,0.45505043864250183,0.006859995133531971
batch_town12_13_20260616_133533_resume_town13_r70_144557,124,Town13,AccidentTwoWays,0,3,0,0,0,0.04431481767883061,-0.0018650789558887215,0.0,0.0,0.5587990880012512,0.006406766359199789
batch_town12_13_20260616_133533_resume_town13_r70_144557,125,Town13,AccidentTwoWays,0,1,0,0,0,0.12139726559681585,-0.007897231773436098,0.0,0.003880110597610509,0.6317360997200012,0.007225690117594219
batch_town12_13_20260616_133533_resume_town13_r70_144557,126,Town13,AccidentTwoWays,0,4,0,0,0,0.09413819361065645,-0.021351541673387875,-0.012258677590888667,-0.03307065296173106,0.6162723302841187,0.007885016967564162
batch_town12_13_20260616_133533_resume_town13_r70_144557,127,Town13,AccidentTwoWays,0,4,0,0,0,0.08921626555758677,-0.0804577292203903,0.0,-0.054714031219482484,0.4863619804382324,0.009559595390778775
batch_town12_13_20260616_133533_resume_town13_r70_144557,129,Town13,AccidentTwoWays,0,3,0,0,0,0.09554387037171463,-0.018711021280288676,0.0,-0.008349386215209975,0.4692762792110443,0.008823972629382837
batch_town12_13_20260616_133533_resume_town13_r70_144557,130,Town13,AccidentTwoWays,0,0,0,1,1,0.0,0.0,0.0,0.0,0.6129816770553589,0.005886727438079609
batch_town12_13_20260616_133533_resume_town13_r70_144557,131,Town13,AccidentTwoWays,0,0,0,1,1,0.0,0.0,0.0,0.0,0.5499561429023743,0.005155851773066766
batch_town12_13_20260616_133533_resume_town13_r70_144557,133,Town13,AccidentTwoWays,0,0,0,1,1,0.0,0.0,0.0,0.0,0.4923097789287567,0.005330463860100609
batch_town12_13_20260616_133533_resume_town13_r70_144557,134,Town13,AccidentTwoWays,0,0,0,1,1,0.0,0.0,0.0,0.0,0.3475162982940674,0.0041159520452689335
batch_town12_13_20260616_133533_resume_town13_r70_144557,135,Town13,AccidentTwoWays,0,0,0,1,1,0.0,0.0,0.0,0.0,0.4308640658855438,0.00523706034677196
batch_town12_13_20260616_133533_resume_town13_r70_144557,136,Town13,AccidentTwoWays,0,1,0,0,0,0.12365830696448987,-0.004456874571313774,0.00012557799360068955,0.005551240539550806,0.302226185798645,0.00744844929163202
batch_town12_13_20260616_133533_resume_town13_r70_144557,138,Town13,AccidentTwoWays,0,0,0,1,1,0.0,0.0,0.0,0.0,0.3174854815006256,0.003108747742471052
batch_town12_13_20260616_133533_resume_town13_r70_144557,139,Town13,AccidentTwoWays,0,1,0,0,0,0.011575121301891811,-0.0020800000429153365,0.0,0.0,0.1777208149433136,0.004549838265392792
batch_town12_13_20260616_133533_resume_town13_r70_144557,140,Town13,AccidentTwoWays,0,0,0,1,1,0.0,0.0,0.0,0.0,0.2422700673341751,0.0028368003734824954
batch_town12_13_20260616_133533_resume_town13_r70_144557,142,Town13,AccidentTwoWays,0,0,0,1,1,0.0,0.0,0.0,0.0,0.20611557364463806,0.0030982587028172692
batch_town12_13_20260616_133533_resume_town13_r70_144557,143,Town13,AccidentTwoWays,0,0,0,1,1,0.0,0.0,0.0,0.0,0.2026214599609375,0.0016482953742920081
batch_town12_13_20260616_133533_resume_town13_r70_144557,144,Town13,AccidentTwoWays,0,2,0,0,0,0.059753473761298304,-0.01817751555086536,-0.00037114245983682626,-0.004405702114105292,0.0777498185634613,0.008868248396169065
batch_town12_13_20260616_133533_resume_town13_r70_144557,145,Town13,AccidentTwoWays,0,0,0,1,1,0.0,0.0,0.0,0.0,0.19521574676036835,0.002228872041905472
batch_town12_13_20260616_133533_resume_town13_r70_144557,147,Town13,AccidentTwoWays,0,4,0,0,0,0.05138562790287304,-0.015928770383441204,-0.0006254966689509533,-0.006077765464782781,0.11077172309160233,0.006956909243191589
batch_town12_13_20260616_133533_resume_town13_r70_144557,148,Town13,AccidentTwoWays,0,1,0,0,0,0.05988581285094874,-0.01517109377028858,-0.00029017881816262303,-0.0026758433818816485,0.18087559938430786,0.005745214296094536
batch_town12_13_20260616_133533_resume_town13_r70_144557,149,Town13,AccidentTwoWays,0,0,0,1,1,0.0,0.0,0.0,0.0,0.23680086433887482,0.0012129340444422265
batch_town12_13_20260616_133533_resume_town13_r70_144557,150,Town13,AccidentTwoWays,0,1,0,0,0,0.014820640408340469,-0.0028000000119209334,0.0,0.0,0.14667458832263947,0.004799676453447033
batch_town12_13_20260616_133533_resume_town13_r70_144557,152,Town13,AccidentTwoWays,0,3,0,0,0,0.07344806229823897,-0.010143408216536032,0.0,0.0,0.09123439341783524,0.004695590943151862
batch_town12_13_20260616_133533_resume_town13_r70_144557,153,Town13,AccidentTwoWays,0,2,0,0,0,0.008171611809185686,-0.013796072832036876,-0.0016843139107408645,-0.012737314224243068,0.14158742129802704,0.002209247239048473
batch_town12_13_20260616_133533_resume_town13_r70_144557,154,Town13,AccidentTwoWays,0,3,0,0,0,0.08248262379005067,-0.019637040054156507,-0.0009456674250831743,-0.0069028294086456166,0.11901765316724777,0.008694198933515196
batch_town12_13_20260616_133533_resume_town13_r70_144557,156,Town13,AccidentTwoWays,0,2,0,0,0,0.004218399339393053,-0.0006800000369548975,0.0,0.0,0.18587809801101685,0.0027671508839513526
batch_town12_13_20260616_133533_resume_town13_r70_144557,157,Town13,AccidentTwoWays,0,2,0,0,0,0.008109457802140008,-0.0010658294707536209,0.0,0.0,0.19300022721290588,0.0029289308648701717
batch_town12_13_20260616_133533_resume_town13_r70_144557,158,Town13,AccidentTwoWays,0,0,0,1,1,0.0,0.0,0.0,0.0,0.25282031297683716,0.0016941475756342417
batch_town12_13_20260616_133533_resume_town13_r70_144557,159,Town13,AccidentTwoWays,0,0,0,1,1,0.0,0.0,0.0,0.0,0.26359713077545166,0.0014998434480095746
batch_town12_13_20260616_133533_resume_town13_r70_144557,161,Town13,AccidentTwoWays,0,3,0,0,0,0.02298861844992417,-0.4413533094168449,-0.07183176099959376,-0.4098216384887696,0.4043121039867401,0.009471007148025734
batch_town12_13_20260616_133533_resume_town13_r70_144557,162,Town13,AccidentTwoWays,0,5,0,0,0,0.016349373962710745,-0.4411765104634833,-0.07490781008052516,-0.4164000000000001,0.4078441858291626,0.010336032018481767
batch_town12_13_20260616_133533_resume_town13_r70_144557,163,Town13,AccidentTwoWays,0,6,0,0,0,0.05811130116992036,-0.4412978133812454,-0.07657748697374023,-0.4164,0.39916902780532837,0.00873112462334813
batch_town12_13_20260616_133533_resume_town13_r70_144557,165,Town13,AccidentTwoWays,0,1,0,0,0,0.00031188398109005533,-0.33123396887719186,-0.060386038186305446,-0.31766115166393416,0.4082898795604706,0.010978641207946893
batch_town12_13_20260616_133533_resume_town13_r70_144557,166,Town13,AccidentTwoWays,0,6,0,0,0,0.13110603170999768,-0.2622726523084693,-0.04313487719226128,-0.22445435767682312,0.3741740584373474,0.006452287241458077
batch_town12_13_20260616_133533_resume_town13_r70_144557,167,Town13,AccidentTwoWays,0,0,0,1,1,0.0,0.0,0.0,0.0,0.2453576773405075,0.0010740085251048637
batch_town12_13_20260616_133533_resume_town13_r70_144557,168,Town13,AccidentTwoWays,0,5,0,0,0,0.029551814582680525,-0.06851771793483091,-0.014578030734069325,-0.07553047370910645,0.20757350325584412,0.005566926796000571
batch_town12_13_20260616_133533_resume_town13_r70_144557,170,Town13,AccidentTwoWays,0,4,0,0,0,0.11214617175804564,-0.03095919491958138,-0.0040479769494289886,-0.020863690853118844,0.181303933262825,0.0076439841132649455
batch_town12_13_20260616_133533_resume_town13_r70_144557,171,Town13,AccidentTwoWays,0,5,0,0,0,0.08531287932568654,-0.06293552256321039,-0.012167843256636335,-0.06239824676513672,0.1848352700471878,0.008199631876010471
batch_town12_13_20260616_133533_resume_town13_r70_144557,172,Town13,AccidentTwoWays,0,5,0,0,0,0.025514218568485125,-0.07630177612110295,-0.01684260592811937,-0.08583070421218869,0.2123039960861206,0.007006585754525396
batch_town12_13_20260616_133533_resume_town13_r70_144557,173,Town13,AccidentTwoWays,0,0,0,1,1,0.0,0.0,0.0,0.0,0.3661825358867645,0.0009681441178852612
batch_town12_13_20260616_133533_resume_town13_r70_144557,175,Town13,AccidentTwoWays,0,0,0,1,1,0.0,0.0,0.0,0.0,0.3068743646144867,0.0005094252608466299
batch_town12_13_20260616_133533_resume_town13_r70_144557,176,Town13,AccidentTwoWays,0,1,0,0,0,0.004173814755467742,-0.0003599999845027846,0.0,0.0,0.2185514271259308,-0.00045397459482288127
batch_town12_13_20260616_133533_resume_town13_r70_144557,177,Town13,AccidentTwoWays,0,2,0,0,0,0.09925720833908014,-0.022003439433690652,-0.0020775197987570326,-0.010208533430099476,0.2781665027141571,0.003661134147365519
batch_town12_13_20260616_133533_resume_town13_r70_144557,179,Town13,AccidentTwoWays,0,0,0,1,1,0.0,0.0,0.0,0.0,0.3684099614620209,0.0008310795292534312
batch_town12_13_20260616_133533_resume_town13_r70_144557,180,Town13,AccidentTwoWays,0,0,0,1,1,0.0,0.0,0.0,0.0,0.3167928159236908,-0.0013291885103918766
batch_town12_13_20260616_133533_resume_town13_r70_144557,181,Town13,AccidentTwoWays,0,0,0,1,1,0.0,0.0,0.0,0.0,0.31631147861480713,-0.0013949028132227426
batch_town12_13_20260616_133533_resume_town13_r70_144557,182,Town13,AccidentTwoWays,0,0,0,1,1,0.0,0.0,0.0,0.0,0.3162303864955902,-0.0014362676918220352
batch_town12_13_20260616_133533_resume_town13_r70_144557,184,Town13,AccidentTwoWays,0,0,0,1,1,0.0,0.0,0.0,0.0,0.36809077858924866,-0.0003708009562060077
batch_town12_13_20260616_133533_resume_town13_r70_144557,185,Town13,AccidentTwoWays,0,0,0,1,1,0.0,0.0,0.0,0.0,0.38815709948539734,-0.0003767287397034025
batch_town12_13_20260616_133533_resume_town13_r79_145107,0,Town13,HardBreakRoute,0,6,0,0,0,0.01909824109898839,-0.40376004480361943,0.0,-0.26760003318786624,2.6357165552326478e-05,0.018549154543148205
batch_town12_13_20260616_133533_resume_town13_r79_145107,1,Town13,HardBreakRoute,0,6,0,0,0,0.020690027066513572,-0.41549441246986396,0.0,-0.2851278959512711,2.6357165552326478e-05,0.018549154543148205
batch_town12_13_20260616_133533_resume_town13_r79_145107,2,Town13,HardBreakRoute,0,6,0,0,0,0.019163946573574897,-0.562519970645905,0.0,-0.3851999782562258,2.6477029678062536e-05,0.01888975280894556
batch_town12_13_20260616_133533_resume_town13_r79_145107,3,Town13,HardBreakRoute,0,6,0,0,0,0.019144934756003984,-0.6046400000000001,0.0,-0.4164,2.6783787689055316e-05,0.01903846994032854
batch_town12_13_20260616_133533_resume_town13_r79_145107,4,Town13,HardBreakRoute,0,6,0,0,0,0.017218920065393384,-0.3691915012370875,0.0,-0.2419937046200648,7.376749636023305e-06,0.014784341892465136
batch_town12_13_20260616_133533_resume_town13_r79_145107,5,Town13,HardBreakRoute,0,6,0,0,0,0.01800727352205911,-0.2119308049530843,0.0,-0.12550429996524765,1.5740879462100565e-05,0.016601160149606997
batch_town12_13_20260616_133533_resume_town13_r79_145107,6,Town13,HardBreakRoute,0,6,0,0,0,0.01848699141814869,-0.09611208542358987,0.0,-0.03971265586932583,1.7859831132227555e-05,0.01702564263887396
batch_town12_13_20260616_133533_resume_town13_r79_145107,7,Town13,HardBreakRoute,0,6,0,0,0,0.018468672883542148,-0.11786388119257889,0.0,-0.05582509717968805,2.7572503313422203e-05,0.017170693347200228
batch_town12_13_20260616_133533_resume_town13_r79_145107,8,Town13,HardBreakRoute,0,6,0,0,0,0.019826161410291476,-0.13965974130083558,0.0,-0.0827166379075686,2.741184289334342e-05,0.016492797645190294
batch_town12_13_20260616_133533_resume_town13_r79_145107,9,Town13,HardBreakRoute,0,6,0,0,0,0.018022895248612336,-0.12699916938234806,0.0,-0.06259197732025781,2.741184289334342e-05,0.016492797645190294
batch_town12_13_20260616_133533_resume_town13_r79_145107,10,Town13,HardBreakRoute,0,6,0,0,0,0.018074703844037643,-0.1239242387490797,0.0,-0.06031425092524421,2.7410927941673435e-05,0.016560350029134696
batch_town12_13_20260616_133533_resume_town13_r79_145107,11,Town13,HardBreakRoute,0,6,0,0,0,0.018114423605550378,-0.11919927314581723,0.0,-0.056814276404309055,2.739156479947269e-05,0.016608332673992976
batch_town12_13_20260616_133533_resume_town13_r79_145107,12,Town13,HardBreakRoute,0,0,0,1,1,0.0,0.0,0.0,0.0,0.06784075498580933,-0.0012453593506931426
batch_town12_13_20260616_133533_resume_town13_r79_145107,13,Town13,HardBreakRoute,0,2,0,0,0,0.010958322465282888,-0.029714183531608464,-0.0011627315369331093,-0.019403225898742688,0.03150488808751106,0.00282933764054899
batch_town12_13_20260616_133533_resume_town13_r79_145107,24,Town13,HardBreakRoute,0,2,0,0,0,0.0038801887812254243,-0.002479999959468848,0.0,0.0,0.042361367493867874,0.0013993185409393316
batch_town12_13_20260616_133533_resume_town13_r79_145107,25,Town13,HardBreakRoute,0,3,0,0,0,0.013389110842242091,-0.05234800100691683,-0.0024031485978428246,-0.03960505771636963,0.04503433406352997,0.003806103383785897
batch_town12_13_20260616_133533_resume_town13_r79_145107,26,Town13,HardBreakRoute,0,5,0,0,0,0.006973153063290827,-0.07869882379896886,-0.0038794928677547413,-0.06384876394271838,0.047832973301410675,0.004695677097351192
batch_town12_13_20260616_133533_resume_town13_r79_145107,27,Town13,HardBreakRoute,0,2,0,0,0,0.019940365085800993,-0.012320965453982369,0.0,0.0,0.044236112385988235,0.004753592384933558
batch_town12_13_20260616_133533_resume_town13_r79_145107,28,Town13,HardBreakRoute,0,5,0,0,0,0.01450659991940384,-0.11470619884921374,-0.005806892163694996,-0.09529500389099121,0.046893857419490814,0.0057236497127104435
batch_town12_13_20260616_133533_resume_town13_r79_145107,29,Town13,HardBreakRoute,0,5,0,0,0,0.020606958571876444,-0.07836922516987793,-0.003660863348439583,-0.06000895500183101,0.04864431172609329,0.005359650842624575
batch_town12_13_20260616_133533_resume_town13_r79_145107,30,Town13,HardBreakRoute,0,2,0,0,0,0.01845312339773164,-0.023704017612018458,-0.0007090141085879798,-0.011618382453918441,0.05326639860868454,0.0049353076984104405
batch_town12_13_20260616_133533_resume_town13_r79_145107,31,Town13,HardBreakRoute,0,1,0,0,0,0.00212445423988189,-0.002360000014305086,0.0,0.0,0.06445542722940445,0.0027399614614555534
batch_town12_13_20260616_133533_resume_town13_r79_145107,32,Town13,HardBreakRoute,0,1,0,0,0,0.011336742384655818,-0.005159999728202802,0.0,0.0,0.06646983325481415,0.004841070174973927
batch_town12_13_20260616_133533_resume_town13_r79_145107,33,Town13,HardBreakRoute,0,2,0,0,0,0.002638528701043974,-0.0014000000059605222,0.0,0.0,0.08199358731508255,0.002958956633441312
batch_town12_13_20260616_133533_resume_town13_r79_145107,34,Town13,HardBreakRoute,0,3,0,0,0,0.009741973261033987,-0.04260222176591344,-0.00216734654514969,-0.035153829574584905,0.0883101150393486,0.004499157121178099
batch_town12_13_20260616_133533_resume_town13_r79_145107,35,Town13,HardBreakRoute,0,0,0,1,1,0.0,0.0,0.0,0.0,0.09212704002857208,0.0026039835394857103
batch_town12_13_20260616_133533_resume_town13_r79_145107,36,Town13,HardBreakRoute,0,4,0,0,0,0.10948917093117777,-0.21019000053405767,0.07500000000000002,0.0,0.018873903900384903,0.002630312637384502
batch_town12_13_20260616_133533_resume_town13_r79_145107,37,Town13,HardBreakRoute,0,1,0,0,0,0.07570321545004344,-0.023159999847412016,0.0,0.0,0.03448627144098282,0.016509716831604848
batch_town12_13_20260616_133533_resume_town13_r79_145107,38,Town13,HardBreakRoute,0,1,0,0,0,6.151444642626958e-05,-0.0011658746405138753,8.091536158515156e-05,0.0012929577827452965,0.10345281660556793,0.004077904665219068
batch_town12_13_20260616_133533_resume_town13_r79_145107,39,Town13,HardBreakRoute,0,0,0,1,1,0.0,0.0,0.0,0.0,0.10326436161994934,0.0019984921543534373
batch_town12_13_20260616_133533_resume_town13_r79_145107,40,Town13,HardBreakRoute,0,2,0,0,0,0.10251139560961375,-0.2087500000000001,0.07500000000000001,0.0,0.020478852093219757,0.005542799499769879
batch_town12_13_20260616_133533_resume_town13_r79_145107,41,Town13,HardBreakRoute,0,3,0,0,0,0.05044941336930542,-0.11438503444194792,0.034500014781951915,0.0,0.008458374999463558,0.019628133253887015
batch_town12_13_20260616_133533_resume_town13_r79_145107,42,Town13,HardBreakRoute,0,4,0,0,0,0.07529558716977358,-0.020370353460311907,0.0,0.0,0.06033138558268547,0.01026145169937287
batch_town12_13_20260616_133533_resume_town13_r79_145107,43,Town13,HardBreakRoute,0,1,0,0,0,0.00139271033144861,-0.006600000262260486,0.0,0.0,0.112986259162426,0.0008764962773055718
batch_town12_13_20260616_133533_resume_town13_r79_145107,44,Town13,HardBreakRoute,0,4,0,0,0,0.10821448075794282,-0.20874999999999988,0.07500000000000001,0.0,0.01874571479856968,0.0069559087307289325
batch_town12_13_20260616_133533_resume_town13_r79_145107,45,Town13,HardBreakRoute,0,4,0,0,0,0.1184361118279087,-0.1530113866222489,0.003927163021325619,-0.08804048967361455,0.02385064959526062,0.017916496538289195
batch_town12_13_20260616_133533_resume_town13_r79_145107,46,Town13,HardBreakRoute,0,3,0,0,0,0.069022169081848,-0.02956322419095825,-0.0008203608828616232,-0.012363241195678665,0.0919659435749054,0.01081311501769111
batch_town12_13_20260616_133533_resume_town13_r79_145107,47,Town13,HardBreakRoute,0,3,0,0,0,0.017389344293638365,-0.010580788254737739,0.0,0.0,0.10807677358388901,0.003172476518767897
batch_town12_13_20260616_133533_resume_town13_r79_145107,48,Town13,HardBreakRoute,0,3,0,0,0,0.10582734125247217,-0.20875,0.07500000000000001,0.0,0.02072778157889843,0.010709939745241037
batch_town12_13_20260616_133533_resume_town13_r79_145107,49,Town13,HardBreakRoute,0,2,0,0,0,0.13165932048410678,-0.036107808118136964,-0.0004375270629053407,-0.006061501979828021,0.04814034327864647,0.015024100788364692
batch_town12_13_20260616_133533_resume_town13_r79_145107,50,Town13,HardBreakRoute,0,3,0,0,0,0.007082972118052977,-0.009334107786417079,0.0,0.0,0.116843082010746,0.005057593283314121
batch_town12_13_20260616_133533_resume_town13_r79_145107,51,Town13,HardBreakRoute,0,3,0,0,0,0.017597619610411286,-0.039785106160234784,-0.002442174969959507,-0.032399999999999984,0.12362068891525269,0.009156121790310223
batch_town12_13_20260616_133533_resume_town13_r79_145107,52,Town13,HardBreakRoute,0,1,0,0,0,0.005535293161199162,-0.006439999938011143,0.0,0.0,0.10979871451854706,0.006584638446219593
batch_town12_13_20260616_133533_resume_town13_r79_145107,53,Town13,HardBreakRoute,0,3,0,0,0,0.09189486468853203,-0.025295165777206474,0.0,0.0,0.06311627477407455,0.009948401800686568
batch_town12_13_20260616_133533_resume_town13_r79_145107,54,Town13,HardBreakRoute,0,0,0,1,1,0.0,0.0,0.0,0.0,0.17434200644493103,0.007150986185938457
batch_town12_13_20260616_133533_resume_town13_r79_145107,55,Town13,HardBreakRoute,0,0,0,1,1,0.0,0.0,0.0,0.0,0.08911950141191483,0.013781682317327792
batch_town12_13_20260616_133533_resume_town13_r79_145107,56,Town13,HardBreakRoute,0,0,0,1,1,0.0,0.0,0.0,0.0,0.11986123025417328,0.007979580565915967
batch_town12_13_20260616_133533_resume_town13_r79_145107,57,Town13,HardBreakRoute,0,4,0,0,0,0.10328423618671234,-0.20875,0.07500000000000001,0.0,0.025193482637405396,0.017367376641768573
batch_town12_13_20260616_133533_resume_town13_r79_145107,58,Town13,HardBreakRoute,0,0,0,1,1,0.0,0.0,0.0,0.0,0.13569699227809906,0.0076950113726108604
batch_town12_13_20260616_133533_resume_town13_r79_145107,59,Town13,HardBreakRoute,0,2,0,0,0,0.11013361250069931,-0.20874999999999988,0.07500000000000001,0.0,0.026978803798556328,0.01612325906008749
batch_town12_13_20260616_133533_resume_town13_r79_145107,60,Town13,HardBreakRoute,0,0,0,1,1,0.0,0.0,0.0,0.0,0.15718905627727509,0.007004180179446706
batch_town12_13_20260616_133533_resume_town13_r79_145107,61,Town13,HardBreakRoute,0,2,0,0,0,0.10249070810359484,-0.053208784232327166,-0.003302762817723237,-0.032399999999999984,0.08348692208528519,0.010337396251498987
batch_town12_13_20260616_133533_resume_town13_r79_145107,62,Town13,HardBreakRoute,0,0,0,1,1,0.0,0.0,0.0,0.0,0.1777506321668625,0.005808659746815215
batch_town12_13_20260616_133533_resume_town13_r79_145107,63,Town13,HardBreakRoute,0,4,0,0,0,0.15808449208563946,-0.19144394114389562,0.0774965656233475,0.021066553688049217,0.038948673754930496,0.011445295054035576
batch_town12_13_20260616_133533_resume_town13_r79_145107,64,Town13,HardBreakRoute,0,6,0,0,0,0.13858272354140455,-0.507484394145884,-0.05300529307856472,-0.4164,0.21839579939842224,0.005783949973280356
batch_town12_13_20260616_133533_resume_town13_r79_145107,65,Town13,HardBreakRoute,0,3,0,0,0,0.17777109584601836,-0.20874999999999977,0.07499999999999996,0.0,0.04166775196790695,0.009820165395401759
batch_town12_13_20260616_133533_resume_town13_r79_145107,66,Town13,HardBreakRoute,0,6,0,0,0,0.010666350474649144,-0.4821521852850392,-0.059256806501835624,-0.4164,0.2772022783756256,0.008419099959633858
batch_town12_13_20260616_133533_resume_town13_r79_145107,67,Town13,HardBreakRoute,0,5,0,0,0,0.012805101232826521,-0.4710152921868578,-0.06216612301715152,-0.4163999999999999,0.3152082860469818,0.014288965734653658
batch_town12_13_20260616_133533_resume_town13_r79_145107,68,Town13,HardBreakRoute,0,4,0,0,0,0.219670456601967,-0.2139949831048823,0.0739282760637856,-0.006845091819763116,0.05100385844707489,0.007059490800833235
batch_town12_13_20260616_133533_resume_town13_r79_145107,69,Town13,HardBreakRoute,0,1,0,0,0,0.15322807001528482,-0.0013364921120242457,0.002669716300056413,0.01622002837657932,0.19887620210647583,0.008977197498308165
batch_town12_13_20260616_133533_resume_town13_r79_145107,70,Town13,HardBreakRoute,0,3,0,0,0,0.11403246584146642,-0.028459192940710087,-0.003247051791297917,-0.018802134990692165,0.1891583651304245,0.00936505995785808
batch_town12_13_20260616_133533_resume_town13_r79_145107,71,Town13,HardBreakRoute,0,1,0,0,0,0.01305053144391688,-0.4304394099120472,-0.0752180400751179,-0.41639999999999994,0.35738757252693176,0.016879668956864435
batch_town12_13_20260616_133533_resume_town13_r79_145107,72,Town13,HardBreakRoute,0,3,0,0,0,0.05038607441528531,-0.42596039370173266,-0.07839982502092246,-0.4164000000000001,0.371288001537323,0.016652746287498132
batch_town12_13_20260616_133533_resume_town13_r79_145107,73,Town13,HardBreakRoute,0,3,0,0,0,0.05053911259103727,-0.4244820808776566,-0.081460211494925,-0.4164,0.3726207911968231,0.013989539436965792
batch_town12_13_20260616_133533_resume_town13_r79_145107,74,Town13,HardBreakRoute,0,2,0,0,0,0.07638098387326009,-0.41099346261632586,-0.08441179435353763,-0.41640000000000005,0.3906022012233734,0.01626733435304395
batch_town12_13_20260616_133533_resume_town13_r79_145107,75,Town13,HardBreakRoute,0,6,0,0,0,0.2364941835183616,-0.4255786536426114,-0.08720186498665061,-0.4163999999999999,0.3810957968235016,0.008000572223874514
batch_town12_13_20260616_133533_resume_town13_r79_145107,76,Town13,HardBreakRoute,0,6,0,0,0,0.1569491775377918,-0.4130378396676422,-0.08973938186864316,-0.41640000000000005,0.438863068819046,0.017786023120489602
batch_town12_13_20260616_133533_resume_town13_r79_145107,77,Town13,HardBreakRoute,0,4,0,0,0,0.21080386866420753,-0.39945023913182687,-0.08853748529417493,-0.40160887756347663,0.4340301752090454,0.013830516015842065
batch_town12_13_20260616_133533_resume_town13_r79_145107,78,Town13,HardBreakRoute,0,6,0,0,0,0.2054635994268974,-0.3823682593002189,-0.08907920087312904,-0.3974936750056344,0.42528194189071655,0.011520085889057619
batch_town12_13_20260616_133533_resume_town13_r79_145107,79,Town13,HardBreakRoute,0,6,0,0,0,0.21397449021779957,-0.26192021068692667,-0.05782871765323572,-0.2552702409413396,0.400655597448349,0.011567891730515534
batch_town12_13_20260616_133533_resume_town13_r79_145107,80,Town13,HardBreakRoute,0,6,0,0,0,0.2393562614853595,-0.15005787252166292,-0.025311361745507244,-0.11116439621219171,0.36207154393196106,0.01267950340445978
batch_town12_13_20260616_133533_resume_town13_r79_145107,81,Town13,HardBreakRoute,0,5,0,0,0,0.12100559429497393,-0.0752013978427063,-0.007698680950230852,-0.03379513333671668,0.3710523247718811,0.01160247777196144
batch_town12_13_20260616_133533_resume_town13_r79_145107,82,Town13,HardBreakRoute,0,0,0,1,1,0.0,0.0,0.0,0.0,0.28746455907821655,-0.0017450334793007727
batch_town12_13_20260616_133533_resume_town13_r79_145107,83,Town13,HardBreakRoute,0,0,0,1,1,0.0,0.0,0.0,0.0,0.2827170789241791,-0.0015550825735348717
batch_town12_13_20260616_133533_resume_town13_r79_145107,84,Town13,HardBreakRoute,0,0,0,1,1,0.0,0.0,0.0,0.0,0.2819402813911438,-0.0015662687598592129
batch_town12_13_20260616_133533_resume_town13_r79_145107,85,Town13,HardBreakRoute,0,0,0,1,1,0.0,0.0,0.0,0.0,0.28195178508758545,-0.0015819375866330532
batch_town12_13_20260616_133533_resume_town13_r79_145107,86,Town13,HardBreakRoute,0,0,0,1,1,0.0,0.0,0.0,0.0,0.2836712896823883,-0.001697138112392249
batch_town12_13_20260616_133533_resume_town13_r79_145107,87,Town13,HardBreakRoute,0,0,0,1,1,0.0,0.0,0.0,0.0,0.28407004475593567,-0.0017241916547323655
batch_town12_13_20260616_133533_resume_town13_r79_145107,88,Town13,HardBreakRoute,0,0,0,1,1,0.0,0.0,0.0,0.0,0.2814267873764038,-0.001508599386328413
batch_town12_13_20260616_133533_resume_town13_r91_145618,0,Town13,VehicleTurningRoutePedestrian,0,6,0,0,0,0.021816042299483307,-0.3243800239467621,0.0,-0.20880001773834228,1.6250951375695877e-05,0.021626279879775723
batch_town12_13_20260616_133533_resume_town13_r91_145618,1,Town13,VehicleTurningRoutePedestrian,0,6,0,0,0,0.02295444192222451,-0.49487441401481636,0.0,-0.3439278970956803,1.6294652596116066e-05,0.021864619853470657
batch_town12_13_20260616_133533_resume_town13_r91_145618,2,Town13,VehicleTurningRoutePedestrian,0,6,0,0,0,0.02167962086701869,-0.5625199706459049,0.0,-0.3851999782562257,1.627008714422118e-05,0.022000177118197684
batch_town12_13_20260616_133533_resume_town13_r91_145618,3,Town13,VehicleTurningRoutePedestrian,0,6,0,0,0,0.021613505846225456,-0.6046400000000001,0.0,-0.4164,1.6885484001250006e-05,0.022107348447162778
batch_town12_13_20260616_133533_resume_town13_r91_145618,4,Town13,VehicleTurningRoutePedestrian,0,6,0,0,0,0.020897447106292155,-0.08682968554535485,0.0,-0.03283680410767025,1.1241764696023893e-05,0.02001701532965683
batch_town12_13_20260616_133533_resume_town13_r91_145618,5,Town13,VehicleTurningRoutePedestrian,0,6,0,0,0,0.020897447106292155,-0.08682968554535485,0.0,-0.03283680410767025,1.1241764696023893e-05,0.02001701532965683
batch_town12_13_20260616_133533_resume_town13_r91_145618,6,Town13,VehicleTurningRoutePedestrian,0,6,0,0,0,0.02119816337409275,-0.11392301579018806,0.0,-0.05290593762236152,2.176956695620902e-05,0.02133163551473416
batch_town12_13_20260616_133533_resume_town13_r91_145618,7,Town13,VehicleTurningRoutePedestrian,0,6,0,0,0,0.020517500267375643,-0.12512321346676752,0.0,-0.06120238034575373,2.3278827939066105e-05,0.020807641179406033
batch_town12_13_20260616_133533_resume_town13_r91_145618,8,Town13,VehicleTurningRoutePedestrian,0,6,0,0,0,0.021763849419071057,-0.1400834877556679,0.0,-0.08303052417040734,2.3889288058853708e-05,0.02047734096251297
batch_town12_13_20260616_133533_resume_town13_r91_145618,9,Town13,VehicleTurningRoutePedestrian,0,6,0,0,0,0.020226231412834528,-0.12054985156934546,0.0,-0.05781470486618181,2.3699452867731452e-05,0.020553457823037746
batch_town12_13_20260616_133533_resume_town13_r91_145618,10,Town13,VehicleTurningRoutePedestrian,0,6,0,0,0,0.020226231412834528,-0.12054985156934546,0.0,-0.05781470486618181,2.3699452867731452e-05,0.020553457823037746
batch_town12_13_20260616_133533_resume_town13_r91_145618,11,Town13,VehicleTurningRoutePedestrian,0,6,0,0,0,0.020261731253188087,-0.11534616929694878,0.0,-0.05396012540514725,2.3628726921742782e-05,0.020575399424689778
batch_town12_13_20260616_133533_resume_town13_r91_145618,25,Town13,VehicleTurningRoutePedestrian,0,1,0,0,0,8.63758957634353e-05,-0.00012000000104309128,0.0,0.0,0.02700529806315899,0.0015369965100120453
batch_town12_13_20260616_133533_resume_town13_r91_145618,26,Town13,VehicleTurningRoutePedestrian,0,1,0,0,0,6.410192525718728e-05,-8.000000379979055e-05,0.0,0.0,0.028202665969729424,0.0013668453375861311
batch_town12_13_20260616_133533_resume_town13_r91_145618,27,Town13,VehicleTurningRoutePedestrian,0,2,0,0,0,0.004176488149301605,-0.011960965171456311,0.0,0.0,0.02929624542593956,0.0056147288916237326
batch_town12_13_20260616_133533_resume_town13_r91_145618,28,Town13,VehicleTurningRoutePedestrian,0,1,0,0,0,9.913738537226102e-05,-0.00012000000104306352,0.0,0.0,0.03040267899632454,0.0017061617787308414
batch_town12_13_20260616_133533_resume_town13_r91_145618,29,Town13,VehicleTurningRoutePedestrian,0,1,0,0,0,0.00032917406179833186,-0.000439999997615792,0.0,0.0,0.031164411455392838,0.0019778612202816515
batch_town12_13_20260616_133533_resume_town13_r91_145618,30,Town13,VehicleTurningRoutePedestrian,0,2,0,0,0,0.001267507801611334,-0.021315399030687687,-0.0007750668634563807,-0.011618382453918497,0.03351046144962311,0.005205967858108895
batch_town12_13_20260616_133533_resume_town13_r91_145618,31,Town13,VehicleTurningRoutePedestrian,0,0,0,1,1,0.0,0.0,0.0,0.0,0.03442894667387009,0.002003551278771498
batch_town12_13_20260616_133533_resume_town13_r91_145618,32,Town13,VehicleTurningRoutePedestrian,0,0,0,1,1,0.0,0.0,0.0,0.0,0.03610895201563835,0.0022660739870514757
batch_town12_13_20260616_133533_resume_town13_r91_145618,33,Town13,VehicleTurningRoutePedestrian,0,1,0,0,0,2.9492692589228042e-05,-0.00035999998450275683,0.0,0.0,0.039143458008766174,0.0025417669098559137
batch_town12_13_20260616_133533_resume_town13_r91_145618,34,Town13,VehicleTurningRoutePedestrian,0,1,0,0,0,4.461112463727268e-05,-0.00019999999552955394,0.0,0.0,0.041398294270038605,0.002880489823483934
batch_town12_13_20260616_133533_resume_town13_r91_145618,35,Town13,VehicleTurningRoutePedestrian,0,0,0,1,1,0.0,0.0,0.0,0.0,0.06701035052537918,0.0018410571544569265
batch_town12_13_20260616_133533_resume_town13_r91_145618,36,Town13,VehicleTurningRoutePedestrian,0,0,0,1,1,0.0,0.0,0.0,0.0,0.07133407145738602,0.0017656780360868485
batch_town12_13_20260616_133533_resume_town13_r91_145618,37,Town13,VehicleTurningRoutePedestrian,0,0,0,1,1,0.0,0.0,0.0,0.0,0.07469356805086136,0.002063638775927412
batch_town12_13_20260616_133533_resume_town13_r91_145618,38,Town13,VehicleTurningRoutePedestrian,0,0,0,1,1,0.0,0.0,0.0,0.0,0.07880959659814835,0.0018503762294483916
batch_town12_13_20260616_133533_resume_town13_r91_145618,39,Town13,VehicleTurningRoutePedestrian,0,1,0,0,0,0.0001487709680489946,-0.00039999999105932993,0.0,0.0,0.08278850466012955,0.0022070278319570313
batch_town12_13_20260616_133533_resume_town13_r91_145618,40,Town13,VehicleTurningRoutePedestrian,0,1,0,0,0,8.971803725499328e-06,-4.000000189985364e-05,0.0,0.0,0.08716774731874466,0.0021755523316904224
batch_town12_13_20260616_133533_resume_town13_r91_145618,41,Town13,VehicleTurningRoutePedestrian,0,2,0,0,0,0.0020091518205413994,-0.001759999990463279,0.0,0.0,0.08370965719223022,0.0034145900463934953
batch_town12_13_20260616_133533_resume_town13_r91_145618,42,Town13,VehicleTurningRoutePedestrian,0,2,0,0,0,0.0041634066245780366,-0.0035408101975917816,0.0,0.0,0.08409177511930466,0.003576481184958624
batch_town12_13_20260616_133533_resume_town13_r91_145618,43,Town13,VehicleTurningRoutePedestrian,0,0,0,1,1,0.0,0.0,0.0,0.0,0.08591705560684204,0.002490224036356181
batch_town12_13_20260616_133533_resume_town13_r91_145618,44,Town13,VehicleTurningRoutePedestrian,0,2,0,0,0,0.004994462691495727,-0.006186688169837029,0.0,0.0,0.09510909765958786,0.0009765557644076939
batch_town12_13_20260616_133533_resume_town13_r91_145618,45,Town13,VehicleTurningRoutePedestrian,0,2,0,0,0,0.0007625938898527806,-0.001504781842231795,0.0,0.0,0.10676676034927368,0.0008131137566087521
batch_town12_13_20260616_133533_resume_town13_r91_145618,46,Town13,VehicleTurningRoutePedestrian,0,0,0,1,1,0.0,0.0,0.0,0.0,0.1381501704454422,0.0053523681906968434
batch_town12_13_20260616_133533_resume_town13_r91_145618,47,Town13,VehicleTurningRoutePedestrian,0,0,0,1,1,0.0,0.0,0.0,0.0,0.12272237241268158,0.006387316486825778
batch_town12_13_20260616_133533_resume_town13_r91_145618,48,Town13,VehicleTurningRoutePedestrian,0,0,0,1,1,0.0,0.0,0.0,0.0,0.11928503215312958,0.0068362911166284235
batch_town12_13_20260616_133533_resume_town13_r91_145618,49,Town13,VehicleTurningRoutePedestrian,0,1,0,0,0,0.00017199757649066783,-0.00012000000104306352,0.0,0.0,0.09269983321428299,0.005810394442889555
batch_town12_13_20260616_133533_resume_town13_r91_145618,50,Town13,VehicleTurningRoutePedestrian,0,0,0,1,1,0.0,0.0,0.0,0.0,0.116170734167099,0.0066359339073338575
batch_town12_13_20260616_133533_resume_town13_r91_145618,51,Town13,VehicleTurningRoutePedestrian,0,0,0,1,1,0.0,0.0,0.0,0.0,0.1209164410829544,0.006347914425637313
batch_town12_13_20260616_133533_resume_town13_r91_145618,52,Town13,VehicleTurningRoutePedestrian,0,0,0,1,1,0.0,0.0,0.0,0.0,0.12600988149642944,0.006111695156288066
batch_town12_13_20260616_133533_resume_town13_r91_145618,53,Town13,VehicleTurningRoutePedestrian,0,0,0,1,1,0.0,0.0,0.0,0.0,0.14044438302516937,0.00476690058664575
batch_town12_13_20260616_133533_resume_town13_r91_145618,54,Town13,VehicleTurningRoutePedestrian,0,0,0,1,1,0.0,0.0,0.0,0.0,0.08368131518363953,0.004349051783435476
batch_town12_13_20260616_133533_resume_town13_r91_145618,55,Town13,VehicleTurningRoutePedestrian,0,2,0,0,0,0.002647594708991008,-0.004473717249929843,0.0,0.0,0.07101694494485855,0.00250666450508924
batch_town12_13_20260616_133533_resume_town13_r91_145618,56,Town13,VehicleTurningRoutePedestrian,0,0,0,1,1,0.0,0.0,0.0,0.0,0.12778429687023163,0.0014647268090708376
batch_town12_13_20260616_133533_resume_town13_r91_145618,57,Town13,VehicleTurningRoutePedestrian,0,0,0,1,1,0.0,0.0,0.0,0.0,0.07104714959859848,0.003502015582039053
batch_town12_13_20260616_133533_resume_town13_r91_145618,58,Town13,VehicleTurningRoutePedestrian,0,0,0,1,1,0.0,0.0,0.0,0.0,0.0755978524684906,0.003868373953436144
batch_town12_13_20260616_133533_resume_town13_r91_145618,59,Town13,VehicleTurningRoutePedestrian,0,2,0,0,0,0.0067472694459010385,-0.020382507017999985,0.0,-0.007064526557922446,0.06797569990158081,0.0012412192172492897
batch_town12_13_20260616_133533_resume_town13_r91_145618,60,Town13,VehicleTurningRoutePedestrian,0,0,0,1,1,0.0,0.0,0.0,0.0,0.07057209312915802,0.0035078444754989557
batch_town12_13_20260616_133533_resume_town13_r91_145618,61,Town13,VehicleTurningRoutePedestrian,0,0,0,1,1,0.0,0.0,0.0,0.0,0.06961377710103989,0.003759707287237457
batch_town12_13_20260616_133533_resume_town13_r91_145618,62,Town13,VehicleTurningRoutePedestrian,0,0,0,1,1,0.0,0.0,0.0,0.0,0.06886012852191925,0.003878642035662405
batch_town12_13_20260616_133533_resume_town13_r91_145618,63,Town13,VehicleTurningRoutePedestrian,0,2,0,0,0,0.009022587234707447,-0.011352868676185568,0.0,0.0,0.06225240230560303,0.0019276145928983635
batch_town12_13_20260616_133533_resume_town13_r91_145618,64,Town13,VehicleTurningRoutePedestrian,0,0,0,1,1,0.0,0.0,0.0,0.0,0.06911882013082504,0.0042699292651044995
batch_town12_13_20260616_133533_resume_town13_r91_145618,65,Town13,VehicleTurningRoutePedestrian,0,2,0,0,0,0.004925640122190822,-0.005373256206512411,0.0,0.0,0.06453884392976761,0.003477449648558728
batch_town12_13_20260616_133533_resume_town13_r91_145618,66,Town13,VehicleTurningRoutePedestrian,0,1,0,0,0,0.00029820203405961365,-0.00019999999552955394,0.0,0.0,0.06879481673240662,0.004383408954377943
batch_town12_13_20260616_133533_resume_town13_r91_145618,67,Town13,VehicleTurningRoutePedestrian,0,0,0,1,1,0.0,0.0,0.0,0.0,0.06695733219385147,0.004531249935012083
batch_town12_13_20260616_133533_resume_town13_r91_145618,68,Town13,VehicleTurningRoutePedestrian,0,0,0,1,1,0.0,0.0,0.0,0.0,0.07220438867807388,0.005010762108059064
batch_town12_13_20260616_133533_resume_town13_r91_145618,69,Town13,VehicleTurningRoutePedestrian,0,3,0,0,0,0.004308645697037372,-0.010697854706698248,-0.0007467701739498622,-0.008842895507812476,0.07440109550952911,0.004297532321402953
batch_town12_13_20260616_133533_resume_town13_r91_145618,70,Town13,VehicleTurningRoutePedestrian,0,0,0,1,1,0.0,0.0,0.0,0.0,0.1026664525270462,0.005781040208843846
batch_town12_13_20260616_133533_resume_town13_r91_145618,71,Town13,VehicleTurningRoutePedestrian,0,1,0,0,0,0.00025092763185008415,-0.00019999999552966496,0.0,0.0,0.08450513333082199,0.004770086980978805
batch_town12_13_20260616_133533_resume_town13_r91_145618,72,Town13,VehicleTurningRoutePedestrian,0,0,0,1,1,0.0,0.0,0.0,0.0,0.13424450159072876,0.00526285809801097
batch_town12_13_20260616_133533_resume_town13_r91_145618,73,Town13,VehicleTurningRoutePedestrian,0,0,0,1,1,0.0,0.0,0.0,0.0,0.1323198527097702,0.006896524514047986
batch_town12_13_20260616_133533_resume_town13_r91_145618,74,Town13,VehicleTurningRoutePedestrian,0,0,0,1,1,0.0,0.0,0.0,0.0,0.10059117525815964,0.005070762514556959
batch_town12_13_20260616_133533_resume_town13_r91_145618,75,Town13,VehicleTurningRoutePedestrian,0,0,0,1,1,0.0,0.0,0.0,0.0,0.13192078471183777,0.007195902865051007
batch_town12_13_20260616_133533_resume_town13_r91_145618,76,Town13,VehicleTurningRoutePedestrian,0,0,0,1,1,0.0,0.0,0.0,0.0,0.14376050233840942,0.007173432726115259
batch_town12_13_20260616_133533_resume_town13_r91_145618,77,Town13,VehicleTurningRoutePedestrian,0,1,0,0,0,0.042454677741347424,-0.0014353506743691735,0.0011644620656872107,0.008573945045471265,0.10751287639141083,0.0031626590604624805
batch_town12_13_20260616_133533_resume_town13_r91_145618,78,Town13,VehicleTurningRoutePedestrian,0,0,0,1,1,0.0,0.0,0.0,0.0,0.16039547324180603,0.007051042819713693
batch_town12_13_20260616_133533_resume_town13_r91_145618,79,Town13,VehicleTurningRoutePedestrian,0,0,0,1,1,0.0,0.0,0.0,0.0,0.17113550007343292,0.006957520563423358
batch_town12_13_20260616_133533_resume_town13_r91_145618,80,Town13,VehicleTurningRoutePedestrian,0,1,0,0,0,0.012504411718426756,-0.012695813307821657,0.06416966016540115,0.05851068137453437,0.3264979124069214,0.0019339156488289433
batch_town12_13_20260616_133533_resume_town13_r91_145618,81,Town13,VehicleTurningRoutePedestrian,0,6,0,0,0,0.07863207702120012,-0.0821359705382172,0.001949146496552201,-0.06255744693193754,0.2229887843132019,0.0013905658361625939
batch_town12_13_20260616_133533_resume_town13_r91_145618,82,Town13,VehicleTurningRoutePedestrian,0,2,0,0,0,0.10174974820173466,-0.021293137414586938,0.0166044111094113,0.022556015768864804,0.20919175446033478,0.0003123271150793361
batch_town12_13_20260616_133533_resume_town13_r91_145618,83,Town13,VehicleTurningRoutePedestrian,0,5,0,0,0,0.07860521497532713,-0.07542675433326373,0.012271199518611775,-0.031619819164130245,0.15098194777965546,0.0007340680278902223
batch_town12_13_20260616_133533_resume_town13_r91_145618,84,Town13,VehicleTurningRoutePedestrian,0,6,0,0,0,0.07416115771612808,-0.10054130856836174,0.011578189379867265,-0.05501307101229572,0.15654924511909485,0.000790524874711318
batch_town12_13_20260616_133533_resume_town13_r91_145618,85,Town13,VehicleTurningRoutePedestrian,0,6,0,0,0,0.34301105975421664,-0.05784852228101889,0.09178578081474681,0.11030332189203522,0.1614856868982315,0.001193742072790993
batch_town12_13_20260616_133533_resume_town13_r91_145618,86,Town13,VehicleTurningRoutePedestrian,0,6,0,0,0,0.027947145382368754,-0.10637573418225377,0.0032780224337249364,-0.08033547435177664,0.1679740697145462,0.0016820374791679527
batch_town12_13_20260616_133533_resume_town13_r91_145618,87,Town13,VehicleTurningRoutePedestrian,0,5,0,0,0,0.0613584705550268,-0.11571486007603737,0.010918638167266237,-0.06963327310702538,0.17949704825878143,0.0020264229711928206
batch_town12_13_20260616_133533_resume_town13_r91_145618,88,Town13,VehicleTurningRoutePedestrian,0,6,0,0,0,0.13143985404639102,-0.07482147902501213,0.021875887623112322,-0.00849707610702348,0.3005472719669342,0.0017643458299567705
batch_town12_13_20260616_133533_resume_town13_r91_145618,89,Town13,VehicleTurningRoutePedestrian,0,3,0,0,0,0.0627876858813583,-0.05695047192752156,0.008144877514843718,-0.027840409688145856,0.19303485751152039,0.0012541032031756494
batch_town12_13_20260616_133533_resume_town13_r91_145618,90,Town13,VehicleTurningRoutePedestrian,0,0,0,1,1,0.0,0.0,0.0,0.0,0.31771865487098694,0.0007061795389835535
batch_town12_13_20260616_133533_resume_town13_r91_145618,91,Town13,VehicleTurningRoutePedestrian,0,6,0,0,0,0.10461923818831065,-0.03795178786095166,0.08011790405136798,0.0643442744791092,0.34267619252204895,0.0015952627823108134
batch_town12_13_20260616_133533_resume_town13_r91_145618,92,Town13,VehicleTurningRoutePedestrian,0,6,0,0,0,0.05381902349427481,-0.03597293133870472,0.07727082112368067,0.06735266258334337,0.3759205639362335,0.0012320887450376627
batch_town12_13_20260616_133533_resume_town13_r91_145618,93,Town13,VehicleTurningRoutePedestrian,0,0,0,1,1,0.0,0.0,0.0,0.0,0.394126832485199,-0.002573422212950316
batch_town12_13_20260616_133533_resume_town13_r91_145618,94,Town13,VehicleTurningRoutePedestrian,0,5,0,0,0,0.05149342613353447,-0.0017562014811209892,-0.0038592877437173545,-0.0007110819010342599,0.3924183249473572,-0.005087403622323627
batch_town12_13_20260616_133533_resume_town13_r91_145618,95,Town13,VehicleTurningRoutePedestrian,0,5,0,0,0,0.013897529895145144,-0.0033072446899287122,0.0012407503132273456,0.00292633275138654,0.4079689085483551,-0.0024555643920169956
batch_town12_13_20260616_133533_resume_town13_r91_145618,96,Town13,VehicleTurningRoutePedestrian,0,5,0,0,0,0.034334778889901774,-0.01403664350509648,0.0,0.0,0.3998006284236908,-0.005455712824460335
batch_town12_13_20260616_133533_resume_town13_r91_145618,97,Town13,VehicleTurningRoutePedestrian,0,5,0,0,0,0.03357228946759383,-0.013166874647140503,0.0,0.0,0.40405333042144775,-0.0052786389748264995
batch_town12_13_20260616_133533_resume_town13_r91_145618,98,Town13,VehicleTurningRoutePedestrian,0,4,0,0,0,0.03406515185886905,-0.010409260988235358,0.0,0.0,0.4077003002166748,-0.0044865769720328075
batch_town12_13_20260616_133533_resume_town13_r91_145618,99,Town13,VehicleTurningRoutePedestrian,0,5,0,0,0,0.005614184272785927,-0.007362352609634248,0.0,0.0,0.4086511731147766,-0.005691904187340668
batch_town12_13_20260616_133533_resume_town13_r91_145618,100,Town13,VehicleTurningRoutePedestrian,0,3,0,0,0,0.005701288356398049,-0.0016516441106796398,0.0,0.0,0.43016335368156433,-0.003515489539698713
batch_town12_13_20260616_133533_resume_town13_r91_145618,101,Town13,VehicleTurningRoutePedestrian,0,6,0,0,0,0.060928913254789885,-0.027777489580819048,-0.025271550227501716,-0.02306478544446496,0.4076809585094452,0.000829259053563236
batch_town12_13_20260616_133533_resume_town13_r91_145618,102,Town13,VehicleTurningRoutePedestrian,0,6,0,0,0,0.08230187797834154,-0.04724972589677001,-0.007517064207648694,-0.0070121016582067215,0.40127304196357727,0.0003738112467230881
batch_town12_13_20260616_133533_resume_town13_r91_145618,103,Town13,VehicleTurningRoutePedestrian,0,0,0,1,1,0.0,0.0,0.0,0.0,0.3304263651371002,-0.0010054783405806234
batch_town12_13_20260616_133533_resume_town13_r91_145618,104,Town13,VehicleTurningRoutePedestrian,0,0,0,1,1,0.0,0.0,0.0,0.0,0.3290463984012604,-0.0010756925147008545
batch_town12_13_20260616_133533_resume_town13_r91_145618,105,Town13,VehicleTurningRoutePedestrian,0,0,0,1,1,0.0,0.0,0.0,0.0,0.3282386064529419,-0.0011396822352112146
batch_town12_13_20260616_133533_resume_town13_r91_145618,106,Town13,VehicleTurningRoutePedestrian,0,0,0,1,1,0.0,0.0,0.0,0.0,0.32848772406578064,-0.0010579230237972581
batch_town12_13_20260616_133533_resume_town13_r91_145618,107,Town13,VehicleTurningRoutePedestrian,0,0,0,1,1,0.0,0.0,0.0,0.0,0.3282206356525421,-0.001127565583534107
batch_town12_13_20260616_133533_resume_town13_r91_145618,108,Town13,VehicleTurningRoutePedestrian,0,0,0,1,1,0.0,0.0,0.0,0.0,0.3283080458641052,-0.0011122297614698518
batch_town12_13_20260616_133533_resume_town13_r91_145618,109,Town13,VehicleTurningRoutePedestrian,0,0,0,1,1,0.0,0.0,0.0,0.0,0.3282392621040344,-0.001128117719576771
batch_town12_13_20260616_133533_resume_town13_r94_150128,0,Town13,MergerIntoSlowTraffic,0,6,0,0,0,0.02473806799962719,-0.3243800239467621,0.0,-0.20880001773834228,1.4396391634363681e-05,0.025653714503359737
batch_town12_13_20260616_133533_resume_town13_r94_150128,1,Town13,MergerIntoSlowTraffic,0,6,0,0,0,0.025426247860422135,-0.41549441246986385,0.0,-0.285127895951271,1.4723907952429727e-05,0.025737789015234824
batch_town12_13_20260616_133533_resume_town13_r94_150128,2,Town13,MergerIntoSlowTraffic,0,6,0,0,0,0.024424154479878224,-0.5625199706459046,0.0,-0.38519997825622554,1.5362147678388283e-05,0.025840188150723975
batch_town12_13_20260616_133533_resume_town13_r94_150128,4,Town13,MergerIntoSlowTraffic,0,6,0,0,0,0.017886302935783638,-0.3687004228420016,0.0,-0.24162994284592712,3.1216700335789938e-06,0.018739356045259115
batch_town12_13_20260616_133533_resume_town13_r94_150128,5,Town13,MergerIntoSlowTraffic,0,6,0,0,0,0.022538024328278672,-0.0937204343270718,0.0,-0.03794106246449763,8.696898476046044e-06,0.023110604359192877
batch_town12_13_20260616_133533_resume_town13_r94_150128,6,Town13,MergerIntoSlowTraffic,0,6,0,0,0,0.022538024328278672,-0.0937204343270718,0.0,-0.03794106246449763,8.696898476046044e-06,0.023110604359192877
batch_town12_13_20260616_133533_resume_town13_r94_150128,7,Town13,MergerIntoSlowTraffic,0,6,0,0,0,0.02442340547837918,-0.11694748435440604,0.0,-0.055146284706967426,1.958145367098041e-05,0.025110225345640558
batch_town12_13_20260616_133533_resume_town13_r94_150128,9,Town13,MergerIntoSlowTraffic,0,6,0,0,0,0.02360604384474896,-0.12714727396221337,0.0,-0.06270168441645432,2.08406854653731e-05,0.024445655825349633
batch_town12_13_20260616_133533_resume_town13_r94_150128,10,Town13,MergerIntoSlowTraffic,0,6,0,0,0,0.023754243522141172,-0.11955495076702101,0.0,-0.05707774130890444,2.0642057279474102e-05,0.02457040111264419
batch_town12_13_20260616_133533_resume_town13_r94_150128,11,Town13,MergerIntoSlowTraffic,0,6,0,0,0,0.023754243522141172,-0.11955495076702101,0.0,-0.05707774130890444,2.0642057279474102e-05,0.02457040111264419
batch_town12_13_20260616_133533_resume_town13_r94_150128,12,Town13,MergerIntoSlowTraffic,0,0,0,1,1,0.0,0.0,0.0,0.0,0.03304055705666542,0.001092938850198566
batch_town12_13_20260616_133533_resume_town13_r94_150128,25,Town13,MergerIntoSlowTraffic,0,1,0,0,0,0.0002577151244254061,-0.0008799999952316395,0.0,0.0,0.021921932697296143,0.0028155239384368147
batch_town12_13_20260616_133533_resume_town13_r94_150128,26,Town13,MergerIntoSlowTraffic,0,1,0,0,0,0.0001108925261090743,-0.0003999999910592744,0.0,0.0,0.023949965834617615,0.0029515428772972085
batch_town12_13_20260616_133533_resume_town13_r94_150128,27,Town13,MergerIntoSlowTraffic,0,2,0,0,0,0.004731034037000648,-0.01152096577454359,0.0,0.0,0.02367701753973961,0.005128299098245748
batch_town12_13_20260616_133533_resume_town13_r94_150128,28,Town13,MergerIntoSlowTraffic,0,0,0,1,1,0.0,0.0,0.0,0.0,0.02551720105111599,0.002448700708946816
batch_town12_13_20260616_133533_resume_town13_r94_150128,30,Town13,MergerIntoSlowTraffic,0,2,0,0,0,0.0020380942065803542,-0.02217900478173568,-0.0007645753990255383,-0.011618382453918386,0.03015558421611786,0.00537038734148676
batch_town12_13_20260616_133533_resume_town13_r94_150128,31,Town13,MergerIntoSlowTraffic,0,1,0,0,0,0.00011958895716479567,-0.0002800000086426446,0.0,0.0,0.03312724456191063,0.0036660121606732488
batch_town12_13_20260616_133533_resume_town13_r94_150128,32,Town13,MergerIntoSlowTraffic,0,1,0,0,0,0.00010878434733230247,-0.00019999999552955394,0.0,0.0,0.036161500960588455,0.003830054532137306
batch_town12_13_20260616_133533_resume_town13_r94_150128,33,Town13,MergerIntoSlowTraffic,0,0,0,1,1,0.0,0.0,0.0,0.0,0.03937225788831711,0.0037432104436913582
batch_town12_13_20260616_133533_resume_town13_r94_150128,35,Town13,MergerIntoSlowTraffic,0,1,0,0,0,8.952051064481381e-05,-8.000000379981831e-05,0.0,0.0,0.04654398187994957,0.0037529769586441275
batch_town12_13_20260616_133533_resume_town13_r94_150128,36,Town13,MergerIntoSlowTraffic,0,0,0,1,1,0.0,0.0,0.0,0.0,0.04986265301704407,0.003642302712309309
batch_town12_13_20260616_133533_resume_town13_r94_150128,37,Town13,MergerIntoSlowTraffic,0,1,0,0,0,0.0009451006573233389,-0.00039999999105932993,0.0,0.0,0.1873011738061905,0.0039996581103451945
batch_town12_13_20260616_133533_resume_town13_r94_150128,38,Town13,MergerIntoSlowTraffic,0,1,0,0,0,0.00025825240678867267,-0.00019999999552966496,0.0,0.0,0.18663062155246735,0.00398437697746834
batch_town12_13_20260616_133533_resume_town13_r94_150128,40,Town13,MergerIntoSlowTraffic,0,1,0,0,0,0.00037787294454338927,-8.000000379981831e-05,0.0,0.0,0.18432217836380005,0.004199204533707368
batch_town12_13_20260616_133533_resume_town13_r94_150128,41,Town13,MergerIntoSlowTraffic,0,0,0,1,1,0.0,0.0,0.0,0.0,0.16541725397109985,0.004503417259043241
batch_town12_13_20260616_133533_resume_town13_r94_150128,42,Town13,MergerIntoSlowTraffic,0,2,0,0,0,0.03935076699992557,-0.007500809915363726,0.0,0.0,0.1403077244758606,0.005347016703876273
batch_town12_13_20260616_133533_resume_town13_r94_150128,43,Town13,MergerIntoSlowTraffic,0,1,0,0,0,0.002656690040903742,-0.0005200000107288272,0.0,0.0,0.15191692113876343,0.0045914756534704
batch_town12_13_20260616_133533_resume_town13_r94_150128,45,Town13,MergerIntoSlowTraffic,0,0,0,1,1,0.0,0.0,0.0,0.0,0.18104514479637146,0.004181031616400821
batch_town12_13_20260616_133533_resume_town13_r94_150128,46,Town13,MergerIntoSlowTraffic,0,2,0,0,0,0.004071643606404773,-0.007157494457138425,-0.0005478642796156452,-0.0037518821954727333,0.18240857124328613,0.004280181614824796
batch_town12_13_20260616_133533_resume_town13_r94_150128,47,Town13,MergerIntoSlowTraffic,0,0,0,1,1,0.0,0.0,0.0,0.0,0.2560517191886902,0.0052250483911762124
batch_town12_13_20260616_133533_resume_town13_r94_150128,48,Town13,MergerIntoSlowTraffic,0,0,0,1,1,0.0,0.0,0.0,0.0,0.19094717502593994,0.004294343679569046
batch_town12_13_20260616_133533_resume_town13_r94_150128,50,Town13,MergerIntoSlowTraffic,0,3,0,0,0,0.03292902336300818,-0.013694107979536074,0.0,0.0,0.18163743615150452,0.0061576149699476
batch_town12_13_20260616_133533_resume_town13_r94_150128,51,Town13,MergerIntoSlowTraffic,0,4,0,0,0,0.020320662082751018,-0.054924880693379086,-0.007346991083816257,-0.05234900861978553,0.18949458003044128,0.0036698519222331805
batch_town12_13_20260616_133533_resume_town13_r94_150128,52,Town13,MergerIntoSlowTraffic,0,1,0,0,0,0.0020917994841846976,-0.0005200000107288272,0.0,0.0,0.16006559133529663,0.004354449344023514
batch_town12_13_20260616_133533_resume_town13_r94_150128,53,Town13,MergerIntoSlowTraffic,0,0,0,1,1,0.0,0.0,0.0,0.0,0.1984815001487732,0.003672338313696677
batch_town12_13_20260616_133533_resume_town13_r94_150128,55,Town13,MergerIntoSlowTraffic,0,0,0,1,1,0.0,0.0,0.0,0.0,0.26291120052337646,0.004697525666802038
batch_town12_13_20260616_133533_resume_town13_r94_150128,56,Town13,MergerIntoSlowTraffic,0,2,0,0,0,0.012246325064492858,-0.03878488744486086,-0.004488807074278955,-0.03212939643859891,0.1985713243484497,0.006819543114862103
batch_town12_13_20260616_133533_resume_town13_r94_150128,57,Town13,MergerIntoSlowTraffic,0,1,0,0,0,0.1387477311610299,-0.036501435731710455,0.01798626488148261,-0.03779928245782263,0.2713553011417389,0.0005313734177094798
batch_town12_13_20260616_133533_resume_town13_r94_150128,58,Town13,MergerIntoSlowTraffic,0,5,0,0,0,0.08837554492504163,-0.12518403436367348,0.008956334960272733,-0.07566015743890808,0.2158236801624298,-0.0005072474821035122
batch_town12_13_20260616_133533_resume_town13_r94_150128,60,Town13,MergerIntoSlowTraffic,0,1,0,0,0,0.13994569336596552,-0.19242586815429424,0.010480996685953203,-0.12438181074006438,0.20485101640224457,-0.00045139820967943223
batch_town12_13_20260616_133533_resume_town13_r94_150128,61,Town13,MergerIntoSlowTraffic,0,5,0,0,0,0.035639876027630635,-0.19756314800375077,0.009017231563195477,-0.1282794698893565,0.225818932056427,-0.0006069380044824157
batch_town12_13_20260616_133533_resume_town13_r94_150128,62,Town13,MergerIntoSlowTraffic,0,0,0,1,1,0.0,0.0,0.0,0.0,0.21302910149097443,-0.00044891584498829573
batch_town12_13_20260616_133533_resume_town13_r94_150128,63,Town13,MergerIntoSlowTraffic,0,2,0,0,0,0.12238941823830807,-0.06719433455154931,0.027011936344171456,-0.04059008658893343,0.2653830051422119,-0.00015343803171408155
batch_town12_13_20260616_133533_resume_town13_r94_150128,65,Town13,MergerIntoSlowTraffic,0,2,0,0,0,0.1500181383699979,-0.020022572722065146,0.031339502586178014,-0.00024741062132710434,0.2662714123725891,-0.0004120174997490622
batch_town12_13_20260616_133533_resume_town13_r94_150128,66,Town13,MergerIntoSlowTraffic,0,0,0,1,1,0.0,0.0,0.0,0.0,0.2711144983768463,-0.00034626498940371064
batch_town12_13_20260616_133533_resume_town13_r94_150128,67,Town13,MergerIntoSlowTraffic,0,2,0,0,0,0.14963676308455387,-0.07738351458060844,0.012326511848411548,-0.029054281773013446,0.2144908457994461,-0.000248727572841112
batch_town12_13_20260616_133533_resume_town13_r94_150128,68,Town13,MergerIntoSlowTraffic,0,1,0,0,0,0.10853622558825049,-0.04128768947155441,0.027253881875653863,-0.026321570630689517,0.30868959426879883,0.00013638825337580762
batch_town12_13_20260616_133533_resume_town13_r94_150128,70,Town13,MergerIntoSlowTraffic,0,1,0,0,0,0.036843129664683394,-0.02010230126425249,0.0045198368863501315,-0.003335201509420238,0.2523978352546692,0.00048312556775065296
batch_town12_13_20260616_133533_resume_town13_r94_150128,71,Town13,MergerIntoSlowTraffic,0,2,0,0,0,0.07068072286886662,-0.05811957718223194,0.013087211114651998,-0.013618027518047748,0.2619348466396332,0.0006953806719727229
batch_town12_13_20260616_133533_resume_town13_r94_150128,72,Town13,MergerIntoSlowTraffic,0,0,0,1,1,0.0,0.0,0.0,0.0,0.3466591536998749,0.001590780891028265
batch_town12_13_20260616_133533_resume_town13_r94_150128,73,Town13,MergerIntoSlowTraffic,0,0,0,1,1,0.0,0.0,0.0,0.0,0.23911722004413605,0.0019165720593368185
batch_town12_13_20260616_133533_resume_town13_r94_150128,75,Town13,MergerIntoSlowTraffic,0,0,0,1,1,0.0,0.0,0.0,0.0,0.2936082184314728,0.0046651590324475745
batch_town12_13_20260616_133533_resume_town13_r94_150128,76,Town13,MergerIntoSlowTraffic,0,0,0,1,1,0.0,0.0,0.0,0.0,0.3423316478729248,0.0027258557715243437
batch_town12_13_20260616_133533_resume_town13_r94_150128,77,Town13,MergerIntoSlowTraffic,0,1,0,0,0,0.09740658700021676,-0.12162592716959142,0.0026744442446562378,-0.07991832220272888,0.15534330904483795,0.01085784328131556
batch_town12_13_20260616_133533_resume_town13_r94_150128,78,Town13,MergerIntoSlowTraffic,0,0,0,1,1,0.0,0.0,0.0,0.0,0.38807812333106995,0.0039309874542580725
batch_town12_13_20260616_133533_resume_town13_r94_150128,79,Town13,MergerIntoSlowTraffic,0,0,0,1,1,0.0,0.0,0.0,0.0,0.3230791389942169,0.005839870791148227
batch_town12_13_20260616_133533_resume_town13_r94_150128,81,Town13,MergerIntoSlowTraffic,0,1,0,0,0,0.10850819545733659,-0.07377729472476052,0.019310332814082676,-0.012760346091324481,0.41809341311454773,0.001951570517189083
batch_town12_13_20260616_133533_resume_town13_r94_150128,82,Town13,MergerIntoSlowTraffic,0,5,0,0,0,0.08037665015784645,-0.1756996684364578,0.07045167532411678,-0.053739250298740104,0.4256526827812195,-2.545746694293527e-05
batch_town12_13_20260616_133533_resume_town13_r94_150128,83,Town13,MergerIntoSlowTraffic,0,0,0,1,1,0.0,0.0,0.0,0.0,0.4710797667503357,0.0016480788650432565
batch_town12_13_20260616_133533_resume_town13_r94_150128,84,Town13,MergerIntoSlowTraffic,0,6,0,0,0,0.014954845063251954,-0.31166862705924214,0.02595026393021327,-0.18239836921799651,0.47739851474761963,-0.0015367616957555619
batch_town12_13_20260616_133533_resume_town13_r94_150128,86,Town13,MergerIntoSlowTraffic,0,1,0,0,0,0.039416202298590886,-0.06187303187758131,-0.006368651541895587,-0.06421168870908589,0.5520380735397339,-0.00023146564254661328
batch_town12_13_20260616_133533_resume_town13_r94_150128,87,Town13,MergerIntoSlowTraffic,0,0,0,1,1,0.0,0.0,0.0,0.0,0.6128305196762085,-0.006274778549991922
batch_town12_13_20260616_133533_resume_town13_r94_150128,88,Town13,MergerIntoSlowTraffic,0,5,0,0,0,0.12210550212661841,-0.1959119365547708,0.04035871502234967,-0.06738899925813763,0.6608898639678955,-0.001352503709648012
batch_town12_13_20260616_133533_resume_town13_r94_150128,89,Town13,MergerIntoSlowTraffic,0,6,0,0,0,0.06852448156258895,-0.20489439843074164,0.023757956277070003,-0.10554733255439175,0.6312190890312195,-0.0008901395935190237
batch_town12_13_20260616_133533_resume_town13_r94_150128,91,Town13,MergerIntoSlowTraffic,0,5,0,0,0,0.038726280134909974,-0.19096563006291536,0.014852088071219183,-0.11254259783879134,0.6245262622833252,-0.001021729644658631
batch_town12_13_20260616_133533_resume_town13_r94_150128,92,Town13,MergerIntoSlowTraffic,0,5,0,0,0,0.0008511386000940036,-0.09400343474567924,0.0008186621109570469,-0.07075819183589993,0.606036901473999,-0.0009961482153766354
batch_town12_13_20260616_133533_resume_town13_r94_150128,93,Town13,MergerIntoSlowTraffic,0,0,0,1,1,0.0,0.0,0.0,0.0,0.4974031150341034,7.945081595583936e-05
batch_town12_13_20260616_133533_resume_town13_r94_150128,94,Town13,MergerIntoSlowTraffic,0,5,0,0,0,0.02127129302148667,-0.3083502177419354,0.012850643097784609,-0.20768483040398966,0.509709894657135,-0.0005314998892149703
batch_town12_13_20260616_133533_resume_town13_r94_150128,96,Town13,MergerIntoSlowTraffic,0,5,0,0,0,0.07912540805187596,-0.22672720450998948,0.013662200612829162,-0.15182497739913464,0.556970477104187,0.0007902739037828344
batch_town12_13_20260616_133533_resume_town13_r94_150128,97,Town13,MergerIntoSlowTraffic,0,3,0,0,0,0.03265466474647849,-0.14703926811539886,0.0073832072054945685,-0.10612089836025451,0.5142343640327454,0.0014254037849956713
batch_town12_13_20260616_133533_resume_town13_r94_150128,98,Town13,MergerIntoSlowTraffic,0,3,0,0,0,0.05060456262763169,-0.26322839313692414,0.0023168404419152133,-0.20247485649453772,0.4540320038795471,0.0004497018588287549
batch_town12_13_20260616_133533_resume_town13_r94_150128,99,Town13,MergerIntoSlowTraffic,0,0,0,1,1,0.0,0.0,0.0,0.0,0.36619386076927185,-0.0008440995385639027
batch_town12_13_20260616_133533_resume_town13_r94_150128,101,Town13,MergerIntoSlowTraffic,0,0,0,1,1,0.0,0.0,0.0,0.0,0.37207379937171936,0.0014215244112332215
batch_town12_13_20260616_133533_resume_town13_r94_150128,102,Town13,MergerIntoSlowTraffic,0,4,0,0,0,0.08971676195805545,-0.20490489211999258,0.01407797044727288,-0.14341285025723702,0.39471226930618286,0.0004327066319687045
batch_town12_13_20260616_133533_resume_town13_r94_150128,103,Town13,MergerIntoSlowTraffic,0,2,0,0,0,0.10921559320797924,-0.07271847237718793,0.033464572321632025,-0.038570317798297477,0.39928653836250305,6.860924642881905e-05
batch_town12_13_20260616_133533_resume_town13_r94_150128,104,Town13,MergerIntoSlowTraffic,0,4,0,0,0,0.05286866321343675,-0.2318475039759427,0.02016606962833012,-0.1331269228908883,0.3401179611682892,-0.00045976190951702023
batch_town12_13_20260616_133533_resume_town13_r94_150128,106,Town13,MergerIntoSlowTraffic,0,2,0,0,0,0.02583943100271502,-0.013978720328915131,0.0,-0.010836485154619935,0.3727574646472931,0.0009408800596319988
batch_town12_13_20260616_133533_resume_town13_r94_150128,107,Town13,MergerIntoSlowTraffic,0,0,0,1,1,0.0,0.0,0.0,0.0,0.3361845314502716,0.001067209835027283
batch_town12_13_20260616_133533_resume_town13_r94_150128,108,Town13,MergerIntoSlowTraffic,0,0,0,1,1,0.0,0.0,0.0,0.0,0.33310896158218384,0.00010633841781637621
batch_town12_13_20260616_133533_resume_town13_r94_150128,109,Town13,MergerIntoSlowTraffic,0,1,0,0,0,0.12277257928962637,-0.12258023229815337,0.000424553253923321,-0.09434621293880335,0.34401771426200867,-0.0005686675599729796
batch_town12_13_20260616_133533_resume_town13_r94_150128,111,Town13,MergerIntoSlowTraffic,0,0,0,1,1,0.0,0.0,0.0,0.0,0.3721800446510315,0.0006066959739747801
batch_town12_13_20260616_133533_resume_town13_r94_150128,112,Town13,MergerIntoSlowTraffic,0,3,0,0,0,0.0324461658162265,-0.2828045022969364,0.016936671109810286,-0.17981386579253678,0.404611736536026,0.0007912598074899524
batch_town12_13_20260616_133533_resume_town13_r94_150128,113,Town13,MergerIntoSlowTraffic,0,0,0,1,1,0.0,0.0,0.0,0.0,0.36621686816215515,0.001422084413528868
batch_town12_13_20260616_133533_resume_town13_r94_150128,114,Town13,MergerIntoSlowTraffic,0,1,0,0,0,0.07734254483147396,-0.024256322272204256,0.01395208819438587,0.012980023308913291,0.339158296585083,0.00024364255258069178
batch_town12_13_20260616_133533_resume_town13_r94_150128,116,Town13,MergerIntoSlowTraffic,0,1,0,0,0,0.03489325964825207,-0.06074870193563489,0.018575533460568783,-0.00014603161951287635,0.45869335532188416,0.0022169670298919364
batch_town12_13_20260616_133533_resume_town13_r94_150128,117,Town13,MergerIntoSlowTraffic,0,2,0,0,0,0.10727490182202248,-0.18868371064859943,0.023172223320023222,-0.09203111986727414,0.39103055000305176,0.00041457061113447935
batch_town12_13_20260616_133533_resume_town13_r94_150128,118,Town13,MergerIntoSlowTraffic,0,1,0,0,0,0.02951883366025765,-0.15927040683372023,0.013667101179400065,-0.10423066223333233,0.4671960473060608,-0.000250729346933376
batch_town12_13_20260616_133533_resume_town13_r94_150128,119,Town13,MergerIntoSlowTraffic,0,0,0,1,1,0.0,0.0,0.0,0.0,0.2837163507938385,0.00594817373679235
batch_town12_13_20260616_133533_resume_town13_r94_150128,121,Town13,MergerIntoSlowTraffic,0,0,0,1,1,0.0,0.0,0.0,0.0,0.48407694697380066,0.013874020140669074
batch_town12_13_20260616_133533_resume_town13_r94_150128,122,Town13,MergerIntoSlowTraffic,0,0,0,1,1,0.0,0.0,0.0,0.0,0.3386472761631012,0.001071278373444784
batch_town12_13_20260616_133533_resume_town13_r94_150128,123,Town13,MergerIntoSlowTraffic,0,2,0,0,0,0.12488827323572793,-0.23105848369543636,0.021344180891005538,-0.13103345632553098,0.4694957733154297,0.0018870228545921908
batch_town12_13_20260616_133533_resume_town13_r94_150128,124,Town13,MergerIntoSlowTraffic,0,2,0,0,0,0.15475413346339106,-0.04174061796069051,0.017413550436590763,-0.007520616258578583,0.5410012602806091,0.0026871434121598647
batch_town12_13_20260616_133533_resume_town13_r94_150128,126,Town13,MergerIntoSlowTraffic,0,6,0,0,0,0.21715719754426965,-0.19145721963289786,0.14882363888736339,0.10675256876494496,0.47917094826698303,0.0013618437117315363
batch_town12_13_20260616_133533_resume_town13_r94_150128,127,Town13,MergerIntoSlowTraffic,0,0,0,1,1,0.0,0.0,0.0,0.0,0.5300835967063904,0.0029585389962777653
batch_town12_13_20260616_133533_resume_town13_r94_150128,128,Town13,MergerIntoSlowTraffic,0,0,0,1,1,0.0,0.0,0.0,0.0,0.530200183391571,0.001858846123701241
batch_town12_13_20260616_133533_resume_town13_r94_150128,129,Town13,MergerIntoSlowTraffic,0,0,0,1,1,0.0,0.0,0.0,0.0,0.5744496583938599,0.0010436176312911272
batch_town12_13_20260616_133533_resume_town13_r94_150128,131,Town13,MergerIntoSlowTraffic,0,0,0,1,1,0.0,0.0,0.0,0.0,0.5643317103385925,0.0019113808942436972
batch_town12_13_20260616_133533_resume_town13_r94_150128,132,Town13,MergerIntoSlowTraffic,0,1,0,0,0,0.06427809962359987,-0.13418987384310754,-0.004313668831095074,-0.11289689093828198,0.4921039044857025,-0.00048298571040517047
batch_town12_13_20260616_133533_resume_town13_r94_150128,133,Town13,MergerIntoSlowTraffic,0,5,0,0,0,0.021883855800075125,-0.3080819729624882,0.019142300186685945,-0.20473041473697678,0.5800852179527283,0.0005420572875933782
batch_town12_13_20260616_133533_resume_town13_r94_150128,134,Town13,MergerIntoSlowTraffic,0,6,0,0,0,0.015434268147067831,-0.22018301922827954,0.0,-0.170307307690382,0.5098809003829956,-8.486827905063166e-05
batch_town12_13_20260616_133533_resume_town13_r94_150128,136,Town13,MergerIntoSlowTraffic,0,0,0,1,1,0.0,0.0,0.0,0.0,0.5691977739334106,-9.809744364952522e-05
batch_town12_13_20260616_133533_resume_town13_r94_150128,137,Town13,MergerIntoSlowTraffic,0,0,0,1,1,0.0,0.0,0.0,0.0,0.541996955871582,0.00022047568838079457
batch_town12_13_20260616_133533_resume_town13_r94_150128,138,Town13,MergerIntoSlowTraffic,0,0,0,1,1,0.0,0.0,0.0,0.0,0.5835360288619995,0.002216314880061354
batch_town12_13_20260616_133533_resume_town13_r94_150128,139,Town13,MergerIntoSlowTraffic,0,6,0,0,0,0.11374042288036201,-0.3278995247619836,0.017919860338587834,-0.216327896558065,0.5311640501022339,5.9558185913966e-05
batch_town12_13_20260616_133533_resume_town13_r94_150128,141,Town13,MergerIntoSlowTraffic,0,5,0,0,0,0.12183603315665237,-0.290770306025925,0.021206897653639922,-0.18121452131433724,0.5470260381698608,0.0004281786669186882
batch_town12_13_20260616_133533_resume_town13_r94_150128,142,Town13,MergerIntoSlowTraffic,0,1,0,0,0,0.026124685492527222,-0.0018663642184043594,-0.0036572712383934336,-0.011500802645433683,0.6249512434005737,0.0023403482714610124
batch_town12_13_20260616_133533_resume_town13_r94_150128,143,Town13,MergerIntoSlowTraffic,0,1,0,0,0,0.10825818596352299,-0.02605314031243311,0.0,-0.020151600241661072,0.5161718726158142,0.0009043688464145383
batch_town12_13_20260616_133533_resume_town13_r94_150128,144,Town13,MergerIntoSlowTraffic,0,0,0,1,1,0.0,0.0,0.0,0.0,0.6344131827354431,0.000289147515041277
batch_town12_13_20260616_133533_resume_town13_r94_150128,145,Town13,MergerIntoSlowTraffic,0,2,0,0,0,0.00227896204804634,-0.05207114483684938,0.0034336125811388896,-0.0324225187055896,0.5982900857925415,0.001787824347608158
batch_town12_13_20260616_133533_resume_town13_r94_150128,147,Town13,MergerIntoSlowTraffic,0,0,0,1,1,0.0,0.0,0.0,0.0,0.6232476234436035,0.001957031569676193
batch_town12_13_20260616_133533_resume_town13_r94_150128,148,Town13,MergerIntoSlowTraffic,0,0,0,1,1,0.0,0.0,0.0,0.0,0.5865947604179382,0.0022465327163094795
batch_town12_13_20260616_133533_resume_town13_r94_150128,149,Town13,MergerIntoSlowTraffic,0,3,0,0,0,0.040392394369650475,-0.26493732249955976,0.016782008963949324,-0.1687373647582539,0.6012606620788574,0.0011891539870931833
batch_town12_13_20260616_133533_resume_town13_r94_150128,150,Town13,MergerIntoSlowTraffic,0,4,0,0,0,0.054575632350879255,-0.2498179160856096,0.00874535546879951,-0.17410210653677155,0.5778295397758484,0.000734182088558466
batch_town12_13_20260616_133533_resume_town13_r94_150128,152,Town13,MergerIntoSlowTraffic,0,0,0,1,1,0.0,0.0,0.0,0.0,0.5797574520111084,0.0020026375760292536
batch_town12_13_20260616_133533_resume_town13_r94_150128,153,Town13,MergerIntoSlowTraffic,0,1,0,0,0,0.05261138468206483,-0.14135748922816566,0.0012340828311468433,-0.10597102754661392,0.5937303900718689,0.0010107539246648756
batch_town12_13_20260616_133533_resume_town13_r94_150128,154,Town13,MergerIntoSlowTraffic,0,0,0,1,1,0.0,0.0,0.0,0.0,0.561107873916626,0.0014625710811702053
batch_town12_13_20260616_133533_resume_town13_r94_150128,155,Town13,MergerIntoSlowTraffic,0,0,0,1,1,0.0,0.0,0.0,0.0,0.5713136196136475,0.0016987124371565798
batch_town12_13_20260616_133533_resume_town13_r94_150128,157,Town13,MergerIntoSlowTraffic,0,0,0,1,1,0.0,0.0,0.0,0.0,0.6464247703552246,0.0018037443326022196
batch_town12_13_20260616_133533_resume_town13_r94_150128,158,Town13,MergerIntoSlowTraffic,0,2,0,0,0,0.0252956247556968,-0.08355865507634075,0.01855455261732053,-0.026295120695605634,0.6254419684410095,0.0018151895433997645
batch_town12_13_20260616_133533_resume_town13_r94_150128,159,Town13,MergerIntoSlowTraffic,0,5,0,0,0,0.14172863599427266,-0.23844839908236692,-0.053742972168400516,-0.24252880500419802,0.6862995028495789,0.0025398941797709074
batch_town12_13_20260616_133533_resume_town13_r94_150128,160,Town13,MergerIntoSlowTraffic,0,0,0,1,1,0.0,0.0,0.0,0.0,0.6224996447563171,0.00032671074594925464
batch_town12_13_20260616_133533_resume_town13_r94_150128,162,Town13,MergerIntoSlowTraffic,0,0,0,1,1,0.0,0.0,0.0,0.0,0.6886806488037109,0.003038227018599182
batch_town12_13_20260616_133533_resume_town13_r94_150128,163,Town13,MergerIntoSlowTraffic,0,2,0,0,0,0.029972489171359085,-0.03139439705213842,-0.0027766272615461496,-0.029056228697299957,0.6452524065971375,0.0008581896336983252
batch_town12_13_20260616_133533_resume_town13_r94_150128,164,Town13,MergerIntoSlowTraffic,0,0,0,1,1,0.0,0.0,0.0,0.0,0.6866236329078674,-0.0028364296322473947
batch_town12_13_20260616_133533_resume_town13_r94_150128,165,Town13,MergerIntoSlowTraffic,0,6,0,0,0,0.00675519623925136,-0.21795426659952932,0.11519137269884783,-0.006463337777962319,0.705146312713623,0.001714789747210288
batch_town12_13_20260616_133533_resume_town13_r94_150128,167,Town13,MergerIntoSlowTraffic,0,0,0,1,1,0.0,0.0,0.0,0.0,0.7038896083831787,-0.0025358582328753876
batch_town12_13_20260616_133533_resume_town13_r94_150128,168,Town13,MergerIntoSlowTraffic,0,5,0,0,0,0.03619551055277603,-0.2608702293106133,0.024421405873893187,-0.1516697881743312,0.6674542427062988,0.0017336571422801317
batch_town12_13_20260616_133533_resume_town13_r94_150128,169,Town13,MergerIntoSlowTraffic,0,3,0,0,0,0.07002464360457639,-0.2271466475352648,0.0,-0.1756935395300388,0.6528909206390381,0.0016984294393409538
batch_town12_13_20260616_133533_resume_town13_r94_150128,170,Town13,MergerIntoSlowTraffic,0,2,0,0,0,0.010246651158187792,-0.18062721395561532,0.017733166207307693,-0.1060352751792712,0.7403593063354492,0.0016373614699383143
batch_town12_13_20260616_133533_resume_town13_r94_150128,172,Town13,MergerIntoSlowTraffic,0,2,0,0,0,0.1155697838601597,-0.015413433032637869,0.013146809001156834,0.009051349634213168,0.7407534718513489,0.0035854296096012317
batch_town12_13_20260616_133533_resume_town13_r94_150128,173,Town13,MergerIntoSlowTraffic,0,1,0,0,0,0.03429129026706246,-0.08278337131907598,0.023994737948554112,-0.013112563330561544,0.7491781115531921,0.003567412893603905
batch_town12_13_20260616_133533_resume_town13_r94_150128,174,Town13,MergerIntoSlowTraffic,0,3,0,0,0,0.0395342925887785,-0.02917169158888111,-0.09055150789369515,-0.14294500745018582,0.7569115161895752,0.0018943098142298886
batch_town12_13_20260616_133533_resume_town13_r94_150128,175,Town13,MergerIntoSlowTraffic,0,3,0,0,0,0.018269898321439992,-0.1092691385359208,-0.1048773666226348,-0.23725778560485553,0.7584603428840637,0.0017805461906821307
batch_town12_13_20260616_133533_resume_town13_r94_150128,177,Town13,MergerIntoSlowTraffic,0,0,0,1,1,0.0,0.0,0.0,0.0,0.6913053393363953,0.0012780724251797437
batch_town12_13_20260616_133533_resume_town13_r94_150128,178,Town13,MergerIntoSlowTraffic,0,0,0,1,1,0.0,0.0,0.0,0.0,0.7147499322891235,0.001934463945390985
batch_town12_13_20260616_133533_resume_town13_r94_150128,179,Town13,MergerIntoSlowTraffic,0,5,0,0,0,0.05003670374484437,-0.19706308086763968,-0.0793381975667633,-0.2492369646498648,0.7684110403060913,0.0016282487904417664
batch_town12_13_20260616_133533_resume_town13_r94_150128,180,Town13,MergerIntoSlowTraffic,0,6,0,0,0,0.10607129431594564,-0.2466569829849785,0.026417914476919657,-0.13720427043735978,0.7029772996902466,0.0013907742918666255
batch_town12_13_20260616_133533_resume_town13_r94_150128,182,Town13,MergerIntoSlowTraffic,0,6,0,0,0,0.018015898290884014,-0.12588992415695088,0.13259175612308294,0.11743200886522681,0.766471266746521,0.0017255904871384953
batch_town12_13_20260616_133533_resume_town13_r94_150128,183,Town13,MergerIntoSlowTraffic,0,5,0,0,0,0.0928226138913617,-0.27018511653224353,0.022227925427665163,-0.16400801986455915,0.7255057692527771,0.0018011434122411352
batch_town12_13_20260616_133533_resume_town13_r94_150128,184,Town13,MergerIntoSlowTraffic,0,6,0,0,0,0.07549175939023334,-0.21139270408957955,0.16251833747623357,0.11489892979305247,0.7458491325378418,0.0018586685711339257
batch_town12_13_20260616_133533_resume_town13_r94_150128,185,Town13,MergerIntoSlowTraffic,0,0,0,1,1,0.0,0.0,0.0,0.0,0.7401480674743652,0.0021777530096080966
batch_town12_13_20260616_133533_resume_town13_r94_150128,187,Town13,MergerIntoSlowTraffic,0,0,0,1,1,0.0,0.0,0.0,0.0,0.7773261070251465,-0.0025893049268885804
batch_town12_13_20260616_133533_resume_town13_r94_150128,188,Town13,MergerIntoSlowTraffic,0,0,0,1,1,0.0,0.0,0.0,0.0,0.7941637635231018,-0.00047044765231829544
batch_town12_13_20260616_133533_resume_town13_r94_150128,189,Town13,MergerIntoSlowTraffic,0,0,0,1,1,0.0,0.0,0.0,0.0,0.7892760038375854,-0.0014859606848287576
batch_town12_13_20260616_133533_resume_town13_r94_150128,190,Town13,MergerIntoSlowTraffic,0,6,0,0,0,0.04602122055295155,-0.28023840958295265,0.023011351422493442,-0.1672416226938367,0.7935453653335571,0.0025912241493878385
batch_town12_13_20260616_133533_resume_town13_r94_150128,192,Town13,MergerIntoSlowTraffic,0,5,0,0,0,0.08497020582771975,-0.22622728698804595,0.033222398128703645,-0.10425753814843458,0.7637516260147095,0.0021076435315692255
batch_town12_13_20260616_133533_resume_town13_r94_150128,193,Town13,MergerIntoSlowTraffic,0,5,0,0,0,0.09638508414012437,-0.32779580097886907,0.02631614746426214,-0.19821290820837018,0.771869957447052,0.0022371140021135716
batch_town12_13_20260616_133533_resume_town13_r94_150128,194,Town13,MergerIntoSlowTraffic,0,4,0,0,0,0.05018522345007215,-0.2409669282379463,0.007142562290815002,-0.17058044895529745,0.7916820645332336,0.002627479756206308
batch_town12_13_20260616_133533_resume_town13_r94_150128,195,Town13,MergerIntoSlowTraffic,0,4,0,0,0,0.051052852033069085,-0.22694309470031504,0.02772427148608725,-0.11996761038899423,0.8013683557510376,0.002977888597337719
batch_town12_13_20260616_133533_resume_town13_r94_150128,197,Town13,MergerIntoSlowTraffic,0,1,0,0,0,0.18052163796198517,-0.01806998780233393,0.0,0.023349116119979862,0.621127724647522,0.00926502444409838
batch_town12_13_20260616_133533_resume_town13_r94_150128,198,Town13,MergerIntoSlowTraffic,0,0,0,1,1,0.0,0.0,0.0,0.0,0.6088330149650574,-0.0008160185137509046
batch_town12_13_20260616_133533_resume_town13_r94_150128,199,Town13,MergerIntoSlowTraffic,0,0,0,1,1,0.0,0.0,0.0,0.0,0.6115660667419434,0.0024244023685366933
batch_town12_13_20260616_133533_resume_town13_r94_150128,200,Town13,MergerIntoSlowTraffic,0,1,0,0,0,0.10795055286106847,-0.044235510794419786,0.0,0.004204933175629477,0.6110395789146423,0.0077091721263129465
batch_town12_13_20260616_133533_resume_town13_r94_150128,202,Town13,MergerIntoSlowTraffic,0,1,0,0,0,0.13855337038106907,-0.043849357708175496,0.0,0.0006728370109609361,0.5929356217384338,0.007091126997410768
batch_town12_13_20260616_133533_resume_town13_r94_150128,203,Town13,MergerIntoSlowTraffic,0,1,0,0,0,0.18053450253497916,-0.0478280714236789,0.0,-0.003233562743679863,0.5945411920547485,0.006847639123014115
batch_town12_13_20260616_133533_resume_town13_r94_150128,204,Town13,MergerIntoSlowTraffic,0,0,0,1,1,0.0,0.0,0.0,0.0,0.564077615737915,0.0019300855327935018
batch_town12_13_20260616_133533_resume_town13_r94_150128,205,Town13,MergerIntoSlowTraffic,0,1,0,0,0,0.10694350479163828,-0.018785968124866326,0.0,-0.006975460052490223,0.528374195098877,0.00026420812183602926
batch_town12_13_20260616_133533_resume_town13_r94_150128,207,Town13,MergerIntoSlowTraffic,0,4,0,0,0,0.11306515493700808,-0.3100037280814754,0.0,-0.22786420958806747,0.5188421010971069,0.0010176037453868414
batch_town12_13_20260616_133533_resume_town13_r94_150128,208,Town13,MergerIntoSlowTraffic,0,0,0,1,1,0.0,0.0,0.0,0.0,0.5385218262672424,0.0007157988426305106
batch_town12_13_20260616_133533_resume_town13_r94_150128,209,Town13,MergerIntoSlowTraffic,0,6,0,0,0,0.21803915705953125,-0.3525237314428342,0.0,-0.2325611445657598,0.5978257060050964,0.005060979143347799
batch_town12_13_20260616_133533_resume_town13_r96_150638,0,Town13,HighwayCutIn,0,6,0,0,0,0.014155020707280919,-0.3243800239467621,0.0,-0.20880001773834228,1.952968341356609e-05,0.013514603550237148
batch_town12_13_20260616_133533_resume_town13_r96_150638,1,Town13,HighwayCutIn,0,6,0,0,0,0.015592416847288071,-0.4948744140148163,0.0,-0.3439278970956802,1.9601520762080327e-05,0.013845944360024731
batch_town12_13_20260616_133533_resume_town13_r96_150638,2,Town13,HighwayCutIn,0,6,0,0,0,0.013835787419931078,-0.6046400000000001,0.0,-0.4164,1.9663699276861735e-05,0.014130481713734433
batch_town12_13_20260616_133533_resume_town13_r96_150638,3,Town13,HighwayCutIn,0,6,0,0,0,0.013586349515701812,-0.36869405905832275,0.0,-0.24162522893209093,6.008403033774812e-06,0.011880343793975179
batch_town12_13_20260616_133533_resume_town13_r96_150638,5,Town13,HighwayCutIn,0,6,0,0,0,0.012124972108543908,-0.12597760659041402,0.0,-0.061835264141047425,2.0535557268885896e-05,0.01177471425059462
batch_town12_13_20260616_133533_resume_town13_r96_150638,6,Town13,HighwayCutIn,0,6,0,0,0,0.01190798738567267,-0.12715005467956514,0.0,-0.0627037442070853,2.0527217202470638e-05,0.011541530043854387
batch_town12_13_20260616_133533_resume_town13_r96_150638,7,Town13,HighwayCutIn,0,6,0,0,0,0.011952916959391935,-0.12427288004748456,0.0,-0.06057250373887745,2.052856689260807e-05,0.011592339295617649
batch_town12_13_20260616_133533_resume_town13_r96_150638,8,Town13,HighwayCutIn,0,6,0,0,0,0.013982144010940445,-0.13693345196597212,0.0,-0.08069716432618824,2.052856689260807e-05,0.011592339295617649
batch_town12_13_20260616_133533_resume_town13_r96_150638,9,Town13,HighwayCutIn,0,6,0,0,0,0.012016135589018262,-0.11439534592766136,0.0,-0.053255811798267674,2.0519506506389007e-05,0.011648082560918205
batch_town12_13_20260616_133533_resume_town13_r96_150638,10,Town13,HighwayCutIn,0,6,0,0,0,0.012016135589018262,-0.11439534592766136,0.0,-0.053255811798267674,2.0519506506389007e-05,0.011648082560918205
batch_town12_13_20260616_133533_resume_town13_r96_150638,23,Town13,HighwayCutIn,0,1,0,0,0,2.228197657316855e-05,-4.0000001899909154e-05,0.0,0.0,0.03340425342321396,-0.0012346177949540404
batch_town12_13_20260616_133533_resume_town13_r96_150638,24,Town13,HighwayCutIn,0,0,0,1,1,0.0,0.0,0.0,0.0,0.03344576433300972,-0.0012769333664137683
batch_town12_13_20260616_133533_resume_town13_r96_150638,25,Town13,HighwayCutIn,0,4,0,0,0,0.011568514963084808,-0.05285433921662594,-0.0026581095218763257,-0.03960505771636963,0.02964797616004944,0.0025513680462043165
batch_town12_13_20260616_133533_resume_town13_r96_150638,26,Town13,HighwayCutIn,0,5,0,0,0,0.00557936973824491,-0.0750504946898686,-0.004380972685581255,-0.06384876394271838,0.035709645599126816,0.0022672320118655165
batch_town12_13_20260616_133533_resume_town13_r96_150638,27,Town13,HighwayCutIn,0,3,0,0,0,0.01670799430329878,-0.02019962811346676,-0.000577232766037411,-0.008199950695037816,0.03170459717512131,0.0030962884873828034
batch_town12_13_20260616_133533_resume_town13_r96_150638,28,Town13,HighwayCutIn,0,5,0,0,0,0.007274411967639727,-0.1081395706820068,-0.006858727211308632,-0.09529500389099121,0.03646288812160492,0.002637887651714743
batch_town12_13_20260616_133533_resume_town13_r96_150638,30,Town13,HighwayCutIn,0,2,0,0,0,0.016107902607965296,-0.022136116111995396,-0.0008725258693223353,-0.01161838245391833,0.03690684586763382,0.002782835162293551
batch_town12_13_20260616_133533_resume_town13_r96_150638,31,Town13,HighwayCutIn,0,5,0,0,0,0.0012869502699599522,-0.05328274701417263,-0.0036577372900610666,-0.04741149473190309,0.045663151890039444,0.0015765600166783855
batch_town12_13_20260616_133533_resume_town13_r96_150638,32,Town13,HighwayCutIn,0,0,0,1,1,0.0,0.0,0.0,0.0,0.04758511483669281,-0.0002742284666759076
batch_town12_13_20260616_133533_resume_town13_r96_150638,33,Town13,HighwayCutIn,0,0,0,1,1,0.0,0.0,0.0,0.0,0.051833245903253555,-0.0001567336171302003
batch_town12_13_20260616_133533_resume_town13_r96_150638,34,Town13,HighwayCutIn,0,3,0,0,0,0.02082270623467619,-0.04736879619730594,-0.002982202354082003,-0.035153829574584905,0.04518710821866989,0.0039881151332605835
batch_town12_13_20260616_133533_resume_town13_r96_150638,35,Town13,HighwayCutIn,0,5,0,0,0,0.007059724442280035,-0.05203731748836038,-0.003908995821732958,-0.04461060333251943,0.053318727761507034,0.0031581601256318037
batch_town12_13_20260616_133533_resume_town13_r96_150638,36,Town13,HighwayCutIn,0,0,0,1,1,0.0,0.0,0.0,0.0,0.056913286447525024,0.0005141262834622573
batch_town12_13_20260616_133533_resume_town13_r96_150638,38,Town13,HighwayCutIn,0,1,0,0,0,0.00031381649158368496,-0.00019999999552955394,0.0,0.0,0.06028828024864197,0.0011653731805771894
batch_town12_13_20260616_133533_resume_town13_r96_150638,39,Town13,HighwayCutIn,0,3,0,0,0,0.01707928073995757,-0.04176770964654497,-0.0032237702262966905,-0.03231116008758539,0.05029766261577606,0.0040027274473422025
batch_town12_13_20260616_133533_resume_town13_r96_150638,40,Town13,HighwayCutIn,0,0,0,1,1,0.0,0.0,0.0,0.0,0.05049636960029602,0.0003742508204314099
batch_town12_13_20260616_133533_resume_town13_r96_150638,41,Town13,HighwayCutIn,0,1,0,0,0,0.00036219661982750395,-0.00024000000208612704,0.0,0.0,0.054712533950805664,0.00042798444538671987
batch_town12_13_20260616_133533_resume_town13_r96_150638,42,Town13,HighwayCutIn,0,2,0,0,0,0.01719019371853897,-0.0073008102970197886,0.0,0.0,0.0626508891582489,0.0030082694242205554
batch_town12_13_20260616_133533_resume_town13_r96_150638,43,Town13,HighwayCutIn,0,1,0,0,0,0.0001920764026948074,-0.00012000000104306352,0.0,0.0,0.07268600910902023,0.001489657212272677
batch_town12_13_20260616_133533_resume_town13_r96_150638,45,Town13,HighwayCutIn,0,0,0,1,1,0.0,0.0,0.0,0.0,0.07988398522138596,0.0019099129016038052
batch_town12_13_20260616_133533_resume_town13_r96_150638,46,Town13,HighwayCutIn,0,3,0,0,0,0.012365308966540978,-0.01774689555412627,-0.0015742844560804325,-0.012363241195678665,0.07739771902561188,0.003974935039096961
batch_town12_13_20260616_133533_resume_town13_r96_150638,47,Town13,HighwayCutIn,0,0,0,1,1,0.0,0.0,0.0,0.0,0.10230234265327454,0.0020389848153303802
batch_town12_13_20260616_133533_resume_town13_r96_150638,48,Town13,HighwayCutIn,0,3,0,0,0,0.01739085303963156,-0.044387056329053494,-0.00753274393646719,-0.05462944364547728,0.10273350030183792,0.0032646600137173354
batch_town12_13_20260616_133533_resume_town13_r96_150638,49,Town13,HighwayCutIn,0,2,0,0,0,0.02631757680620339,-0.03951090687335625,-0.004587920192739903,-0.032007862472533954,0.08468542248010635,0.004917481083526853
batch_town12_13_20260616_133533_resume_town13_r96_150638,50,Town13,HighwayCutIn,0,5,0,0,0,0.002905639324002618,-0.08469671854548333,-0.012474325386583107,-0.08384382677078261,0.0856420248746872,0.005076339126046214
batch_town12_13_20260616_133533_resume_town13_r96_150638,52,Town13,HighwayCutIn,0,0,0,1,1,0.0,0.0,0.0,0.0,0.0821782574057579,0.003359044748459661
batch_town12_13_20260616_133533_resume_town13_r96_150638,53,Town13,HighwayCutIn,0,4,0,0,0,0.015180096831597656,-0.06142482620819839,-0.009681486054462729,-0.058751580619812005,0.10610414296388626,0.00453689003840041
batch_town12_13_20260616_133533_resume_town13_r96_150638,54,Town13,HighwayCutIn,0,0,0,1,1,0.0,0.0,0.0,0.0,0.14557941257953644,0.003267636454012457
batch_town12_13_20260616_133533_resume_town13_r96_150638,55,Town13,HighwayCutIn,0,0,0,1,1,0.0,0.0,0.0,0.0,0.17817926406860352,0.004341929078651718
batch_town12_13_20260616_133533_resume_town13_r96_150638,56,Town13,HighwayCutIn,0,0,0,1,1,0.0,0.0,0.0,0.0,0.15065880119800568,0.004409593088471775
batch_town12_13_20260616_133533_resume_town13_r96_150638,57,Town13,HighwayCutIn,0,0,0,1,1,0.0,0.0,0.0,0.0,0.17413190007209778,0.004380098198331073
batch_town12_13_20260616_133533_resume_town13_r96_150638,58,Town13,HighwayCutIn,0,0,0,1,1,0.0,0.0,0.0,0.0,0.20278103649616241,0.004189140412183434
batch_town12_13_20260616_133533_resume_town13_r96_150638,60,Town13,HighwayCutIn,0,0,0,1,1,0.0,0.0,0.0,0.0,0.23465192317962646,0.0032855825610246803
batch_town12_13_20260616_133533_resume_town13_r96_150638,61,Town13,HighwayCutIn,0,0,0,1,1,0.0,0.0,0.0,0.0,0.23767392337322235,0.002823708681019055
batch_town12_13_20260616_133533_resume_town13_r96_150638,62,Town13,HighwayCutIn,0,1,0,0,0,0.05156102658688927,-0.004288359771120395,0.0014434490727266436,0.006987164354324449,0.20233024656772614,0.0034452693694832504
batch_town12_13_20260616_133533_resume_town13_r96_150638,63,Town13,HighwayCutIn,0,5,0,0,0,0.00914080059486011,-0.05481009338179532,-0.016754031855952922,-0.07985393750667602,0.19944648444652557,0.0032737599573757215
batch_town12_13_20260616_133533_resume_town13_r96_150638,64,Town13,HighwayCutIn,0,5,0,0,0,0.037286407041404235,-0.06956720787886878,-0.015796289633097038,-0.07427514030933369,0.2442128211259842,0.0033483661227444173
batch_town12_13_20260616_133533_resume_town13_r96_150638,65,Town13,HighwayCutIn,0,0,0,1,1,0.0,0.0,0.0,0.0,0.26610222458839417,0.001687671589220674
batch_town12_13_20260616_133533_resume_town13_r96_150638,67,Town13,HighwayCutIn,0,2,0,0,0,0.05759966691596485,-0.010520179588347722,0.0,0.0,0.14475975930690765,0.004138221594753633
batch_town12_13_20260616_133533_resume_town13_r96_150638,68,Town13,HighwayCutIn,0,3,0,0,0,0.022684378444780717,-0.03161472724510972,-0.007117032480311647,-0.032563253402710046,0.16177034378051758,0.0032648263287803903
batch_town12_13_20260616_133533_resume_town13_r96_150638,69,Town13,HighwayCutIn,0,1,0,0,0,0.00017379333556133414,-4.000000189985364e-05,0.0,0.0,0.15991775691509247,0.0027008821039311015
batch_town12_13_20260616_133533_resume_town13_r96_150638,70,Town13,HighwayCutIn,0,3,0,0,0,0.035844277681709835,-0.02044514871920522,-0.0041244044420989945,-0.018802134990692165,0.15190832316875458,0.003828927691397588
batch_town12_13_20260616_133533_resume_town13_r96_150638,71,Town13,HighwayCutIn,0,2,0,0,0,0.006951267693873497,-0.021927402189788725,-0.005752033022855152,-0.02620727205276485,0.17965659499168396,0.0030332096602386227
batch_town12_13_20260616_133533_resume_town13_r96_150638,72,Town13,HighwayCutIn,0,0,0,1,1,0.0,0.0,0.0,0.0,0.1873391717672348,0.0025392304178525893
batch_town12_13_20260616_133533_resume_town13_r96_150638,73,Town13,HighwayCutIn,0,3,0,0,0,0.015617088120673639,-0.046888465196763485,-0.01019228974416303,-0.046407190704345735,0.26913848519325256,0.003143482727671343
batch_town12_13_20260616_133533_resume_town13_r96_150638,75,Town13,HighwayCutIn,0,3,0,0,0,0.049146267131834176,-0.04739307721106023,-0.01042745068279538,-0.047303882503509476,0.18738766014575958,0.004267525001067973
batch_town12_13_20260616_133533_resume_town13_r96_150638,76,Town13,HighwayCutIn,0,0,0,1,1,0.0,0.0,0.0,0.0,0.2302693873643875,0.00353535482238726
batch_town12_13_20260616_133533_resume_town13_r96_150638,77,Town13,HighwayCutIn,0,0,0,1,1,0.0,0.0,0.0,0.0,0.21493832767009735,0.0042531634706231
batch_town12_13_20260616_133533_resume_town13_r96_150638,78,Town13,HighwayCutIn,0,1,0,0,0,0.03352177753347796,-0.014800761489923597,-0.00197572414700381,-0.00899691095352173,0.1589706540107727,0.005028626368581923
batch_town12_13_20260616_133533_resume_town13_r96_150638,79,Town13,HighwayCutIn,0,0,0,1,1,0.0,0.0,0.0,0.0,0.1703084260225296,0.0042553088974781605
batch_town12_13_20260616_133533_resume_town13_r96_150638,80,Town13,HighwayCutIn,0,0,0,1,1,0.0,0.0,0.0,0.0,0.16318970918655396,0.004429007937290841
batch_town12_13_20260616_133533_resume_town13_r96_150638,82,Town13,HighwayCutIn,0,0,0,1,1,0.0,0.0,0.0,0.0,0.18831513822078705,0.0038631294101977853
batch_town12_13_20260616_133533_resume_town13_r96_150638,83,Town13,HighwayCutIn,0,0,0,1,1,0.0,0.0,0.0,0.0,0.16351322829723358,0.004479178711520371
batch_town12_13_20260616_133533_resume_town13_r96_150638,84,Town13,HighwayCutIn,0,0,0,1,1,0.0,0.0,0.0,0.0,0.15797315537929535,0.004507861130103041
batch_town12_13_20260616_133533_resume_town13_r96_150638,85,Town13,HighwayCutIn,0,3,0,0,0,0.010770230970381545,-0.017050874046101172,-0.004156072700414737,-0.019044937133788853,0.21629811823368073,0.003355702714692599
batch_town12_13_20260616_133533_resume_town13_r96_150638,86,Town13,HighwayCutIn,0,2,0,0,0,0.051927476498271286,-0.022656390063734988,-0.004177397329819588,-0.019053946495056318,0.1943916231393814,0.004702662329999496
batch_town12_13_20260616_133533_resume_town13_r96_150638,87,Town13,HighwayCutIn,0,5,0,0,0,0.04728935756768338,-0.045698868359089095,-0.013738297472002503,-0.054128180627517786,0.18422232568264008,0.004779929723668808
batch_town12_13_20260616_133533_resume_town13_r96_150638,89,Town13,HighwayCutIn,0,2,0,0,0,0.012784143873847853,-0.01247999999905014,0.0,0.0,0.041320305317640305,0.0010281984644036068
batch_town12_13_20260616_133533_resume_town13_r96_150638,90,Town13,HighwayCutIn,0,5,0,0,0,0.04006539848328944,-0.025136123821139167,0.0,0.0,0.03437645360827446,0.003864106323901495
batch_town12_13_20260616_133533_resume_town13_r96_150638,91,Town13,HighwayCutIn,0,4,0,0,0,0.010832559416216192,-0.013159999996423588,0.0,0.0,0.035873956978321075,0.001738388131573787
batch_town12_13_20260616_133533_resume_town13_r96_150638,92,Town13,HighwayCutIn,0,0,0,1,1,0.0,0.0,0.0,0.0,0.0470292866230011,0.0003294429578184488
batch_town12_13_20260616_133533_resume_town13_r96_150638,93,Town13,HighwayCutIn,0,0,0,1,1,0.0,0.0,0.0,0.0,0.03802844509482384,0.0006819649648031056
batch_town12_13_20260616_133533_resume_town13_r96_150638,94,Town13,HighwayCutIn,0,0,0,1,1,0.0,0.0,0.0,0.0,0.0382063090801239,0.0004258897745925694
batch_town12_13_20260616_133533_resume_town13_r96_150638,95,Town13,HighwayCutIn,0,0,0,1,1,0.0,0.0,0.0,0.0,0.04515939578413963,-0.00018857620920265106
batch_town12_13_20260616_133533_resume_town13_r96_150638,97,Town13,HighwayCutIn,0,5,0,0,0,0.018269545929361364,-0.019038531668484238,0.0,0.0,0.029309239238500595,0.004094326592070097
batch_town12_13_20260616_133533_resume_town13_r96_150638,98,Town13,HighwayCutIn,0,5,0,0,0,0.009655870559908297,-0.013185555152595008,0.0,0.0,0.02820810303092003,0.0031515234429073113
batch_town12_13_20260616_133533_resume_town13_r96_150638,99,Town13,HighwayCutIn,0,5,0,0,0,0.01912350142987912,-0.025251421153079878,0.0,0.0,0.018918855115771294,0.003808160408940775
batch_town12_13_20260616_133533_resume_town13_r96_150638,100,Town13,HighwayCutIn,0,4,0,0,0,0.0023269862976182942,-0.041024425981342594,0.0,-0.032399999999999984,0.03267918527126312,-0.00024304589068702143
batch_town12_13_20260616_133533_resume_town13_r96_150638,101,Town13,HighwayCutIn,0,3,0,0,0,0.006897015349724089,-0.012740000002086083,0.0,0.0,0.022420868277549744,0.0006333992807654454
batch_town12_13_20260616_133533_resume_town13_r96_150638,102,Town13,HighwayCutIn,0,2,0,0,0,0.006801720551420809,-0.012300000004470402,0.0,0.0,0.023124588653445244,0.000315707730944359
batch_town12_13_20260616_133533_resume_town13_r96_150638,104,Town13,HighwayCutIn,0,4,0,0,0,0.00725786221229785,-0.012719999998807907,0.0,0.0,0.02455194666981697,0.0007856678380782078
batch_town12_13_20260616_133533_resume_town13_r96_150638,105,Town13,HighwayCutIn,0,3,0,0,0,0.007178136118885181,-0.012320000007748577,0.0,0.0,0.024887876585125923,0.0007083832135690304
batch_town12_13_20260616_133533_resume_town13_r96_150638,106,Town13,HighwayCutIn,0,0,0,1,1,0.0,0.0,0.0,0.0,0.034836843609809875,8.336330452607399e-06
batch_town12_13_20260616_133533_resume_town13_r96_150638,107,Town13,HighwayCutIn,0,0,0,1,1,0.0,0.0,0.0,0.0,0.029081027954816818,0.0003234080434471043
batch_town12_13_20260616_133533_resume_town13_r96_150638,108,Town13,HighwayCutIn,0,0,0,1,1,0.0,0.0,0.0,0.0,0.031736820936203,6.186487095516391e-05
batch_town12_13_20260616_133533_resume_town13_r96_150638,109,Town13,HighwayCutIn,0,0,0,1,1,0.0,0.0,0.0,0.0,0.038124144077301025,-0.0004363755394005686
batch_town12_13_20260616_133533_resume_town13_r96_150638,111,Town13,HighwayCutIn,0,5,0,0,0,0.01893682413090153,-0.022284200703725165,0.0,0.0,0.024119453504681587,0.003542915602545438
batch_town12_13_20260616_133533_resume_town13_r96_150638,112,Town13,HighwayCutIn,0,4,0,0,0,0.006969177440966812,-0.012439999999478424,0.0,0.0,0.023914795368909836,0.000287887790813679
batch_town12_13_20260616_133533_resume_town13_r96_150638,113,Town13,HighwayCutIn,0,3,0,0,0,0.009076519835225394,-0.024352331636473545,0.0,0.0,0.029134005308151245,-0.0016910013113156097
batch_town12_13_20260616_133533_resume_town13_r96_150638,114,Town13,HighwayCutIn,0,2,0,0,0,0.01512650957312478,-0.010298053063452217,0.0,0.0,0.02940148487687111,0.004044947312723979
batch_town12_13_20260616_133533_resume_town13_r96_150638,115,Town13,HighwayCutIn,0,5,0,0,0,0.004596023943829353,-0.06692561807502062,0.0,-0.044680340766906745,0.027848219498991966,0.0034147767762559567
batch_town12_13_20260616_133533_resume_town13_r96_150638,116,Town13,HighwayCutIn,0,0,0,1,1,0.0,0.0,0.0,0.0,0.024724654853343964,-0.0002662344807284889
batch_town12_13_20260616_133533_resume_town13_r96_150638,117,Town13,HighwayCutIn,0,2,0,0,0,0.015158651695888536,-0.013150485237128917,0.0,0.0,0.02223261445760727,0.0037936243225963895
batch_town12_13_20260616_133533_resume_town13_r96_150638,119,Town13,HighwayCutIn,0,5,0,0,0,0.01298232987035397,-0.015281628053635421,0.0,0.0,0.03355215862393379,0.0013954382307181934
batch_town12_13_20260616_133533_resume_town13_r96_150638,120,Town13,HighwayCutIn,0,2,0,0,0,0.010514922238244573,-0.01247999999905014,0.0,0.0,0.03734716400504112,0.0007469743015333652
batch_town12_13_20260616_133533_resume_town13_r96_150638,121,Town13,HighwayCutIn,0,5,0,0,0,0.020406026937387522,-0.017417735885828733,0.0,0.0,0.027539515867829323,0.0038952023711075756
batch_town12_13_20260616_133533_resume_town13_r96_150638,122,Town13,HighwayCutIn,0,5,0,0,0,0.010479673968559089,-0.014999615668784827,0.0,0.0,0.028730008751153946,0.0013798726016918117
batch_town12_13_20260616_133533_resume_town13_r96_150638,123,Town13,HighwayCutIn,0,0,0,1,1,0.0,0.0,0.0,0.0,0.04659275338053703,-0.0006221532106676086
batch_town12_13_20260616_133533_resume_town13_r96_150638,124,Town13,HighwayCutIn,0,3,0,0,0,0.015580657536553133,-0.012540000001900031,0.0,0.0,0.047360215336084366,0.0020047400194305176
batch_town12_13_20260616_133533_resume_town13_r96_150638,126,Town13,HighwayCutIn,0,0,0,1,1,0.0,0.0,0.0,0.0,0.04383617267012596,0.0011218703667923435
batch_town12_13_20260616_133533_resume_town13_r96_150638,127,Town13,HighwayCutIn,0,0,0,1,1,0.0,0.0,0.0,0.0,0.04327486455440521,0.0010402385137600056
batch_town12_13_20260616_133533_resume_town13_r96_150638,128,Town13,HighwayCutIn,0,0,0,1,1,0.0,0.0,0.0,0.0,0.051645223051309586,0.00046300800033183265
batch_town12_13_20260616_133533_resume_town13_r96_150638,129,Town13,HighwayCutIn,0,0,0,1,1,0.0,0.0,0.0,0.0,0.05668266862630844,4.2625139910823506e-05
batch_town12_13_20260616_133533_resume_town13_r96_150638,130,Town13,HighwayCutIn,0,0,0,1,1,0.0,0.0,0.0,0.0,0.06001613661646843,-0.00023561715120390403
batch_town12_13_20260616_133533_resume_town13_r96_150638,131,Town13,HighwayCutIn,0,0,0,1,1,0.0,0.0,0.0,0.0,0.06330998986959457,-0.0005411506578738567
batch_town12_13_20260616_133533_resume_town13_r96_150638,133,Town13,HighwayCutIn,0,0,0,1,1,0.0,0.0,0.0,0.0,0.0367581769824028,0.006411614967704704
batch_town12_13_20260616_133533_resume_town13_r96_150638,134,Town13,HighwayCutIn,0,1,0,0,0,8.603697642350916e-05,-8.000000379992933e-05,0.0,0.0,0.0393364392220974,0.00393021693604928
batch_town12_13_20260616_133533_resume_town13_r96_150638,135,Town13,HighwayCutIn,0,2,0,0,0,0.00029951134970596094,-0.010707831554518155,-0.00023926203663438006,-0.00786005043983451,0.040898364037275314,0.003531419822978721
batch_town12_13_20260616_133533_resume_town13_r96_150638,136,Town13,HighwayCutIn,0,2,0,0,0,0.0159540998016357,-0.01074348870664843,0.0,0.0,0.028259027749300003,0.0056854062382112325
batch_town12_13_20260616_133533_resume_town13_r96_150638,137,Town13,HighwayCutIn,0,2,0,0,0,0.007331724853621102,-0.006792876943945814,0.0,0.0,0.028990035876631737,0.005093141255124722
batch_town12_13_20260616_133533_resume_town13_r96_150638,138,Town13,HighwayCutIn,0,0,0,1,1,0.0,0.0,0.0,0.0,0.035366058349609375,0.0040757223418916855
batch_town12_13_20260616_133533_resume_town13_r96_150638,139,Town13,HighwayCutIn,0,1,0,0,0,0.00029442258874534666,-0.00024000000208612704,0.0,0.0,0.037621159106492996,0.004071547796350661
batch_town12_13_20260616_133533_resume_town13_r96_150638,141,Town13,HighwayCutIn,0,0,0,1,1,0.0,0.0,0.0,0.0,0.059797897934913635,0.006562418529045377
batch_town12_13_20260616_133533_resume_town13_r96_150638,142,Town13,HighwayCutIn,0,3,0,0,0,0.02774730723529717,-0.022400744145088636,0.003933148410712024,0.0015532577113708257,0.034784071147441864,0.00607144840936269
batch_town12_13_20260616_133533_resume_town13_r96_150638,143,Town13,HighwayCutIn,0,4,0,0,0,0.02594769553406362,-0.035693249805318406,0.003335377528621973,0.0,0.02748790569603443,0.007281694842160569
batch_town12_13_20260616_133533_resume_town13_r96_150638,144,Town13,HighwayCutIn,0,4,0,0,0,0.028020975860279407,-0.031051207125306624,0.0024517978070214205,0.0,0.030663596466183662,0.007464418159769615
batch_town12_13_20260616_133533_resume_town13_r96_150638,145,Town13,HighwayCutIn,0,1,0,0,0,0.010198300974125996,-0.031787112430036846,-0.0008270396440554009,-0.018766033315658515,0.05970531329512596,0.006685991370062094
batch_town12_13_20260616_133533_resume_town13_r96_150638,146,Town13,HighwayCutIn,0,0,0,1,1,0.0,0.0,0.0,0.0,0.05186111107468605,0.009683465651074918
batch_town12_13_20260616_133533_resume_town13_r96_150638,148,Town13,HighwayCutIn,0,0,0,1,1,0.0,0.0,0.0,0.0,0.049649614840745926,0.010126344683983213
batch_town12_13_20260616_133533_resume_town13_r96_150638,149,Town13,HighwayCutIn,0,0,0,1,1,0.0,0.0,0.0,0.0,0.05683763325214386,0.00881986906741039
batch_town12_13_20260616_133533_resume_town13_r96_150638,150,Town13,HighwayCutIn,0,0,0,1,1,0.0,0.0,0.0,0.0,0.06544811278581619,0.006929824610423019
batch_town12_13_20260616_133533_resume_town13_r96_150638,151,Town13,HighwayCutIn,0,4,0,0,0,0.014816280784466729,-0.018632538741176763,0.002770017217307366,0.0,0.04476242884993553,0.005159983241508126
batch_town12_13_20260616_133533_resume_town13_r96_150638,152,Town13,HighwayCutIn,0,5,0,0,0,0.027224746694301194,-0.0247732599641024,0.0028315329981127985,0.0031563678021411246,0.03407548367977142,0.006664355803109423
batch_town12_13_20260616_133533_resume_town13_r96_150638,153,Town13,HighwayCutIn,0,4,0,0,0,0.014048157665198291,-0.009423234854400775,0.0022543975464770216,0.0,0.03759201243519783,0.005656833010711626
batch_town12_13_20260616_133533_resume_town13_r96_150638,154,Town13,HighwayCutIn,0,5,0,0,0,0.025485060784384173,-0.024421246233519378,0.002586751556704625,0.0036184572290576256,0.03205280750989914,0.007054984936208264
batch_town12_13_20260616_133533_resume_town13_r96_150638,156,Town13,HighwayCutIn,0,2,0,0,0,0.014828317551193848,-0.018290558210585672,0.003133581435933855,0.0,0.04554643854498863,0.005494498458957553
batch_town12_13_20260616_133533_resume_town13_r96_150638,157,Town13,HighwayCutIn,0,3,0,0,0,0.04659936950435539,-0.01864777657758321,0.006703529724217561,0.00764471340028372,0.04826483502984047,0.005784934004070097
batch_town12_13_20260616_133533_resume_town13_r96_150638,158,Town13,HighwayCutIn,0,5,0,0,0,0.027407054195095704,-0.029492489031582192,0.0033275590369564872,0.0,0.038306206464767456,0.0072930394772949825
batch_town12_13_20260616_133533_resume_town13_r96_150638,159,Town13,HighwayCutIn,0,0,0,1,1,0.0,0.0,0.0,0.0,0.059072695672512054,0.00949376983665573
batch_town12_13_20260616_133533_resume_town13_r96_150638,160,Town13,HighwayCutIn,0,2,0,0,0,0.012953844093450462,-0.012016465188371628,0.0017790739939422262,0.0,0.04594746604561806,0.006572686236688163
batch_town12_13_20260616_133533_resume_town13_r96_150638,161,Town13,HighwayCutIn,0,5,0,0,0,0.039248411921766646,-0.02688657283565976,0.006112370423836097,0.0,0.03681861609220505,0.008330176090086905
batch_town12_13_20260616_133533_resume_town13_r96_150638,163,Town13,HighwayCutIn,0,3,0,0,0,0.010086430922498835,-0.020438094120860173,0.0037502640570270807,0.0,0.03676493838429451,0.009501215057811763
batch_town12_13_20260616_133533_resume_town13_r96_150638,164,Town13,HighwayCutIn,0,0,0,1,1,0.0,0.0,0.0,0.0,0.04960274323821068,0.012797436516671645
batch_town12_13_20260616_133533_resume_town13_r96_150638,165,Town13,HighwayCutIn,0,5,0,0,0,0.02637275037782061,-0.03475282714047645,0.006000654769014985,0.0,0.03276476636528969,0.009361027941329425
batch_town12_13_20260616_133533_resume_town13_r96_150638,166,Town13,HighwayCutIn,0,5,0,0,0,0.012120656263667762,-0.022878722672574625,0.003985627116941948,0.0,0.03487645462155342,0.009571080120132969
batch_town12_13_20260616_133533_resume_town13_r96_150638,167,Town13,HighwayCutIn,0,5,0,0,0,0.010709613702354126,-0.028020100833579864,0.003594439343326594,0.0,0.0328235849738121,0.00965519134118864
batch_town12_13_20260616_133533_resume_town13_r96_150638,168,Town13,HighwayCutIn,0,5,0,0,0,0.016168763735350034,-0.0381736329763549,0.007680139682664566,0.0,0.04468308761715889,0.01246562148420427
batch_town12_13_20260616_133533_resume_town13_r96_150638,170,Town13,HighwayCutIn,0,5,0,0,0,0.010961483790525861,-0.02074651231587099,0.002647424363295972,0.0,0.043302156031131744,0.012506077997875842
batch_town12_13_20260616_133533_resume_town13_r96_150638,171,Town13,HighwayCutIn,0,5,0,0,0,0.012972544598403246,-0.05070062149582766,0.008595017932712917,0.0,0.03257966786623001,0.011135769236685356
batch_town12_13_20260616_133533_resume_town13_r96_150638,172,Town13,HighwayCutIn,0,5,0,0,0,0.009951521619662174,-0.035240658399664504,0.007084737067842059,0.0,0.03689655289053917,0.012982458278485431
batch_town12_13_20260616_133533_resume_town13_r96_150638,173,Town13,HighwayCutIn,0,0,0,1,1,0.0,0.0,0.0,0.0,0.03479437157511711,0.0023118016393881557
batch_town12_13_20260616_133533_resume_town13_r96_150638,174,Town13,HighwayCutIn,0,0,0,1,1,0.0,0.0,0.0,0.0,0.040169671177864075,0.001950523556375483
batch_town12_13_20260616_133533_resume_town13_r96_150638,175,Town13,HighwayCutIn,0,2,0,0,0,0.022546001320927767,-0.01111210333066004,0.003530129433812132,0.0,0.036992158740758896,0.0019019794108876553
batch_town12_13_20260616_133533_resume_town13_r96_150638,176,Town13,HighwayCutIn,0,2,0,0,0,0.009553372494813583,-0.004490088722836738,0.0016778888202295533,0.0,0.03175541013479233,0.0022522998034959496
batch_town12_13_20260616_133533_resume_town13_r96_150638,178,Town13,HighwayCutIn,0,1,0,0,0,0.0067751401894868835,-0.0024056598271005036,0.0018336832898667166,0.0,0.03638424724340439,0.0020463352668671497
batch_town12_13_20260616_133533_resume_town13_r96_150638,179,Town13,HighwayCutIn,0,3,0,0,0,0.023456689417919285,-0.030625636834232584,0.0039843381922901044,0.0,0.03133973479270935,0.002566176080151805
batch_town12_13_20260616_133533_resume_town13_r96_150638,180,Town13,HighwayCutIn,0,0,0,1,1,0.0,0.0,0.0,0.0,0.03518049418926239,0.00197510222569397
batch_town12_13_20260616_133533_resume_town13_r96_150638,181,Town13,HighwayCutIn,0,5,0,0,0,0.0008067435707174719,-0.049415230291565804,0.008521577147413417,0.0,0.04163789749145508,0.002581681775822131
batch_town12_13_20260616_133533_resume_town13_r96_150638,182,Town13,HighwayCutIn,0,0,0,1,1,0.0,0.0,0.0,0.0,0.041922107338905334,0.0016232690777204795
batch_town12_13_20260616_133533_resume_town13_r96_150638,183,Town13,HighwayCutIn,0,0,0,1,1,0.0,0.0,0.0,0.0,0.04582199081778526,0.0018466983815956795
batch_town12_13_20260616_133533_resume_town13_r96_150638,185,Town13,HighwayCutIn,0,4,0,0,0,0.014062184599247685,-0.023915980603856024,0.0018529365776036588,0.0,0.04795541241765022,0.0011657606871824377
batch_town12_13_20260616_133533_resume_town13_r96_150638,186,Town13,HighwayCutIn,0,4,0,0,0,0.012127474435105201,-0.023959677570482896,0.0019361532301464535,0.0,0.04483535513281822,0.0023510703488593965
batch_town12_13_20260616_133533_resume_town13_r96_150638,187,Town13,HighwayCutIn,0,3,0,0,0,0.03415376700153083,-0.017522750982435165,0.005403920122888983,0.0,0.04893049970269203,0.0018055428951591068
batch_town12_13_20260616_133533_resume_town13_r96_150638,188,Town13,HighwayCutIn,0,1,0,0,0,0.003868727144040074,-0.003950939401984099,0.0,0.0,0.05880776047706604,0.0013701124546581234
batch_town12_13_20260616_133533_resume_town13_r96_150638,189,Town13,HighwayCutIn,0,4,0,0,0,0.03423899492355931,-0.008008873811436112,0.0020388401442423543,0.0,0.05720953270792961,0.0016081711161630707
batch_town12_13_20260616_133533_resume_town13_r96_150638,190,Town13,HighwayCutIn,0,4,0,0,0,0.017307704635918242,-0.012320824611847137,0.0021562142057173495,0.0,0.06998982280492783,0.000489099799598991
batch_town12_13_20260616_133533_resume_town13_r96_150638,192,Town13,HighwayCutIn,0,0,0,1,1,0.0,0.0,0.0,0.0,0.08753252774477005,0.0005467599958346447
batch_town12_13_20260616_133533_resume_town13_r96_150638,193,Town13,HighwayCutIn,0,0,0,1,1,0.0,0.0,0.0,0.0,0.0948200523853302,0.0011093454191271057
batch_town12_13_20260616_133533_resume_town13_r96_150638,194,Town13,HighwayCutIn,0,0,0,1,1,0.0,0.0,0.0,0.0,0.10505697876214981,0.0002113684403446392
batch_town12_13_20260616_133533_resume_town13_r96_150638,195,Town13,HighwayCutIn,0,0,0,1,1,0.0,0.0,0.0,0.0,0.11001486331224442,0.0004606042981705194
batch_town12_13_20260616_133533_resume_town13_r97_151149,0,Town13,VanillaSignalizedTurnEncounterRedLight,0,6,0,0,0,0.01459432308562647,-0.12299474543886528,0.0,-0.06363723646948934,1.3381443750404287e-05,0.014003611039800745
batch_town12_13_20260616_133533_resume_town13_r97_151149,1,Town13,VanillaSignalizedTurnEncounterRedLight,0,6,0,0,0,0.013595513455643582,-0.14542724436296314,0.0,-0.08507814179801124,1.3459040928864852e-05,0.01413123088068513
batch_town12_13_20260616_133533_resume_town13_r97_151149,2,Town13,VanillaSignalizedTurnEncounterRedLight,0,6,0,0,0,0.01277347248183136,-0.16543037309565725,0.0,-0.09428595633744886,1.3558287719206419e-05,0.014213688690280613
batch_town12_13_20260616_133533_resume_town13_r97_151149,3,Town13,VanillaSignalizedTurnEncounterRedLight,0,6,0,0,0,0.012741063713157308,-0.1946655640551901,0.0,-0.11411123070080015,1.40475167427212e-05,0.014461902684385741
batch_town12_13_20260616_133533_resume_town13_r97_151149,4,Town13,VanillaSignalizedTurnEncounterRedLight,0,6,0,0,0,0.011394430414620516,-0.11533225398552797,0.0,-0.057510568546788064,3.6694268601422664e-06,0.010584794402794806
batch_town12_13_20260616_133533_resume_town13_r97_151149,5,Town13,VanillaSignalizedTurnEncounterRedLight,0,6,0,0,0,0.012708383288973613,-0.05276649174478745,0.0,-0.007604808699842552,9.083601980819367e-06,0.01295351421334523
batch_town12_13_20260616_133533_resume_town13_r97_151149,6,Town13,VanillaSignalizedTurnEncounterRedLight,0,6,0,0,0,0.01210167541676177,-0.05740365703502982,0.0,-0.011039745951873943,1.723724381008651e-05,0.012903903628703084
batch_town12_13_20260616_133533_resume_town13_r97_151149,7,Town13,VanillaSignalizedTurnEncounterRedLight,0,6,0,0,0,0.011805024559777832,-0.059413889019891294,0.0,-0.012528806681400956,1.81107570824679e-05,0.012335073898876558
batch_town12_13_20260616_133533_resume_town13_r97_151149,8,Town13,VanillaSignalizedTurnEncounterRedLight,0,6,0,0,0,0.012508343338524242,-0.06317432087460742,0.0,-0.026060770925177352,1.8091906895278953e-05,0.012402816571226438
batch_town12_13_20260616_133533_resume_town13_r97_151149,9,Town13,VanillaSignalizedTurnEncounterRedLight,0,6,0,0,0,0.011905702891539027,-0.05791175220694879,0.0,-0.01141611274588799,1.804493513191119e-05,0.012462000011164598
batch_town12_13_20260616_133533_resume_town13_r97_151149,10,Town13,VanillaSignalizedTurnEncounterRedLight,0,0,0,1,1,0.0,0.0,0.0,0.0,0.021417833864688873,-0.0017021976113937853
batch_town12_13_20260616_133533_resume_town13_r97_151149,11,Town13,VanillaSignalizedTurnEncounterRedLight,0,3,0,0,0,0.006317235314440062,-0.02693533338591094,0.0,-0.026751781668814867,0.013283933512866497,-0.000275077272831048
batch_town12_13_20260616_133533_resume_town13_r97_151149,12,Town13,VanillaSignalizedTurnEncounterRedLight,0,1,0,0,0,0.009314380324573213,-0.006888396069258805,0.0,-0.002509713973050033,0.01286264043301344,0.0005975919098981652
batch_town12_13_20260616_133533_resume_town13_r97_151149,13,Town13,VanillaSignalizedTurnEncounterRedLight,0,0,0,1,1,0.0,0.0,0.0,0.0,0.02106299251317978,-0.0017733179029408852
batch_town12_13_20260616_133533_resume_town13_r97_151149,14,Town13,VanillaSignalizedTurnEncounterRedLight,0,0,0,1,1,0.0,0.0,0.0,0.0,0.020948544144630432,-0.0018124292873524794
batch_town12_13_20260616_133533_resume_town13_r97_151149,15,Town13,VanillaSignalizedTurnEncounterRedLight,0,0,0,1,1,0.0,0.0,0.0,0.0,0.020828209817409515,-0.001817684693511623
batch_town12_13_20260616_133533_resume_town13_r97_151149,16,Town13,VanillaSignalizedTurnEncounterRedLight,0,0,0,1,1,0.0,0.0,0.0,0.0,0.02072451077401638,-0.0018069363952699646
batch_town12_13_20260616_133533_resume_town13_r97_151149,17,Town13,VanillaSignalizedTurnEncounterRedLight,0,0,0,1,1,0.0,0.0,0.0,0.0,0.02063419483602047,-0.0017881285589727014
batch_town12_13_20260616_133533_resume_town13_r97_151149,18,Town13,VanillaSignalizedTurnEncounterRedLight,0,0,0,1,1,0.0,0.0,0.0,0.0,0.020581021904945374,-0.0018081462998953413
batch_town12_13_20260616_133533_resume_town13_r97_151149,19,Town13,VanillaSignalizedTurnEncounterRedLight,0,0,0,1,1,0.0,0.0,0.0,0.0,0.02055257558822632,-0.0018340551151347917
batch_town12_13_20260616_133533_resume_town13_r97_151149,20,Town13,VanillaSignalizedTurnEncounterRedLight,0,0,0,1,1,0.0,0.0,0.0,0.0,0.02048349753022194,-0.00180622805791808
batch_town12_13_20260616_133533_resume_town13_r130_151659,0,Town13,HighwayExit,0,6,0,0,0,0.01657181711643929,-0.3243800239467621,0.0,-0.20880001773834228,1.3164932170184329e-05,0.015458206327113366
batch_town12_13_20260616_133533_resume_town13_r130_151659,1,Town13,HighwayExit,0,6,0,0,0,0.016919989119833723,-0.41549441246986385,0.0,-0.285127895951271,1.3446840057440568e-05,0.0155194552203346
batch_town12_13_20260616_133533_resume_town13_r130_151659,2,Town13,HighwayExit,0,6,0,0,0,0.016412039250725208,-0.5625199706459046,0.0,-0.38519997825622554,1.400984274368966e-05,0.015644393792702438
batch_town12_13_20260616_133533_resume_town13_r130_151659,3,Town13,HighwayExit,0,6,0,0,0,0.014490830195230231,-0.3686759112459326,0.0,-0.2416117861080982,3.1066279007063713e-06,0.011860598749822593
batch_town12_13_20260616_133533_resume_town13_r130_151659,5,Town13,HighwayExit,0,6,0,0,0,0.016174390439874564,-0.09371160842555584,0.0,-0.03793452475967099,7.649782673979644e-06,0.01439233354301006
batch_town12_13_20260616_133533_resume_town13_r130_151659,6,Town13,HighwayExit,0,6,0,0,0,0.016174390439874564,-0.09371160842555584,0.0,-0.03793452475967099,7.649782673979644e-06,0.01439233354301006
batch_town12_13_20260616_133533_resume_town13_r130_151659,7,Town13,HighwayExit,0,6,0,0,0,0.0159441669585636,-0.11695593493249369,0.0,-0.055152544394439756,1.919559872476384e-05,0.015258276142980698
batch_town12_13_20260616_133533_resume_town13_r130_151659,8,Town13,HighwayExit,0,6,0,0,0,0.016781823816942598,-0.1397730365024855,0.0,-0.0828005602791611,2.2308302504825406e-05,0.015258126309590558
batch_town12_13_20260616_133533_resume_town13_r130_151659,9,Town13,HighwayExit,0,6,0,0,0,0.01571083855881561,-0.12424612099035191,0.0,-0.06055268221507549,2.207460238423664e-05,0.01525629085056135
batch_town12_13_20260616_133533_resume_town13_r130_151659,10,Town13,HighwayExit,0,6,0,0,0,0.015720757125916585,-0.11956876561401962,0.0,-0.05708797452890341,2.1807987650390714e-05,0.01525386504797499
batch_town12_13_20260616_133533_resume_town13_r130_151659,11,Town13,HighwayExit,0,0,0,1,1,0.0,0.0,0.0,0.0,0.039820294827222824,4.0085463947958644e-05
batch_town12_13_20260616_133533_resume_town13_r130_151659,12,Town13,HighwayExit,0,0,0,1,1,0.0,0.0,0.0,0.0,0.02745191939175129,0.00044798870130424717
batch_town12_13_20260616_133533_resume_town13_r130_151659,24,Town13,HighwayExit,0,2,0,0,0,0.0004664381269090523,-0.007964092381298526,0.0,0.0,0.0304998978972435,-0.0006311911607608245
batch_town12_13_20260616_133533_resume_town13_r130_151659,25,Town13,HighwayExit,0,1,0,0,0,0.000373520051094145,-0.0007599999755620868,0.0,0.0,0.03410099819302559,0.0009872268984534305
batch_town12_13_20260616_133533_resume_town13_r130_151659,26,Town13,HighwayExit,0,1,0,0,0,0.00020615470774032474,-0.000439999997615792,0.0,0.0,0.037280626595020294,0.0012284948038834287
batch_town12_13_20260616_133533_resume_town13_r130_151659,27,Town13,HighwayExit,0,1,0,0,0,0.00022545165929233058,-0.00024000000208612704,0.0,0.0,0.03880942240357399,0.0012327925873878431
batch_town12_13_20260616_133533_resume_town13_r130_151659,28,Town13,HighwayExit,0,1,0,0,0,3.06957417357534e-05,-4.0000001899909154e-05,0.0,0.0,0.04395730048418045,0.0015217028285887668
batch_town12_13_20260616_133533_resume_town13_r130_151659,29,Town13,HighwayExit,0,2,0,0,0,0.003965172981214016,-0.014468400636687861,0.0,0.0,0.04363955929875374,-0.0007909517621640383
batch_town12_13_20260616_133533_resume_town13_r130_151659,30,Town13,HighwayExit,0,1,0,0,0,3.059394101123658e-05,-4.0000001899909154e-05,0.0,0.0,0.051416147500276566,0.001763576435498404
batch_town12_13_20260616_133533_resume_town13_r130_151659,32,Town13,HighwayExit,0,2,0,0,0,0.008979934787666899,-0.020048935723048777,-0.0009739025257009815,-0.012377025604248026,0.06566207855939865,0.001480536479231409
batch_town12_13_20260616_133533_resume_town13_r130_151659,33,Town13,HighwayExit,0,2,0,0,0,0.0021401654366737244,-0.0014321267977356333,0.0,0.0,0.07608276605606079,0.0020938607325937664
batch_town12_13_20260616_133533_resume_town13_r130_151659,34,Town13,HighwayExit,0,1,0,0,0,0.0004078929681310406,-0.00028000000864270014,0.0,0.0,0.08314824104309082,0.002302071646324233
batch_town12_13_20260616_133533_resume_town13_r130_151659,35,Town13,HighwayExit,0,0,0,1,1,0.0,0.0,0.0,0.0,0.09131916612386703,0.0024885320427980306
batch_town12_13_20260616_133533_resume_town13_r130_151659,36,Town13,HighwayExit,0,3,0,0,0,0.025374563496148694,-0.01408970758318906,0.0,0.0,0.08573243021965027,0.001468586891784307
batch_town12_13_20260616_133533_resume_town13_r130_151659,37,Town13,HighwayExit,0,2,0,0,0,0.0009370665113228038,-0.03666940290823251,-0.0027392693054026918,-0.029682771205902014,0.10717709362506866,0.0020293445350088035
batch_town12_13_20260616_133533_resume_town13_r130_151659,38,Town13,HighwayExit,0,2,0,0,0,0.015611743691535895,-0.008497563873785863,-0.0001238318248774628,-0.0012929577827452965,0.10955525189638138,0.002279661066161065
batch_town12_13_20260616_133533_resume_town13_r130_151659,39,Town13,HighwayExit,0,2,0,0,0,0.000855896296453329,-0.0006800000369548975,0.0,0.0,0.11696473509073257,0.002755922369694297
batch_town12_13_20260616_133533_resume_town13_r130_151659,41,Town13,HighwayExit,0,2,0,0,0,0.012558788285958578,-0.005975198112428193,0.0,0.0,0.11793908476829529,0.0010210463548170345
batch_town12_13_20260616_133533_resume_town13_r130_151659,42,Town13,HighwayExit,0,3,0,0,0,0.04747459569608781,-0.012269544564187607,0.0,0.0,0.5379584431648254,0.003798859126664389
batch_town12_13_20260616_133533_resume_town13_r130_151659,43,Town13,HighwayExit,0,4,0,0,0,0.04413031034318027,-0.07272343522012237,0.0,-0.05303714704513551,0.5006506443023682,0.004767803520113079
batch_town12_13_20260616_133533_resume_town13_r130_151659,44,Town13,HighwayExit,0,2,0,0,0,0.04228335703587782,-0.006186688169837029,0.0,0.0,0.5012535452842712,0.005299812443479768
batch_town12_13_20260616_133533_resume_town13_r130_151659,45,Town13,HighwayExit,0,0,0,1,1,0.0,0.0,0.0,0.0,0.5180916786193848,0.004623613230029688
batch_town12_13_20260616_133533_resume_town13_r130_151659,46,Town13,HighwayExit,0,0,0,1,1,0.0,0.0,0.0,0.0,0.5117436647415161,0.00472213692488288
batch_town12_13_20260616_133533_resume_town13_r130_151659,47,Town13,HighwayExit,0,6,0,0,0,0.04131073718115408,-0.6585240816600622,0.0,-0.4647970833778381,0.5483779907226562,0.0031625818026206898
batch_town12_13_20260616_133533_resume_town13_r130_151659,48,Town13,HighwayExit,0,0,0,1,1,0.0,0.0,0.0,0.0,0.5031726956367493,0.006508998055875459
batch_town12_13_20260616_133533_resume_town13_r130_151659,50,Town13,HighwayExit,0,3,0,0,0,0.06353523310350506,-0.05380428154617567,0.0,-0.03654566860198982,0.472305029630661,0.007473553501566421
batch_town12_13_20260616_133533_resume_town13_r130_151659,51,Town13,HighwayExit,0,0,0,1,1,0.0,0.0,0.0,0.0,0.48294079303741455,0.005999992865605153
batch_town12_13_20260616_133533_resume_town13_r130_151659,52,Town13,HighwayExit,0,6,0,0,0,0.07403220937605748,-0.6170645527386663,0.0,-0.4163999999999999,0.4734535217285156,0.010774665522280458
batch_town12_13_20260616_133533_resume_town13_r130_151659,53,Town13,HighwayExit,0,1,0,0,0,0.06713117988716433,-0.5759572344103455,0.0,-0.3944990753173827,0.48244744539260864,0.006408147823056876
batch_town12_13_20260616_133533_resume_town13_r130_151659,54,Town13,HighwayExit,0,0,0,1,1,0.0,0.0,0.0,0.0,0.4785511791706085,0.004685970515754478
batch_town12_13_20260616_133533_resume_town13_r130_151659,55,Town13,HighwayExit,0,1,0,0,0,0.06454079995570838,-0.5556676519298555,0.0,-0.38050906219482417,0.4661940932273865,0.006078092021881476
batch_town12_13_20260616_133533_resume_town13_r130_151659,56,Town13,HighwayExit,0,1,0,0,0,0.13003537925024755,-0.5463937774238736,0.0,-0.3687353576660156,0.44177043437957764,0.010722101721518662
batch_town12_13_20260616_133533_resume_town13_r130_151659,58,Town13,HighwayExit,0,6,0,0,0,0.10896864324334132,-0.44466571798154536,-0.07330394385903505,-0.4164000000000001,0.42365705966949463,0.006961883711744221
batch_town12_13_20260616_133533_resume_town13_r130_151659,59,Town13,HighwayExit,0,1,0,0,0,0.17699158723958663,-0.4377282059420885,-0.06369841834391748,-0.39189597930908204,0.39743950963020325,0.010808967629452049
batch_town12_13_20260616_133533_resume_town13_r130_151659,60,Town13,HighwayExit,0,6,0,0,0,0.15957638588418255,-0.49687652441014474,-0.05337307372458716,-0.4163999999999999,0.4094291031360626,0.01013571751170339
batch_town12_13_20260616_133533_resume_town13_r130_151659,61,Town13,HighwayExit,0,4,0,0,0,0.09573578868738153,-0.5070867326218629,-0.0441757727897667,-0.4164000000000001,0.43774843215942383,0.004663908298223385
batch_town12_13_20260616_133533_resume_town13_r130_151659,62,Town13,HighwayExit,0,0,0,1,1,0.0,0.0,0.0,0.0,0.30140089988708496,0.0027503164470480956
batch_town12_13_20260616_133533_resume_town13_r130_151659,63,Town13,HighwayExit,0,0,0,1,1,0.0,0.0,0.0,0.0,0.29392945766448975,0.002727549637999871
batch_town12_13_20260616_133533_resume_town13_r130_151659,64,Town13,HighwayExit,0,0,0,1,1,0.0,0.0,0.0,0.0,0.28650519251823425,0.000856302482149518
batch_town12_13_20260616_133533_resume_town13_r130_151659,65,Town13,HighwayExit,0,2,0,0,0,0.00564208181228687,-0.15547340856311526,0.0,-0.0755615531391406,0.2629390060901642,0.0117082166937168
batch_town12_13_20260616_133533_resume_town13_r130_151659,67,Town13,HighwayExit,0,0,0,1,1,0.0,0.0,0.0,0.0,0.19869589805603027,4.7428423815221166e-05
batch_town12_13_20260616_133533_resume_town13_r130_151659,68,Town13,HighwayExit,0,3,0,0,0,0.024536028260445875,-0.027974069352516007,0.0,-0.024860538991563444,0.08086050301790237,4.590592927966597e-05
batch_town12_13_20260616_133533_resume_town13_r130_151659,69,Town13,HighwayExit,0,2,0,0,0,0.005079895682437163,-0.004502133399645336,0.0,-0.0033884023960724236,0.08009078353643417,0.00039677864522236206
batch_town12_13_20260616_133533_resume_town13_r130_151659,70,Town13,HighwayExit,0,0,0,1,1,0.0,0.0,0.0,0.0,0.10831933468580246,0.0011645489096396844
batch_town12_13_20260616_133533_resume_town13_r130_151659,71,Town13,HighwayExit,0,0,0,1,1,0.0,0.0,0.0,0.0,0.10341204702854156,0.001374888768552296
batch_town12_13_20260616_133533_resume_town13_r130_151659,72,Town13,HighwayExit,0,0,0,1,1,0.0,0.0,0.0,0.0,0.08939827978610992,0.0002528277139797197
batch_town12_13_20260616_133533_resume_town13_r130_151659,73,Town13,HighwayExit,0,0,0,1,1,0.0,0.0,0.0,0.0,0.09443232417106628,0.0019761868321468423
batch_town12_13_20260616_133533_resume_town13_r130_151659,75,Town13,HighwayExit,0,2,0,0,0,0.0183578003640279,-0.025363615264060335,0.005086269896676654,-0.012306812050569632,0.05426013842225075,-0.00044186243814747783
batch_town12_13_20260616_133533_resume_town13_r130_151659,76,Town13,HighwayExit,0,6,0,0,0,0.007922372087431961,-0.039125183997553714,0.010051755989429062,-0.009287193739207764,0.06384072452783585,0.0006019078607011341
batch_town12_13_20260616_133533_resume_town13_r130_151659,77,Town13,HighwayExit,0,0,0,1,1,0.0,0.0,0.0,0.0,0.05648885294795036,-0.0006346953891727125
batch_town12_13_20260616_133533_resume_town13_r130_151659,78,Town13,HighwayExit,0,2,0,0,0,0.02346035712590111,-0.02526869073667276,0.00527499815835808,-0.00698353325833935,0.06872593611478806,8.790516499446177e-05
batch_town12_13_20260616_133533_resume_town13_r130_151659,79,Town13,HighwayExit,0,6,0,0,0,0.046399733775922325,-0.0583833697704072,0.014974202101299405,-0.010727941675910027,0.08394678682088852,0.0008353561487914885
batch_town12_13_20260616_133533_resume_town13_r130_151659,80,Town13,HighwayExit,0,6,0,0,0,0.008572013485525387,-0.061434568648431,0.012744198568184206,-0.0197641678783448,0.09407134354114532,0.0009143153487272127
batch_town12_13_20260616_133533_resume_town13_r130_151659,81,Town13,HighwayExit,0,6,0,0,0,0.00040037229627620796,-0.07152437751386648,0.0,-0.06076728650003366,0.10928096622228622,0.0007914182563000249
batch_town12_13_20260616_133533_resume_town13_r130_151659,82,Town13,HighwayExit,0,1,0,0,0,0.025871738632904817,-0.012460972280423588,0.011329167574614246,0.01576030044004631,0.10591567307710648,0.0003298212871285511
batch_town12_13_20260616_133533_resume_town13_r130_151659,84,Town13,HighwayExit,0,0,0,1,1,0.0,0.0,0.0,0.0,0.1382160186767578,2.662799072083999e-05
batch_town12_13_20260616_133533_resume_town13_r130_151659,85,Town13,HighwayExit,0,5,0,0,0,0.15782848191858756,-0.05042288502603909,0.09441017112268396,0.11999999999999997,0.16308251023292542,0.001292317647455521
batch_town12_13_20260616_133533_resume_town13_r130_151659,86,Town13,HighwayExit,0,1,0,0,0,0.03524876384453979,-0.018946168338300762,-0.0035102830440072452,-0.026820435523878167,0.17084014415740967,0.0011304631244251073
batch_town12_13_20260616_133533_resume_town13_r130_151659,87,Town13,HighwayExit,0,5,0,0,0,0.04322062287468098,-0.13445236186663756,0.010262165953282776,-0.08484406083328119,0.20185692608356476,0.0017215442364377775
batch_town12_13_20260616_133533_resume_town13_r130_151659,88,Town13,HighwayExit,0,5,0,0,0,0.0651659561504021,-0.08916577065754328,0.012897043744089731,-0.04225984029315008,0.22239378094673157,0.0020095558518813394
batch_town12_13_20260616_133533_resume_town13_r130_151659,89,Town13,HighwayExit,0,3,0,0,0,0.024192480333516952,-0.06286350763352178,0.007663380921900109,-0.03302293045860755,0.23478414118289948,0.002301838655402566
batch_town12_13_20260616_133533_resume_town13_r130_151659,90,Town13,HighwayExit,0,1,0,0,0,0.06741926714335683,-0.02179646136281188,0.0034641783322245656,-0.009617795138424534,0.2452847808599472,0.002516836132070599
batch_town12_13_20260616_133533_resume_town13_r130_151659,92,Town13,HighwayExit,0,0,0,1,1,0.0,0.0,0.0,0.0,0.2770547866821289,0.0021843640333645276
batch_town12_13_20260616_133533_resume_town13_r130_151659,93,Town13,HighwayExit,0,5,0,0,0,0.050659816527362844,-0.15170913940174557,0.009659485045021787,-0.09856628190838501,0.2809171974658966,0.0017689155610642882
batch_town12_13_20260616_133533_resume_town13_r130_151659,94,Town13,HighwayExit,0,1,0,0,0,0.03539084831683015,-0.07554157955531604,0.000982496544689626,-0.060077827594647526,0.2908339202404022,0.0017191502734468234
batch_town12_13_20260616_133533_resume_town13_r130_151659,95,Town13,HighwayExit,0,0,0,1,1,0.0,0.0,0.0,0.0,0.3087681233882904,0.002906066851410094
batch_town12_13_20260616_133533_resume_town13_r130_151659,96,Town13,HighwayExit,0,5,0,0,0,0.06986484375464186,-0.1846349190046701,0.008859835390004678,-0.1258700482886418,0.33834025263786316,0.003468629144172952
batch_town12_13_20260616_133533_resume_town13_r130_151659,97,Town13,HighwayExit,0,6,0,0,0,0.060148414102897396,-0.22780453069221385,0.008446456918027145,-0.16078409985228467,0.36575081944465637,0.0036011365502436887
batch_town12_13_20260616_133533_resume_town13_r130_151659,98,Town13,HighwayExit,0,3,0,0,0,0.10860531857299671,-0.11873365694693128,0.006279263994595663,-0.08098924216351144,0.38014426827430725,0.003177069099467411
batch_town12_13_20260616_133533_resume_town13_r130_151659,99,Town13,HighwayExit,0,5,0,0,0,0.013926217741972557,-0.1681578135388182,0.0,-0.1313846181864421,0.4042437970638275,0.003890178644827935
batch_town12_13_20260616_133533_resume_town13_r130_151659,101,Town13,HighwayExit,0,0,0,1,1,0.0,0.0,0.0,0.0,0.4200493097305298,0.0049417743202371245
batch_town12_13_20260616_133533_resume_town13_r130_151659,102,Town13,HighwayExit,0,1,0,0,0,0.0160940186608427,-0.10211109826604292,0.011672111515256933,-0.055433860137711344,0.43198829889297485,0.005610752500741167
batch_town12_13_20260616_133533_resume_town13_r130_151659,103,Town13,HighwayExit,0,0,0,1,1,0.0,0.0,0.0,0.0,0.36617475748062134,0.008090791028495747
batch_town12_13_20260616_133533_resume_town13_r130_151659,104,Town13,HighwayExit,0,0,0,1,1,0.0,0.0,0.0,0.0,0.3964444100856781,0.009190009608158078
batch_town12_13_20260616_133533_resume_town13_r130_151659,105,Town13,HighwayExit,0,5,0,0,0,0.18289912321834478,-0.037995922277511585,-0.00813032253897128,-0.033664572000503545,0.38778865337371826,0.008876149859998073
batch_town12_13_20260616_133533_resume_town13_r130_151659,106,Town13,HighwayExit,0,4,0,0,0,0.23892377350244498,-0.038929436415112706,-0.008034448543002393,-0.0327901697605848,0.519565761089325,0.00979434985144767
batch_town12_13_20260616_133533_resume_town13_r130_151659,107,Town13,HighwayExit,0,3,0,0,0,0.2812666409497919,-0.012541227511861597,0.0013594283387832196,0.005451055526733306,0.39225322008132935,0.007542017996273298
batch_town12_13_20260616_133533_resume_town13_r130_151659,108,Town13,HighwayExit,0,0,0,1,1,0.0,0.0,0.0,0.0,0.552621066570282,0.006660585995013513
batch_town12_13_20260616_133533_resume_town13_r130_151659,110,Town13,HighwayExit,0,5,0,0,0,0.4313724250721893,-0.3716329086756771,-0.10755855256928037,-0.4056819671630857,0.3816227614879608,-0.0011194723329657208
batch_town12_13_20260616_133533_resume_town13_r130_151659,111,Town13,HighwayExit,0,6,0,0,0,0.6366876803645607,-0.38450677505958364,-0.11306860244544215,-0.4164,0.3495716452598572,-0.0021643856732893596
batch_town12_13_20260616_133533_resume_town13_r130_151659,112,Town13,HighwayExit,0,1,0,0,0,0.029273110512734624,-0.02273888639807864,-0.032638316200718664,-0.08074790898055828,0.43469807505607605,0.006234014266412791
batch_town12_13_20260616_133533_resume_town13_r130_151659,113,Town13,HighwayExit,0,0,0,1,1,0.0,0.0,0.0,0.0,0.549069881439209,-0.0013474404648117222
batch_town12_13_20260616_133533_resume_town13_r130_151659,114,Town13,HighwayExit,0,0,0,1,1,0.0,0.0,0.0,0.0,0.49264591932296753,-0.00036943410110445996
batch_town12_13_20260616_133533_resume_town13_r130_151659,115,Town13,HighwayExit,0,6,0,0,0,0.01518542372348164,-0.33018875006161386,0.013454190203258776,-0.22883257800681106,0.5176824927330017,0.0011911048178327999
batch_town12_13_20260616_133533_resume_town13_r130_151659,116,Town13,HighwayExit,0,4,0,0,0,0.093018951858723,-0.12864523694739738,0.1709741643509366,0.18540609502202723,0.44416046142578125,4.253542716847747e-05
batch_town12_13_20260616_133533_resume_town13_r130_151659,118,Town13,HighwayExit,0,0,0,1,1,0.0,0.0,0.0,0.0,0.21645262837409973,0.0016254838025184792
batch_town12_13_20260616_133533_resume_town13_r130_151659,119,Town13,HighwayExit,0,0,0,1,1,0.0,0.0,0.0,0.0,0.3086381256580353,0.0017567648222909238
batch_town12_13_20260616_133533_resume_town13_r130_151659,120,Town13,HighwayExit,0,0,0,1,1,0.0,0.0,0.0,0.0,0.14681965112686157,0.013115917875750505
batch_town12_13_20260616_133533_resume_town13_r130_151659,121,Town13,HighwayExit,0,0,0,1,1,0.0,0.0,0.0,0.0,0.5426492094993591,0.0019693894531114253
batch_town12_13_20260616_133533_resume_town13_r130_151659,122,Town13,HighwayExit,0,2,0,0,0,0.018033778194681105,-0.04333624718126572,-0.1350613927383918,-0.2633069487793954,0.595129668712616,0.0037307465531326023
batch_town12_13_20260616_133533_resume_town13_r130_151659,123,Town13,HighwayExit,0,2,0,0,0,0.08591507879648708,-0.1868885846255226,0.028799218311403196,-0.08588995020270995,0.6014177203178406,0.004121710142451995
batch_town12_13_20260616_133533_resume_town13_r130_151659,124,Town13,HighwayExit,0,3,0,0,0,0.20882535706768057,-0.08950290392880111,-0.12864118686770665,-0.28024633211720734,0.6356732249259949,0.0033243817301095713
batch_town12_13_20260616_133533_resume_town13_r130_151659,125,Town13,HighwayExit,0,2,0,0,0,0.1369371777788102,-0.059191495515811265,-0.13878930053573302,-0.2733924020740651,0.649891197681427,0.0031987763991556117
batch_town12_13_20260616_133533_resume_town13_r130_151659,127,Town13,HighwayExit,0,2,0,0,0,0.10871810370108737,-0.03425962487736056,-0.18955012403177052,-0.35198000084422304,0.6716875433921814,0.002919008148608182
batch_town12_13_20260616_133533_resume_town13_r130_151659,128,Town13,HighwayExit,0,5,0,0,0,0.0071412049700680935,-0.09055967764507988,0.001394841968127336,-0.06954159646786232,0.6623721122741699,0.0031853071265490196
batch_town12_13_20260616_133533_resume_town13_r130_151659,129,Town13,HighwayExit,0,0,0,1,1,0.0,0.0,0.0,0.0,0.6509155631065369,-0.00180897188187501
batch_town12_13_20260616_133533_resume_town13_r130_151659,130,Town13,HighwayExit,0,0,0,1,1,0.0,0.0,0.0,0.0,0.6640506386756897,-0.0038382988362517523
batch_town12_13_20260616_133533_resume_town13_r130_151659,131,Town13,HighwayExit,0,1,0,0,0,0.005719927120392931,-0.017885981351778213,0.0,-0.015780391627362556,0.6962000727653503,0.00815440766386466
batch_town12_13_20260616_133533_resume_town13_r130_151659,132,Town13,HighwayExit,0,0,0,1,1,0.0,0.0,0.0,0.0,0.6766278147697449,-0.003761889051449252
batch_town12_13_20260616_133533_resume_town13_r130_151659,133,Town13,HighwayExit,0,2,0,0,0,0.10745581862165388,-0.23130762813041805,-0.08427012979734827,-0.2869856713876698,0.708073079586029,0.0029072186019509227
batch_town12_13_20260616_133533_resume_town13_r130_151659,135,Town13,HighwayExit,0,5,0,0,0,0.09924643782736786,-0.11706746881074448,-0.061231407119688,-0.15852216920723516,0.7066469788551331,0.003192805538558552
batch_town12_13_20260616_133533_resume_town13_r130_151659,136,Town13,HighwayExit,0,2,0,0,0,0.07733826264791666,-0.14656658087766017,-0.12321993016189636,-0.3231962318502458,0.7109706997871399,0.0026650218231479283
batch_town12_13_20260616_133533_resume_town13_r130_151659,137,Town13,HighwayExit,0,5,0,0,0,0.10612495012105416,-0.10752342323984698,-0.07833233132025397,-0.197082567304467,0.710290789604187,0.002471021014492425
batch_town12_13_20260616_133533_resume_town13_r130_151659,138,Town13,HighwayExit,0,3,0,0,0,0.12049542500056964,-0.21095470185018295,-0.09639464993759495,-0.31833044252849513,0.7051343321800232,0.00197413580032757
batch_town12_13_20260616_133533_resume_town13_r130_151659,139,Town13,HighwayExit,0,5,0,0,0,0.22120412910839415,-0.23690162521366132,-0.05374331766589768,-0.2507192554206653,0.7045289874076843,0.0018954607219578978
batch_town12_13_20260616_133533_resume_town13_r130_151659,140,Town13,HighwayExit,0,2,0,0,0,0.15770815526625293,-0.08974388341107398,-0.09377500774141767,-0.22304106110975205,0.6986950635910034,0.0015594505418583537
batch_town12_13_20260616_133533_resume_town13_r130_151659,141,Town13,HighwayExit,0,3,0,0,0,0.21940157420448858,-0.2171906320163286,-0.08751339831480909,-0.3099856264486591,0.6986008286476135,0.0014795423346878334
batch_town12_13_20260616_133533_resume_town13_r130_151659,142,Town13,HighwayExit,0,3,0,0,0,0.15509869981636015,-0.16115963952902446,-0.11379800987145217,-0.31671645334245657,0.7087472081184387,0.0019251513319644697
batch_town12_13_20260616_133533_resume_town13_r130_151659,144,Town13,HighwayExit,0,3,0,0,0,0.09100835866299573,-0.11283661598748607,-0.13196716444131296,-0.31196120346783784,0.7175919413566589,0.0021643309345193984
batch_town12_13_20260616_133533_resume_town13_r130_151659,145,Town13,HighwayExit,0,6,0,0,0,0.06930981590742835,-0.2432526258308929,-0.059563602866183896,-0.2519015915277488,0.719701886177063,0.0020103128850850194
batch_town12_13_20260616_133533_resume_town13_r130_151659,146,Town13,HighwayExit,0,2,0,0,0,0.06781365412177909,-0.18918256320301552,-0.12576755279773155,-0.35312609205503304,0.7212049961090088,0.0018813149515948258
batch_town12_13_20260616_133533_resume_town13_r130_151659,147,Town13,HighwayExit,0,2,0,0,0,0.11177427012730035,-0.10751512148291065,-0.09350311511652132,-0.2183214767816426,0.7215599417686462,0.0016483450066024918
batch_town12_13_20260616_133533_resume_town13_r130_151659,148,Town13,HighwayExit,0,5,0,0,0,0.05227748012720346,-0.25756969807493846,-0.07854191458655158,-0.3010078621493582,0.7229960560798645,0.0015818365868038864
batch_town12_13_20260616_133533_resume_town13_r130_151659,149,Town13,HighwayExit,0,1,0,0,0,0.11510897748840931,-0.11914836180963206,-0.12167575267600061,-0.29109366359507555,0.7252598404884338,0.0015319746566497816
batch_town12_13_20260616_133533_resume_town13_r130_151659,150,Town13,HighwayExit,0,5,0,0,0,0.051835517891060334,-0.21322958509537315,-0.06361213040029412,-0.23542908931722162,0.7275575995445251,0.0015024825758851446
batch_town12_13_20260616_133533_resume_town13_r130_151659,152,Town13,HighwayExit,0,1,0,0,0,0.1046424738682652,-0.05988121228887433,-0.1358143661625053,-0.277931069717939,0.7329011559486389,0.0015240846176167722
batch_town12_13_20260616_133533_resume_town13_r130_151659,153,Town13,HighwayExit,0,1,0,0,0,0.1425870265368019,-0.10173851358825425,-0.12604630771276049,-0.2906468109560383,0.7337421178817749,0.001416481768488076
batch_town12_13_20260616_133533_resume_town13_r130_151659,154,Town13,HighwayExit,0,6,0,0,0,0.07875933975668836,-0.21637588111722517,-0.05906436887246924,-0.2319542608914539,0.7322897911071777,0.00119770142012543
batch_town12_13_20260616_133533_resume_town13_r130_151659,155,Town13,HighwayExit,0,3,0,0,0,0.07303873033571473,-0.15474677861747388,-0.12554000447519154,-0.3297307952608719,0.734289824962616,0.0011315585937987649
batch_town12_13_20260616_133533_resume_town13_r130_151659,156,Town13,HighwayExit,0,0,0,1,1,0.0,0.0,0.0,0.0,0.7404946088790894,0.0013700881067322257
batch_town12_13_20260616_133533_resume_town13_r130_151659,157,Town13,HighwayExit,0,1,0,0,0,0.21013421477044947,-0.14735275009445692,-0.11055656989752105,-0.29227504406398286,0.7462953329086304,0.0015972677403626179
batch_town12_13_20260616_133533_resume_town13_r130_151659,158,Town13,HighwayExit,0,3,0,0,0,0.2017966253575627,-0.15087267030235463,-0.12446936062965519,-0.3233938622323246,0.7434930205345154,0.0011923032976621784
batch_town12_13_20260616_133533_resume_town13_r130_151659,159,Town13,HighwayExit,0,5,0,0,0,0.13212554503474672,-0.23441755947456322,-0.04496773819438893,-0.2253324227030501,0.7459743022918701,0.00112369234081644
batch_town12_13_20260616_133533_resume_town13_r130_151659,161,Town13,HighwayExit,0,2,0,0,0,0.1672150150184959,-0.11905663211386441,-0.07201887962438147,-0.1830563337565964,0.7635073661804199,0.002761247167442249
batch_town12_13_20260616_133533_resume_town13_r130_151659,162,Town13,HighwayExit,0,6,0,0,0,0.11194029952783824,-0.2819466180414982,-0.04805871194045691,-0.282516756362035,0.6380916237831116,0.003469752707307261
batch_town12_13_20260616_133533_resume_town13_r130_151659,163,Town13,HighwayExit,0,6,0,0,0,0.12408552885672552,-0.28886734473794307,-0.05071089982685187,-0.291714824477885,0.6358054280281067,0.0028693013896587405
batch_town12_13_20260616_133533_resume_town13_r130_151659,164,Town13,HighwayExit,0,6,0,0,0,0.1265045231510893,-0.317709641563898,-0.032967069662337395,-0.26487272916799465,0.6332992315292358,0.0027526772594014814
batch_town12_13_20260616_133533_resume_town13_r130_151659,165,Town13,HighwayExit,0,0,0,1,1,0.0,0.0,0.0,0.0,0.6090719699859619,-0.0014709312720473378
batch_town12_13_20260616_133533_resume_town13_r130_151659,166,Town13,HighwayExit,0,6,0,0,0,0.12849273519176396,-0.25315294814014894,-0.04102465605300312,-0.2343194250848423,0.6274822354316711,0.00253981102223938
batch_town12_13_20260616_133533_resume_town13_r130_151659,167,Town13,HighwayExit,0,6,0,0,0,0.08688580845373695,-0.31028020423531233,-0.04091257584311961,-0.2771223078860994,0.6277812719345093,0.0026212249613349337
batch_town12_13_20260616_133533_resume_town13_r130_151659,168,Town13,HighwayExit,0,0,0,1,1,0.0,0.0,0.0,0.0,0.6051848530769348,-0.002131743345497039
batch_town12_13_20260616_133533_resume_town13_r130_151659,170,Town13,HighwayExit,0,6,0,0,0,0.07471526527408501,-0.32002265787198486,-0.040256977597597415,-0.2867046475080211,0.6250424385070801,0.002814051825378694
batch_town12_13_20260616_133533_resume_town13_r130_151659,171,Town13,HighwayExit,0,0,0,1,1,0.0,0.0,0.0,0.0,0.586630642414093,-0.004010401963167709
batch_town12_13_20260616_133533_resume_town13_r130_151659,172,Town13,HighwayExit,0,0,0,1,1,0.0,0.0,0.0,0.0,0.5995996594429016,0.011989286153611722
batch_town12_13_20260616_133533_resume_town13_r130_151659,173,Town13,HighwayExit,0,1,0,0,0,0.00032148375300078413,-0.011588416916046146,0.0,-0.012760262299403441,0.5857296586036682,0.010415684197846886
batch_town12_13_20260616_133533_resume_town13_r130_151659,174,Town13,HighwayExit,0,1,0,0,0,0.08301388630758066,-0.07434839291191656,-0.012012456462344612,-0.04129376305892002,0.6030293703079224,0.007153857742860481
batch_town12_13_20260616_133533_resume_town13_r130_151659,175,Town13,HighwayExit,0,6,0,0,0,0.03336528484099044,-0.24656702750336343,-0.00675964902145873,-0.16952570394440153,0.609449028968811,0.003755313797655091
batch_town12_13_20260616_133533_resume_town13_r130_151659,176,Town13,HighwayExit,0,6,0,0,0,0.014001726137683468,-0.29880635522992444,-0.0028047355438132193,-0.20457938227204892,0.6177141666412354,0.0033263246945962055
batch_town12_13_20260616_133533_resume_town13_r130_151659,178,Town13,HighwayExit,0,6,0,0,0,0.013176799913336978,-0.3506284031046091,-0.02032414543002714,-0.3034993911180142,0.6116105318069458,0.0029238253857470364
batch_town12_13_20260616_133533_resume_town13_r130_151659,179,Town13,HighwayExit,0,6,0,0,0,0.037093673986318576,-0.33724805053012563,-0.008223481376201852,-0.26178089277806077,0.6096998453140259,0.0029290862233665726
batch_town12_13_20260616_133533_resume_town13_r130_151659,180,Town13,HighwayExit,0,6,0,0,0,0.1631656202656564,-0.2517074078946336,-0.004442872107787377,-0.19175774774405702,0.6016463041305542,0.002331930631602974
batch_town12_13_20260616_133533_resume_town13_r130_151659,181,Town13,HighwayExit,0,6,0,0,0,0.06009061604326327,-0.34973386943458895,-0.006183557515890392,-0.2708661420026558,0.5972506999969482,0.002155101759562017
batch_town12_13_20260616_133533_resume_town13_r130_151659,182,Town13,HighwayExit,0,6,0,0,0,0.06296871383440661,-0.17600966955083167,-0.016280612045892345,-0.1597023535738052,0.607716977596283,0.002569883988328414
batch_town12_13_20260616_133533_resume_town13_r130_151659,183,Town13,HighwayExit,0,6,0,0,0,0.16329256545123494,-0.34668482576064585,-0.009987015543961864,-0.27721048390007164,0.6120458245277405,0.0026857723429942193
batch_town12_13_20260616_133533_resume_town13_r130_151659,184,Town13,HighwayExit,0,6,0,0,0,0.09173809922296328,-0.280700674449358,-0.013880859235762794,-0.23227193774234509,0.6160205602645874,0.0032336021740257404
batch_town12_13_20260616_133533_resume_town13_r130_151659,185,Town13,HighwayExit,0,6,0,0,0,0.07136194689744202,-0.27547306688750056,-0.024999527598242588,-0.2496208253959734,0.617424726486206,0.0034367893614765666
batch_town12_13_20260616_133533_resume_town13_r130_151659,187,Town13,HighwayExit,0,6,0,0,0,0.17873248863478675,-0.2534525217520721,-0.0151105669449208,-0.20902218931663274,0.6167275905609131,0.00270001887631216
batch_town12_13_20260616_133533_resume_town13_r130_151659,188,Town13,HighwayExit,0,6,0,0,0,0.07810609434018545,-0.21796194093098062,-0.008248269725068785,-0.14857287204206948,0.6137717962265015,0.0037924185383892417
batch_town12_13_20260616_133533_resume_town13_r130_151659,189,Town13,HighwayExit,0,6,0,0,0,0.045418462118084646,-0.2840934318057833,-0.009001639091066549,-0.1952802621524796,0.6224026083946228,0.0036982190351754762
batch_town12_13_20260616_133533_resume_town13_r130_151659,190,Town13,HighwayExit,0,6,0,0,0,0.06290941634375002,-0.3020267903107435,-0.012758647885146523,-0.21965058830329248,0.6264100670814514,0.002974549232477919
batch_town12_13_20260616_133533_resume_town13_r143_152209,0,Town13,MergerIntoSlowTrafficV2,0,6,0,0,0,0.014871330190686427,-0.3243800239467621,0.0,-0.20880001773834228,1.133192108682124e-05,0.016355864909941786
batch_town12_13_20260616_133533_resume_town13_r143_152209,2,Town13,MergerIntoSlowTrafficV2,0,6,0,0,0,0.01472998290060512,-0.5625199706459046,0.0,-0.38519997825622554,1.1935910151805729e-05,0.01683648098049062
batch_town12_13_20260616_133533_resume_town13_r143_152209,3,Town13,MergerIntoSlowTrafficV2,0,6,0,0,0,0.014706572722266165,-0.6046400000000001,0.0,-0.4164,1.2446213986549992e-05,0.016990057208715825
batch_town12_13_20260616_133533_resume_town13_r143_152209,5,Town13,MergerIntoSlowTrafficV2,0,6,0,0,0,0.014000799899453353,-0.11679268538576283,0.0,-0.05503161880426875,1.324353252130095e-05,0.015242471716988781
batch_town12_13_20260616_133533_resume_town13_r143_152209,6,Town13,MergerIntoSlowTrafficV2,0,6,0,0,0,0.013475695021077483,-0.1259450224805384,0.0,-0.06181112776336177,1.374697149003623e-05,0.014858810585698379
batch_town12_13_20260616_133533_resume_town13_r143_152209,8,Town13,MergerIntoSlowTrafficV2,0,6,0,0,0,0.014021334340662106,-0.13227022841135014,0.0,-0.07724292465609789,1.387216161674587e-05,0.014717167837830836
batch_town12_13_20260616_133533_resume_town13_r143_152209,9,Town13,MergerIntoSlowTrafficV2,0,0,0,1,1,0.0,0.0,0.0,0.0,0.022744160145521164,-0.0016151961042423224
batch_town12_13_20260616_133533_resume_town13_r143_152209,11,Town13,MergerIntoSlowTrafficV2,0,1,0,0,0,0.0010745402492327027,-0.0016799999773502439,0.0,0.0,0.011796727776527405,0.000231618610313733
batch_town12_13_20260616_133533_resume_town13_r143_152209,12,Town13,MergerIntoSlowTrafficV2,0,2,0,0,0,0.00354773513857376,-0.02017717556945387,-0.0007774531106511523,-0.01235065126419066,0.010556822642683983,0.0008459780251102167
batch_town12_13_20260616_133533_resume_town13_r143_152209,22,Town13,MergerIntoSlowTrafficV2,0,2,0,0,0,0.001697765611066604,-0.0024337748717516705,0.0,0.0,0.014854651875793934,0.0005683479906859468
batch_town12_13_20260616_133533_resume_town13_r143_152209,23,Town13,MergerIntoSlowTrafficV2,0,1,0,0,0,0.0010154915856515068,-0.0013199999928474315,0.0,0.0,0.015081940218806267,0.0005523141323153791
batch_town12_13_20260616_133533_resume_town13_r143_152209,25,Town13,MergerIntoSlowTrafficV2,0,4,0,0,0,0.0053260600706467875,-0.055378438340330544,-0.002745176627148335,-0.039605057716369574,0.01549521367996931,0.0029465534254055625
batch_town12_13_20260616_133533_resume_town13_r143_152209,26,Town13,MergerIntoSlowTrafficV2,0,5,0,0,0,0.00033733050503087503,-0.07632491278764558,-0.004525675455874997,-0.06384876394271843,0.02027139440178871,0.0025111709315894237
batch_town12_13_20260616_133533_resume_town13_r143_152209,28,Town13,MergerIntoSlowTrafficV2,0,1,0,0,0,3.100202802208685e-05,-4.0000001899909154e-05,0.0,0.0,0.02364581637084484,0.0009235173663826313
batch_town12_13_20260616_133533_resume_town13_r143_152209,29,Town13,MergerIntoSlowTrafficV2,0,0,0,1,1,0.0,0.0,0.0,0.0,0.025964586064219475,0.0011068145458759115
batch_town12_13_20260616_133533_resume_town13_r143_152209,31,Town13,MergerIntoSlowTrafficV2,0,0,0,1,1,0.0,0.0,0.0,0.0,0.03060869500041008,0.001615807000308056
batch_town12_13_20260616_133533_resume_town13_r143_152209,32,Town13,MergerIntoSlowTrafficV2,0,0,0,1,1,0.0,0.0,0.0,0.0,0.02527274750173092,0.0014126291774441135
batch_town12_13_20260616_133533_resume_town13_r143_152209,34,Town13,MergerIntoSlowTrafficV2,0,3,0,0,0,0.0020246837305454846,-0.05347875187993034,0.0,-0.035153829574584905,0.027433764189481735,0.002936991807613809
batch_town12_13_20260616_133533_resume_town13_r143_152209,35,Town13,MergerIntoSlowTrafficV2,0,0,0,1,1,0.0,0.0,0.0,0.0,0.029055766761302948,0.001802036231954629
batch_town12_13_20260616_133533_resume_town13_r143_152209,37,Town13,MergerIntoSlowTrafficV2,0,1,0,0,0,4.167523099041226e-05,-0.00024000000208612704,0.0,0.0,0.025052107870578766,0.0010481886734408086
batch_town12_13_20260616_133533_resume_town13_r143_152209,38,Town13,MergerIntoSlowTrafficV2,0,0,0,1,1,0.0,0.0,0.0,0.0,0.024865346029400826,0.0007927734993138369
batch_town12_13_20260616_133533_resume_town13_r143_152209,40,Town13,MergerIntoSlowTrafficV2,0,4,0,0,0,0.0004471107042491318,-0.02222308970540743,0.0,-0.008798478126525788,0.03120492957532406,0.002260628292486855
batch_town12_13_20260616_133533_resume_town13_r143_152209,41,Town13,MergerIntoSlowTrafficV2,0,2,0,0,0,0.0019263752470005668,-0.003415198400616548,0.0,0.0,0.03338499367237091,0.002820570139724976
batch_town12_13_20260616_133533_resume_town13_r143_152209,43,Town13,MergerIntoSlowTrafficV2,0,0,0,1,1,0.0,0.0,0.0,0.0,0.03383547440171242,0.003190184203398061
batch_town12_13_20260616_133533_resume_town13_r143_152209,45,Town13,MergerIntoSlowTrafficV2,0,2,0,0,0,4.578386196163464e-06,-0.0007199999690055137,0.0,0.0,0.033802468329668045,0.0030678375613878983
batch_town12_13_20260616_133533_resume_town13_r143_152209,46,Town13,MergerIntoSlowTrafficV2,0,1,0,0,0,0.00032670245458665814,-0.0005999999865888839,0.0,0.0,0.034321244806051254,0.0036645080207279856
batch_town12_13_20260616_133533_resume_town13_r143_152209,48,Town13,MergerIntoSlowTrafficV2,0,0,0,1,1,0.0,0.0,0.0,0.0,0.028461884707212448,0.0033669587608350926
batch_town12_13_20260616_133533_resume_town13_r143_152209,49,Town13,MergerIntoSlowTrafficV2,0,2,0,0,0,0.009422015112754645,-0.01853224193602787,0.0,-0.006061501979827799,0.023805640637874603,0.0032180854281428917
batch_town12_13_20260616_133533_resume_town13_r143_152209,51,Town13,MergerIntoSlowTrafficV2,0,0,0,1,1,0.0,0.0,0.0,0.0,0.033049050718545914,0.00522736312976213
batch_town12_13_20260616_133533_resume_town13_r143_152209,52,Town13,MergerIntoSlowTrafficV2,0,3,0,0,0,0.019538662035230026,-0.020123022403568003,0.0,0.0,0.0278727188706398,0.007268763846008053
batch_town12_13_20260616_133533_resume_town13_r143_152209,54,Town13,MergerIntoSlowTrafficV2,0,4,0,0,0,0.005930164716067665,-0.012300000004470402,0.0,0.0,0.03144174441695213,0.005839710094837303
batch_town12_13_20260616_133533_resume_town13_r143_152209,55,Town13,MergerIntoSlowTrafficV2,0,5,0,0,0,0.006770638161637921,-0.016673717021476575,0.0,0.0,0.030082587152719498,0.007101189807892538
batch_town12_13_20260616_133533_resume_town13_r143_152209,57,Town13,MergerIntoSlowTrafficV2,0,0,0,1,1,0.0,0.0,0.0,0.0,0.030873527750372887,0.004768465221822282
batch_town12_13_20260616_133533_resume_town13_r143_152209,58,Town13,MergerIntoSlowTrafficV2,0,0,0,1,1,0.0,0.0,0.0,0.0,0.031454626470804214,0.004738362569992827
batch_town12_13_20260616_133533_resume_town13_r143_152209,60,Town13,MergerIntoSlowTrafficV2,0,0,0,1,1,0.0,0.0,0.0,0.0,0.03974087908864021,0.004205455582743989
batch_town12_13_20260616_133533_resume_town13_r143_152209,61,Town13,MergerIntoSlowTrafficV2,0,0,0,1,1,0.0,0.0,0.0,0.0,0.04164992272853851,0.004057619284403291
batch_town12_13_20260616_133533_resume_town13_r143_152209,63,Town13,MergerIntoSlowTrafficV2,0,1,0,0,0,0.004658891261332565,-0.014934932161122738,0.0,-0.015951529145240784,0.02603263221681118,0.002366433515517352
batch_town12_13_20260616_133533_resume_town13_r143_152209,64,Town13,MergerIntoSlowTrafficV2,0,2,0,0,0,0.00918810793881003,-0.20651431829682088,0.0,-0.15271249866743963,0.03635792434215546,0.0039048360962183337
batch_town12_13_20260616_133533_resume_town13_r143_152209,66,Town13,MergerIntoSlowTrafficV2,0,1,0,0,0,0.008744984150196089,-0.03345843141211369,0.0,-0.024405302861099543,0.02925032563507557,0.0025249327538902633
batch_town12_13_20260616_133533_resume_town13_r143_152209,67,Town13,MergerIntoSlowTrafficV2,0,0,0,1,1,0.0,0.0,0.0,0.0,0.026847438886761665,0.002053092752762442
batch_town12_13_20260616_133533_resume_town13_r143_152209,69,Town13,MergerIntoSlowTrafficV2,0,2,0,0,0,0.0015267420301320334,-0.029358632415533048,0.0,-0.021125045418739274,0.03653411194682121,0.00263521977455744
batch_town12_13_20260616_133533_resume_town13_r143_152209,70,Town13,MergerIntoSlowTrafficV2,0,1,0,0,0,0.0032797542865553586,-0.021379075422882865,0.0,-0.011814022064208896,0.0412970632314682,0.0029576233972066768
batch_town12_13_20260616_133533_resume_town13_r143_152209,72,Town13,MergerIntoSlowTrafficV2,0,5,0,0,0,0.03842232532405804,-0.021332091689109767,0.0,0.0,0.05007417872548103,0.0029067413826033284
batch_town12_13_20260616_133533_resume_town13_r143_152209,73,Town13,MergerIntoSlowTrafficV2,0,6,0,0,0,0.01751495851806939,-0.6286875571155546,0.0,-0.4163999999999999,0.06090746819972992,-0.005940613380800208
batch_town12_13_20260616_133533_resume_town13_r143_152209,75,Town13,MergerIntoSlowTrafficV2,0,0,0,1,1,0.0,0.0,0.0,0.0,0.041622865945100784,5.561790650698839e-06
batch_town12_13_20260616_133533_resume_town13_r143_152209,76,Town13,MergerIntoSlowTrafficV2,0,2,0,0,0,0.0026414004847016836,-0.04025941503273045,0.0,-0.0678376746194348,0.07058979570865631,0.002919848058405783
batch_town12_13_20260616_133533_resume_town13_r143_152209,78,Town13,MergerIntoSlowTrafficV2,0,2,0,0,0,0.04469964118103853,-0.06988559666123062,0.0,-0.0931368292691242,0.046545032411813736,0.006079072681419939
batch_town12_13_20260616_133533_resume_town13_r143_152209,80,Town13,MergerIntoSlowTrafficV2,0,0,0,1,1,0.0,0.0,0.0,0.0,0.0237248744815588,0.021749041372984834
batch_town12_13_20260616_133533_resume_town13_r143_152209,81,Town13,MergerIntoSlowTrafficV2,0,5,0,0,0,0.004236157991554634,-0.45561227980830643,0.06995199322700502,-0.1589985011063858,0.041094306856393814,0.04772369040739477
batch_town12_13_20260616_133533_resume_town13_r143_152209,83,Town13,MergerIntoSlowTrafficV2,0,6,0,0,0,0.07109477266455233,-1.129678869589371,0.03983933925628663,-0.7502293527451581,0.017398426309227943,0.02404395250638558
batch_town12_13_20260616_133533_resume_town13_r143_152209,84,Town13,MergerIntoSlowTrafficV2,0,5,0,0,0,0.062403561677156105,-0.23085010057687771,0.046966326236724865,-0.06968785285949708,0.018537575379014015,0.01544805061992971
batch_town12_13_20260616_133533_resume_town13_r143_152209,86,Town13,MergerIntoSlowTrafficV2,0,0,0,1,1,0.0,0.0,0.0,0.0,0.022663051262497902,0.008152977504155778
batch_town12_13_20260616_133533_resume_town13_r143_152209,87,Town13,MergerIntoSlowTrafficV2,0,1,0,0,0,0.003529225289765625,-0.019533554119565144,0.0,-0.006098728812916843,0.0340641625225544,0.0002641880816200981
batch_town12_13_20260616_133533_resume_town13_r143_152209,89,Town13,MergerIntoSlowTrafficV2,0,1,0,0,0,0.005291885503301064,-0.10666244087500326,0.0,-0.07438394403665849,0.021007459610700607,-0.0013653837624478804
batch_town12_13_20260616_133533_resume_town13_r143_152209,90,Town13,MergerIntoSlowTrafficV2,0,0,0,1,1,0.0,0.0,0.0,0.0,0.018668122589588165,-0.0009341014593529096
batch_town12_13_20260616_133533_resume_town13_r143_152209,92,Town13,MergerIntoSlowTrafficV2,0,0,0,1,1,0.0,0.0,0.0,0.0,0.03166196867823601,0.00164438284989199
batch_town12_13_20260616_133533_resume_town13_r143_152209,93,Town13,MergerIntoSlowTrafficV2,0,0,0,1,1,0.0,0.0,0.0,0.0,0.02711383067071438,0.0035666241144506894
batch_town12_13_20260616_133533_resume_town13_r143_152209,95,Town13,MergerIntoSlowTrafficV2,0,0,0,1,1,0.0,0.0,0.0,0.0,0.05044330656528473,0.0035647671168716477
batch_town12_13_20260616_133533_resume_town13_r143_152209,96,Town13,MergerIntoSlowTrafficV2,0,0,0,1,1,0.0,0.0,0.0,0.0,0.07713358104228973,0.0026528005690353296
batch_town12_13_20260616_133533_resume_town13_r143_152209,98,Town13,MergerIntoSlowTrafficV2,0,5,0,0,0,0.022665668078888757,-0.3202795686013997,0.0,-0.2395000915974378,0.08684665709733963,0.00332345407413287
batch_town12_13_20260616_133533_resume_town13_r143_152209,99,Town13,MergerIntoSlowTrafficV2,0,0,0,1,1,0.0,0.0,0.0,0.0,0.09754946082830429,0.00460777752631758
batch_town12_13_20260616_133533_resume_town13_r143_152209,101,Town13,MergerIntoSlowTrafficV2,0,0,0,1,1,0.0,0.0,0.0,0.0,0.0728422999382019,0.004022624197802305
batch_town12_13_20260616_133533_resume_town13_r143_152209,102,Town13,MergerIntoSlowTrafficV2,0,0,0,1,1,0.0,0.0,0.0,0.0,0.09054335951805115,0.0037137117140700338
batch_town12_13_20260616_133533_resume_town13_r143_152209,104,Town13,MergerIntoSlowTrafficV2,0,5,0,0,0,0.0035218937506377723,-0.23107417205348602,0.0,-0.1728067781776189,0.07999685406684875,0.0025052882854008085
batch_town12_13_20260616_133533_resume_town13_r143_152209,105,Town13,MergerIntoSlowTrafficV2,0,5,0,0,0,0.008334649005402761,-0.24268576163798572,0.0,-0.1819612871855497,0.07385753095149994,0.002446929116400154
batch_town12_13_20260616_133533_resume_town13_r143_152209,107,Town13,MergerIntoSlowTrafficV2,0,0,0,1,1,0.0,0.0,0.0,0.0,0.05443486198782921,0.0014189660060965892
batch_town12_13_20260616_133533_resume_town13_r143_152209,108,Town13,MergerIntoSlowTrafficV2,0,2,0,0,0,0.043156761024445656,-0.07065241977572434,0.0,-0.0546959072351455,0.0713224783539772,0.0011263020638891952
batch_town12_13_20260616_133533_resume_town13_r143_152209,110,Town13,MergerIntoSlowTrafficV2,0,5,0,0,0,0.0014448457425801364,-0.23596289286040728,0.0,-0.18070775007363415,0.08610555529594421,0.0025061172386317554
batch_town12_13_20260616_133533_resume_town13_r143_152209,111,Town13,MergerIntoSlowTrafficV2,0,0,0,1,1,0.0,0.0,0.0,0.0,0.09387601912021637,0.0032859798068002877
batch_town12_13_20260616_133533_resume_town13_r143_152209,113,Town13,MergerIntoSlowTrafficV2,0,0,0,1,1,0.0,0.0,0.0,0.0,0.08913448452949524,0.0031636344758322887
batch_town12_13_20260616_133533_resume_town13_r143_152209,115,Town13,MergerIntoSlowTrafficV2,0,0,0,1,1,0.0,0.0,0.0,0.0,0.11863264441490173,0.002550655494788334
batch_town12_13_20260616_133533_resume_town13_r143_152209,116,Town13,MergerIntoSlowTrafficV2,0,1,0,0,0,0.002486656780106733,-0.046377674937248314,0.0,-0.027889657020568892,0.09048670530319214,0.004872006275036034
batch_town12_13_20260616_133533_resume_town13_r143_152209,118,Town13,MergerIntoSlowTrafficV2,0,2,0,0,0,0.023815677986662065,-0.16908297345482382,0.0,-0.12143029857890886,0.10088353604078293,0.0016420314021254878
batch_town12_13_20260616_133533_resume_town13_r143_152209,119,Town13,MergerIntoSlowTrafficV2,0,4,0,0,0,0.017036384482279787,-0.19559748804061616,0.0,-0.14313957032957947,0.1016663908958435,0.0016737221005986846
batch_town12_13_20260616_133533_resume_town13_r143_152209,121,Town13,MergerIntoSlowTrafficV2,0,0,0,1,1,0.0,0.0,0.0,0.0,0.06723780930042267,0.0005800790086751828
batch_town12_13_20260616_133533_resume_town13_r143_152209,122,Town13,MergerIntoSlowTrafficV2,0,1,0,0,0,0.00799111209132608,-0.1471590597855189,0.0,-0.10854425595330142,0.08922158926725388,0.0013858580710444102
batch_town12_13_20260616_133533_resume_town13_r143_152209,124,Town13,MergerIntoSlowTrafficV2,0,5,0,0,0,0.04407007901787585,-0.1514503210560426,0.0,-0.1090646623848357,0.11204387247562408,0.002137660029199351
batch_town12_13_20260616_133533_resume_town13_r143_152209,125,Town13,MergerIntoSlowTrafficV2,0,0,0,1,1,0.0,0.0,0.0,0.0,0.1181899756193161,0.0013417591076585467
batch_town12_13_20260616_133533_resume_town13_r143_152209,127,Town13,MergerIntoSlowTrafficV2,0,0,0,1,1,0.0,0.0,0.0,0.0,0.09665965288877487,0.006177907280557671
batch_town12_13_20260616_133533_resume_town13_r143_152209,128,Town13,MergerIntoSlowTrafficV2,0,5,0,0,0,0.0033427984787234855,-0.1450728031364269,0.0,-0.1122110079508275,0.10495410859584808,0.002252611831530915
batch_town12_13_20260616_133533_resume_town13_r143_152209,130,Town13,MergerIntoSlowTrafficV2,0,0,0,1,1,0.0,0.0,0.0,0.0,0.13630516827106476,0.0035124601867280725
batch_town12_13_20260616_133533_resume_town13_r143_152209,131,Town13,MergerIntoSlowTrafficV2,0,0,0,1,1,0.0,0.0,0.0,0.0,0.09720224887132645,0.0031407484555930343
batch_town12_13_20260616_133533_resume_town13_r143_152209,133,Town13,MergerIntoSlowTrafficV2,0,0,0,1,1,0.0,0.0,0.0,0.0,0.1536562144756317,0.002516771048191757
batch_town12_13_20260616_133533_resume_town13_r143_152209,134,Town13,MergerIntoSlowTrafficV2,0,0,0,1,1,0.0,0.0,0.0,0.0,0.16017866134643555,0.002887400514020644
batch_town12_13_20260616_133533_resume_town13_r143_152209,136,Town13,MergerIntoSlowTrafficV2,0,0,0,1,1,0.0,0.0,0.0,0.0,0.12503793835639954,0.0009618881992634609
batch_town12_13_20260616_133533_resume_town13_r143_152209,137,Town13,MergerIntoSlowTrafficV2,0,0,0,1,1,0.0,0.0,0.0,0.0,0.10016699880361557,0.001234081716418256
batch_town12_13_20260616_133533_resume_town13_r143_152209,139,Town13,MergerIntoSlowTrafficV2,0,4,0,0,0,0.013723691280180639,-0.237257965749905,0.0,-0.17848947173938745,0.14791631698608398,0.0018330240245363338
batch_town12_13_20260616_133533_resume_town13_r143_152209,140,Town13,MergerIntoSlowTrafficV2,0,2,0,0,0,0.02831033058894472,-0.022608550971529806,0.0,-0.014521962651339537,0.1275106966495514,0.0018048615278174474
batch_town12_13_20260616_133533_resume_town13_r143_152209,142,Town13,MergerIntoSlowTrafficV2,0,4,0,0,0,0.015163486067285181,-0.2815997543832859,0.0,-0.21644578131085557,0.10463529080152512,0.001568434177347644
batch_town12_13_20260616_133533_resume_town13_r143_152209,143,Town13,MergerIntoSlowTrafficV2,0,1,0,0,0,0.018197034053994254,-0.007930497735285091,0.0,-0.006134828527432412,0.10545645654201508,0.0005417913333258806
batch_town12_13_20260616_133533_resume_town13_r143_152209,145,Town13,MergerIntoSlowTrafficV2,0,0,0,1,1,0.0,0.0,0.0,0.0,0.13542382419109344,0.0007498713301317128
batch_town12_13_20260616_133533_resume_town13_r143_152209,147,Town13,MergerIntoSlowTrafficV2,0,0,0,1,1,0.0,0.0,0.0,0.0,0.10647325962781906,0.000710236278021581
batch_town12_13_20260616_133533_resume_town13_r143_152209,148,Town13,MergerIntoSlowTrafficV2,0,0,0,1,1,0.0,0.0,0.0,0.0,0.11275807023048401,0.0006323513834931571
batch_town12_13_20260616_133533_resume_town13_r143_152209,150,Town13,MergerIntoSlowTrafficV2,0,0,0,1,1,0.0,0.0,0.0,0.0,0.17544272541999817,0.006280719581620131
batch_town12_13_20260616_133533_resume_town13_r143_152209,151,Town13,MergerIntoSlowTrafficV2,0,2,0,0,0,0.010160957645207969,-0.15866283460728747,0.0,-0.08158249512331295,0.20950020849704742,0.004816293725580456
batch_town12_13_20260616_133533_resume_town13_r143_152209,153,Town13,MergerIntoSlowTrafficV2,0,5,0,0,0,0.016247578827484677,-0.2534953305241652,0.0,-0.19304134803824124,0.12851420044898987,0.003444376175186281
batch_town12_13_20260616_133533_resume_town13_r143_152209,154,Town13,MergerIntoSlowTrafficV2,0,0,0,1,1,0.0,0.0,0.0,0.0,0.12548071146011353,0.0013952024304204613
batch_town12_13_20260616_133533_resume_town13_r143_152209,156,Town13,MergerIntoSlowTrafficV2,0,5,0,0,0,0.007700874240119615,-0.07242961171083151,0.0,-0.05337983984500172,0.14727090299129486,0.0034669925889691533
batch_town12_13_20260616_133533_resume_town13_r143_152209,157,Town13,MergerIntoSlowTrafficV2,0,3,0,0,0,0.06931385942289997,-0.21250786073505878,0.0,-0.15355121344327927,0.16214843094348907,0.003268136242014441
batch_town12_13_20260616_133533_resume_town13_r143_152209,159,Town13,MergerIntoSlowTrafficV2,0,2,0,0,0,0.04153843836043358,-0.3148193134739994,0.0,-0.23440360948443406,0.19284433126449585,0.006055649227539428
batch_town12_13_20260616_133533_resume_town13_r143_152209,160,Town13,MergerIntoSlowTrafficV2,0,2,0,0,0,0.006535598532466436,-0.30931134723126896,0.0,-0.23527023792266843,0.22183173894882202,0.002334050399489973
batch_town12_13_20260616_133533_resume_town13_r143_152209,162,Town13,MergerIntoSlowTrafficV2,0,5,0,0,0,0.03409075218659341,-0.01482098095119011,0.0,0.0,0.19958916306495667,0.01316940539936251
batch_town12_13_20260616_133533_resume_town13_r143_152209,163,Town13,MergerIntoSlowTrafficV2,0,5,0,0,0,0.030844197637609927,-0.01945206679403766,0.0,0.0,0.19013002514839172,0.0044969888447310424
batch_town12_13_20260616_133533_resume_town13_r143_152209,165,Town13,MergerIntoSlowTrafficV2,0,5,0,0,0,0.12330696341407554,-0.025106210401281803,0.0,0.0,0.21935974061489105,0.004036528174532039
batch_town12_13_20260616_133533_resume_town13_r143_152209,166,Town13,MergerIntoSlowTrafficV2,0,6,0,0,0,0.08544328828542103,-0.18037189175609925,0.0,-0.08697714754037067,0.25955894589424133,-0.0056530905967919765
batch_town12_13_20260616_133533_resume_town13_r143_152209,168,Town13,MergerIntoSlowTrafficV2,0,5,0,0,0,0.1923541667520965,-0.030639998912811217,0.0,0.0,0.10097301751375198,0.03851510405615244
batch_town12_13_20260616_133533_resume_town13_r143_152209,169,Town13,MergerIntoSlowTrafficV2,0,5,0,0,0,0.17888795037620397,-0.03818466424942013,0.0,0.0,0.10210258513689041,0.03856109991025747
batch_town12_13_20260616_133533_resume_town13_r143_152209,171,Town13,MergerIntoSlowTrafficV2,0,0,0,1,1,0.0,0.0,0.0,0.0,0.14484861493110657,0.005672118451298447
batch_town12_13_20260616_133533_resume_town13_r143_152209,172,Town13,MergerIntoSlowTrafficV2,0,0,0,1,1,0.0,0.0,0.0,0.0,0.15845853090286255,0.0034700999461889093
batch_town12_13_20260616_133533_resume_town13_r143_152209,174,Town13,MergerIntoSlowTrafficV2,0,4,0,0,0,0.013765914012041636,-0.21637965749949206,0.0,-0.17173928096890445,0.18949252367019653,0.00013145049400375974
batch_town12_13_20260616_133533_resume_town13_r143_152209,175,Town13,MergerIntoSlowTrafficV2,0,5,0,0,0,0.048974416974187474,-0.36146658162586387,0.0,-0.27911941409111024,0.1485741287469864,-0.001014703956994989
batch_town12_13_20260616_133533_resume_town13_r143_152209,177,Town13,MergerIntoSlowTrafficV2,0,0,0,1,1,0.0,0.0,0.0,0.0,0.058530669659376144,-0.0026833268775350305
batch_town12_13_20260616_133533_resume_town13_r143_152209,178,Town13,MergerIntoSlowTrafficV2,0,0,0,1,1,0.0,0.0,0.0,0.0,0.04379529878497124,-0.0030327499554281268
batch_town12_13_20260616_133533_resume_town13_r143_152209,180,Town13,MergerIntoSlowTrafficV2,0,0,0,1,1,0.0,0.0,0.0,0.0,0.08745507150888443,-0.0034684650793703753
batch_town12_13_20260616_133533_resume_town13_r143_152209,182,Town13,MergerIntoSlowTrafficV2,0,4,0,0,0,0.023640710839083923,-0.13302224278450003,0.0,-0.10841614753007889,0.12497252970933914,-0.0011780137368271326
batch_town12_13_20260616_133533_resume_town13_r143_152209,183,Town13,MergerIntoSlowTrafficV2,0,1,0,0,0,0.01238717644592624,-0.13727750010788442,0.0,-0.11585000008344659,0.17255671322345734,-0.002163739516794383
batch_town12_13_20260616_133533_resume_town13_r143_152209,185,Town13,MergerIntoSlowTrafficV2,0,0,0,1,1,0.0,0.0,0.0,0.0,0.1570584625005722,-0.0005525537280304249
batch_town12_13_20260616_133533_resume_town13_r143_152209,186,Town13,MergerIntoSlowTrafficV2,0,0,0,1,1,0.0,0.0,0.0,0.0,0.17846958339214325,-0.0009851047453564021
batch_town12_13_20260616_133533_resume_town13_r143_152209,188,Town13,MergerIntoSlowTrafficV2,0,1,0,0,0,0.03706722401728135,-0.0476825005933641,0.0,-0.04655000045895563,0.20077785849571228,0.0015130078096672328
batch_town12_13_20260616_133533_resume_town13_r143_152209,189,Town13,MergerIntoSlowTrafficV2,0,1,0,0,0,0.04206603557664712,-0.010799362994730277,0.0,-0.013978400081396058,0.17748640477657318,0.00031892727591498193
batch_town12_13_20260616_133533_resume_town13_r143_152209,191,Town13,MergerIntoSlowTrafficV2,0,3,0,0,0,0.06857033342872687,-0.23443413541186597,0.0,-0.19099877877160898,0.16965411603450775,0.0009072746777245566
batch_town12_13_20260616_133533_resume_town13_r143_152209,192,Town13,MergerIntoSlowTrafficV2,0,2,0,0,0,0.008007976317304877,-0.2005197212845089,0.0,-0.15172630101442341,0.16281825304031372,-7.09982021254163e-05
batch_town12_13_20260616_133533_resume_town13_r143_152209,194,Town13,MergerIntoSlowTrafficV2,0,0,0,1,1,0.0,0.0,0.0,0.0,0.13594214618206024,-0.00036527922119589107
batch_town12_13_20260616_133533_resume_town13_r143_152209,195,Town13,MergerIntoSlowTrafficV2,0,2,0,0,0,0.20024705208341276,-0.0035800004005430708,0.0,0.0,0.149497851729393,-0.002675459875385755
batch_town12_13_20260616_133533_resume_town13_r143_152209,197,Town13,MergerIntoSlowTrafficV2,0,1,0,0,0,0.026783301854430785,-0.0019709936529399563,0.0,0.0,0.1618267297744751,0.0010683871508903042
batch_town12_13_20260616_133533_resume_town13_r143_152209,198,Town13,MergerIntoSlowTrafficV2,0,1,0,0,0,0.014492292374785276,-0.003109872612757858,-0.0008625685954962159,0.0,0.10004294663667679,0.004453948454246515
batch_town12_13_20260616_133533_resume_town13_r143_152209,200,Town13,MergerIntoSlowTrafficV2,0,1,0,0,0,0.25447714224206,-0.01278912303455082,0.02214627675483588,0.0,0.10466723889112473,0.00425673362572665
batch_town12_13_20260616_133533_resume_town13_r143_152209,201,Town13,MergerIntoSlowTrafficV2,0,0,0,1,1,0.0,0.0,0.0,0.0,0.1482318490743637,0.0027856437891917163
batch_town12_13_20260616_133533_resume_town13_r143_152209,203,Town13,MergerIntoSlowTrafficV2,0,0,0,1,1,0.0,0.0,0.0,0.0,0.1305285543203354,-0.0023003332539976995
batch_town12_13_20260616_133533_resume_town13_r143_152209,204,Town13,MergerIntoSlowTrafficV2,0,5,0,0,0,0.186133443349636,-0.11266497292260058,0.04085413264186166,0.0,0.15010830760002136,-0.0070781949270903866
batch_town12_13_20260616_133533_resume_town13_r143_152209,206,Town13,MergerIntoSlowTrafficV2,0,3,0,0,0,0.025462247613857514,-0.09713525481230667,-0.0049463785438347285,-0.0937215440365291,0.17438359558582306,-0.0038518370322178086
batch_town12_13_20260616_133533_resume_town13_r143_152209,207,Town13,MergerIntoSlowTrafficV2,0,6,0,0,0,0.1059438852101664,-0.9418911048738479,0.07500000000000007,-0.5430674850917391,0.07994811981916428,0.018834378882951697
batch_town12_13_20260616_133533_resume_town13_r143_152209,209,Town13,MergerIntoSlowTrafficV2,0,3,0,0,0,0.06307605837776564,-0.0536155400721694,-0.0033668254365487593,-0.06103808141612056,0.11036965996026993,0.0017752726172244326
batch_town12_13_20260616_133533_resume_town13_r143_152209,210,Town13,MergerIntoSlowTrafficV2,0,5,0,0,0,0.24581430187947273,-0.14449770680198593,0.04441526086696268,-0.08393548425407249,0.09857608377933502,0.004824132072093867
batch_town12_13_20260616_133533_resume_town13_r143_152209,212,Town13,MergerIntoSlowTrafficV2,0,0,0,1,1,0.0,0.0,0.0,0.0,0.11064771562814713,0.009519334409681335
batch_town12_13_20260616_133533_resume_town13_r143_152209,213,Town13,MergerIntoSlowTrafficV2,0,4,0,0,0,0.07542441084707874,-0.08837574131113657,0.009422246122179678,-0.03215966202843512,0.11701290309429169,0.009649664736593344
batch_town12_13_20260616_133533_resume_town13_r143_152209,215,Town13,MergerIntoSlowTrafficV2,0,6,0,0,0,0.24307292692126214,-0.030057637690886096,0.07521094808551321,0.13205007827281956,0.14519552886486053,0.010675705063095009
batch_town12_13_20260616_133533_resume_town13_r143_152209,217,Town13,MergerIntoSlowTrafficV2,0,0,0,1,1,0.0,0.0,0.0,0.0,0.11760471761226654,0.0015082646464106286
batch_town12_13_20260616_133533_resume_town13_r143_152209,218,Town13,MergerIntoSlowTrafficV2,0,4,0,0,0,0.20796941386825996,-0.07256950634434922,0.09125471108389138,0.08961006933382587,0.11196388304233551,0.000707031154514759
batch_town12_13_20260616_133533_resume_town13_r143_152209,220,Town13,MergerIntoSlowTrafficV2,0,0,0,1,1,0.0,0.0,0.0,0.0,0.10255755484104156,-0.0008533787204152432
batch_town12_13_20260616_133533_resume_town13_r143_152209,221,Town13,MergerIntoSlowTrafficV2,0,0,0,1,1,0.0,0.0,0.0,0.0,0.09906306117773056,-0.001120658264248675
batch_town12_13_20260616_133533_resume_town13_r143_152209,223,Town13,MergerIntoSlowTrafficV2,0,0,0,1,1,0.0,0.0,0.0,0.0,0.12033697962760925,-0.0008909112354782422
batch_town12_13_20260616_133533_resume_town13_r143_152209,224,Town13,MergerIntoSlowTrafficV2,0,0,0,1,1,0.0,0.0,0.0,0.0,0.12983396649360657,-0.000859225968465438
batch_town12_13_20260616_133533_resume_town13_r143_152209,226,Town13,MergerIntoSlowTrafficV2,0,4,0,0,0,0.015550669746332124,-0.05812156596209128,0.0012663689898814723,-0.050241951875184654,0.11020049452781677,0.0005097460915932661
batch_town12_13_20260616_133533_resume_town13_r143_152209,227,Town13,MergerIntoSlowTrafficV2,0,0,0,1,1,0.0,0.0,0.0,0.0,0.09355506300926208,-0.00013247446751618597
batch_town12_13_20260616_133533_resume_town13_r143_152209,229,Town13,MergerIntoSlowTrafficV2,0,0,0,1,1,0.0,0.0,0.0,0.0,0.10875138640403748,0.00022512970077026573
batch_town12_13_20260616_133533_resume_town13_r143_152209,230,Town13,MergerIntoSlowTrafficV2,0,0,0,1,1,0.0,0.0,0.0,0.0,0.11779828369617462,-6.182427823064884e-05
batch_town12_13_20260616_133533_resume_town13_r143_152209,232,Town13,MergerIntoSlowTrafficV2,0,0,0,1,1,0.0,0.0,0.0,0.0,0.15993478894233704,0.0005304916482085087
batch_town12_13_20260616_133533_resume_town13_r143_152209,233,Town13,MergerIntoSlowTrafficV2,0,1,0,0,0,0.027656907258502228,-0.006849202099361157,0.012793532894681214,0.01608096671104431,0.1602194607257843,0.000601557625151683
batch_town12_13_20260616_133533_resume_town13_r143_152209,235,Town13,MergerIntoSlowTrafficV2,0,0,0,1,1,0.0,0.0,0.0,0.0,0.16810651123523712,0.0003251639034878018
batch_town12_13_20260616_133533_resume_town13_r143_152209,236,Town13,MergerIntoSlowTrafficV2,0,5,0,0,0,0.017324320282725347,-0.030805313223667613,0.010739594164851762,0.013500000000000012,0.14598339796066284,-0.0004479752658816949
batch_town12_13_20260616_133533_resume_town13_r143_152209,238,Town13,MergerIntoSlowTrafficV2,0,0,0,1,1,0.0,0.0,0.0,0.0,0.1583351194858551,0.0003737801562946341
batch_town12_13_20260616_133533_resume_town13_r143_152209,239,Town13,MergerIntoSlowTrafficV2,0,0,0,1,1,0.0,0.0,0.0,0.0,0.15956394374370575,0.0003708735758176651
batch_town12_13_20260616_133533_resume_town13_r143_152209,241,Town13,MergerIntoSlowTrafficV2,0,0,0,1,1,0.0,0.0,0.0,0.0,0.1564914584159851,8.85194818940338e-05
batch_town12_13_20260616_133533_resume_town13_r143_152209,242,Town13,MergerIntoSlowTrafficV2,0,0,0,1,1,0.0,0.0,0.0,0.0,0.1460752934217453,0.000763254261247237
batch_town12_13_20260616_133533_resume_town13_r143_152209,244,Town13,MergerIntoSlowTrafficV2,0,0,0,1,1,0.0,0.0,0.0,0.0,0.15418747067451477,-3.129295144344013e-06
batch_town12_13_20260616_133533_resume_town13_r143_152209,245,Town13,MergerIntoSlowTrafficV2,0,0,0,1,1,0.0,0.0,0.0,0.0,0.12160687893629074,-0.0006872992703663705
batch_town12_13_20260616_133533_resume_town13_r143_152209,247,Town13,MergerIntoSlowTrafficV2,0,1,0,0,0,0.18042057990320037,-0.010419656567932978,0.09181984736948623,0.13649999999999995,0.14105378091335297,0.0006199625969212086
batch_town12_13_20260616_133533_resume_town13_r143_152209,248,Town13,MergerIntoSlowTrafficV2,0,1,0,0,0,0.18883834647624442,-0.028534755687566804,0.10005766919377884,0.1365,0.13764426112174988,0.0005779011803495049
batch_town12_13_20260616_133533_resume_town13_r143_152209,250,Town13,MergerIntoSlowTrafficV2,0,2,0,0,0,0.19370582642090528,-0.06771249211670871,0.1173899964949241,0.13649999999999995,0.13755486905574799,0.0006788956278060976
